Xcode 26.6
Build version 17F113
Command line invocation:
    /Applications/Xcode_26.6.app/Contents/Developer/usr/bin/xcodebuild archive -project Reel.xcodeproj -scheme Reel -configuration Release -destination generic/platform=iOS -archivePath build/Reel.xcarchive -clonedSourcePackagesDirPath .spm CODE_SIGNING_ALLOWED=NO CODE_SIGNING_REQUIRED=NO CODE_SIGN_IDENTITY= MARKETING_VERSION=0.1.46 CURRENT_PROJECT_VERSION=46

Build settings from command line:
    CODE_SIGN_IDENTITY = 
    CODE_SIGNING_ALLOWED = NO
    CODE_SIGNING_REQUIRED = NO
    CURRENT_PROJECT_VERSION = 46
    MARKETING_VERSION = 0.1.46

Resolve Package Graph


Resolved source packages:
  ReelCore: /Users/runner/work/reel/reel/Packages/ReelCore
  AMSMB2: /Users/runner/work/reel/reel/Packages/AMSMB2 @ local
  vlckit-spm: https://github.com/tylerjonesio/vlckit-spm @ 3.6.0

note: Using codesigning identity override: 
ComputePackagePrebuildTargetDependencyGraph

Prepare packages

CreateBuildRequest

SendProjectDescription

CreateBuildOperation

ComputeTargetDependencyGraph
note: Building targets in dependency order
note: Target dependency graph (8 targets)
    Target 'Reel' in project 'Reel'
        ➜ Explicit dependency on target 'ReelCore' in project 'ReelCore'
        ➜ Explicit dependency on target 'VLCKitSPM' in project 'vlckit-spm'
    Target 'VLCKitSPM' in project 'vlckit-spm'
        ➜ Explicit dependency on target 'VLCKitSPM' in project 'vlckit-spm'
    Target 'VLCKitSPM' in project 'vlckit-spm' (no dependencies)
    Target 'ReelCore' in project 'ReelCore'
        ➜ Explicit dependency on target 'ReelCore' in project 'ReelCore'
        ➜ Explicit dependency on target 'AMSMB2' in project 'AMSMB2'
    Target 'ReelCore' in project 'ReelCore'
        ➜ Explicit dependency on target 'AMSMB2' in project 'AMSMB2'
    Target 'AMSMB2' in project 'AMSMB2'
        ➜ Explicit dependency on target 'AMSMB2' in project 'AMSMB2'
        ➜ Explicit dependency on target 'libsmb2' in project 'AMSMB2'
    Target 'AMSMB2' in project 'AMSMB2'
        ➜ Explicit dependency on target 'libsmb2' in project 'AMSMB2'
    Target 'libsmb2' in project 'AMSMB2' (no dependencies)

GatherProvisioningInputs

CreateBuildDescription

ExecuteExternalTool /Applications/Xcode_26.6.app/Contents/Developer/Toolchains/XcodeDefault.xctoolchain/usr/bin/clang -v -E -dM -arch arm64 -isysroot /Applications/Xcode_26.6.app/Contents/Developer/Platforms/iPhoneOS.platform/Developer/SDKs/iPhoneOS26.5.sdk -x c -c /dev/null

ExecuteExternalTool /Applications/Xcode_26.6.app/Contents/Developer/Toolchains/XcodeDefault.xctoolchain/usr/bin/swiftc --version

ExecuteExternalTool /Applications/Xcode_26.6.app/Contents/Developer/Toolchains/XcodeDefault.xctoolchain/usr/bin/ld -version_details

ExecuteExternalTool /Applications/Xcode_26.6.app/Contents/Developer/usr/bin/actool --print-asset-tag-combinations --output-format xml1 /Users/runner/work/reel/reel/Reel/Assets.xcassets

ExecuteExternalTool /Applications/Xcode_26.6.app/Contents/Developer/Toolchains/XcodeDefault.xctoolchain/usr/bin/clang -v -E -dM -isysroot /Applications/Xcode_26.6.app/Contents/Developer/Platforms/iPhoneOS.platform/Developer/SDKs/iPhoneOS26.5.sdk -x c -c /dev/null

ExecuteExternalTool /Applications/Xcode_26.6.app/Contents/Developer/usr/bin/actool --version --output-format xml1

Build description signature: b445a9a8bbede7f0e93961b931d45e09
Build description path: /Users/runner/Library/Developer/Xcode/DerivedData/Reel-eksnidxqjeiwfnbzsppehnrbqtac/Build/Intermediates.noindex/ArchiveIntermediates/Reel/IntermediateBuildFilesPath/XCBuildData/b445a9a8bbede7f0e93961b931d45e09.xcbuilddata
CreateBuildDirectory /Users/runner/Library/Developer/Xcode/DerivedData/Reel-eksnidxqjeiwfnbzsppehnrbqtac/Build/Intermediates.noindex/ArchiveIntermediates/Reel/InstallationBuildProductsLocation
    cd /Users/runner/work/reel/reel/Reel.xcodeproj
    builtin-create-build-directory /Users/runner/Library/Developer/Xcode/DerivedData/Reel-eksnidxqjeiwfnbzsppehnrbqtac/Build/Intermediates.noindex/ArchiveIntermediates/Reel/InstallationBuildProductsLocation

CreateBuildDirectory /Users/runner/Library/Developer/Xcode/DerivedData/Reel-eksnidxqjeiwfnbzsppehnrbqtac/Build/Intermediates.noindex/ArchiveIntermediates/Reel/IntermediateBuildFilesPath
    cd /Users/runner/work/reel/reel/Reel.xcodeproj
    builtin-create-build-directory /Users/runner/Library/Developer/Xcode/DerivedData/Reel-eksnidxqjeiwfnbzsppehnrbqtac/Build/Intermediates.noindex/ArchiveIntermediates/Reel/IntermediateBuildFilesPath

CreateBuildDirectory /Users/runner/Library/Developer/Xcode/DerivedData/Reel-eksnidxqjeiwfnbzsppehnrbqtac/Build/Intermediates.noindex/ArchiveIntermediates/Reel/BuildProductsPath
    cd /Users/runner/work/reel/reel/Reel.xcodeproj
    builtin-create-build-directory /Users/runner/Library/Developer/Xcode/DerivedData/Reel-eksnidxqjeiwfnbzsppehnrbqtac/Build/Intermediates.noindex/ArchiveIntermediates/Reel/BuildProductsPath

SignatureCollection /Users/runner/Library/Developer/Xcode/DerivedData/Reel-eksnidxqjeiwfnbzsppehnrbqtac/Build/Intermediates.noindex/ArchiveIntermediates/Reel/BuildProductsPath/Release-iphoneos/VLCKit-all.xcframework-ios.signature
    cd /Users/runner/work/reel/reel/Reel.xcodeproj
    builtin-collectSignature --input /Users/runner/work/reel/reel/.spm/artifacts/vlckit-spm/VLCKit-all/VLCKit-all.xcframework --output /Users/runner/Library/Developer/Xcode/DerivedData/Reel-eksnidxqjeiwfnbzsppehnrbqtac/Build/Intermediates.noindex/ArchiveIntermediates/Reel/BuildProductsPath/Release-iphoneos/VLCKit-all.xcframework-ios.signature --info platform ios --info library MobileVLCKit.framework

ClangStatCache /Applications/Xcode_26.6.app/Contents/Developer/Toolchains/XcodeDefault.xctoolchain/usr/bin/clang-stat-cache /Applications/Xcode_26.6.app/Contents/Developer/Platforms/iPhoneOS.platform/Developer/SDKs/iPhoneOS26.5.sdk /Users/runner/Library/Developer/Xcode/DerivedData/SDKStatCaches.noindex/iphoneos26.5-23F81a-688ef53f1462e2c8f657fdc38a81448fee66e23052a0157c865c76b268046726.sdkstatcache
    cd /Users/runner/work/reel/reel/Reel.xcodeproj
    /Applications/Xcode_26.6.app/Contents/Developer/Toolchains/XcodeDefault.xctoolchain/usr/bin/clang-stat-cache /Applications/Xcode_26.6.app/Contents/Developer/Platforms/iPhoneOS.platform/Developer/SDKs/iPhoneOS26.5.sdk -o /Users/runner/Library/Developer/Xcode/DerivedData/SDKStatCaches.noindex/iphoneos26.5-23F81a-688ef53f1462e2c8f657fdc38a81448fee66e23052a0157c865c76b268046726.sdkstatcache

WriteAuxiliaryFile /Users/runner/Library/Developer/Xcode/DerivedData/Reel-eksnidxqjeiwfnbzsppehnrbqtac/Build/Intermediates.noindex/ArchiveIntermediates/Reel/IntermediateBuildFilesPath/Reel.build/Release-iphoneos/Reel-28db70d7f94fe7f43afdcd020dc19cb7-VFS-iphoneos/all-product-headers.yaml
    cd /Users/runner/work/reel/reel/Reel.xcodeproj
    write-file /Users/runner/Library/Developer/Xcode/DerivedData/Reel-eksnidxqjeiwfnbzsppehnrbqtac/Build/Intermediates.noindex/ArchiveIntermediates/Reel/IntermediateBuildFilesPath/Reel.build/Release-iphoneos/Reel-28db70d7f94fe7f43afdcd020dc19cb7-VFS-iphoneos/all-product-headers.yaml

CreateBuildDirectory /Users/runner/Library/Developer/Xcode/DerivedData/Reel-eksnidxqjeiwfnbzsppehnrbqtac/Build/Intermediates.noindex/ArchiveIntermediates/Reel/IntermediateBuildFilesPath/SwiftExplicitPrecompiledModules
    cd /Users/runner/work/reel/reel/Reel.xcodeproj
    builtin-create-build-directory /Users/runner/Library/Developer/Xcode/DerivedData/Reel-eksnidxqjeiwfnbzsppehnrbqtac/Build/Intermediates.noindex/ArchiveIntermediates/Reel/IntermediateBuildFilesPath/SwiftExplicitPrecompiledModules

CreateBuildDirectory /Users/runner/Library/Developer/Xcode/DerivedData/Reel-eksnidxqjeiwfnbzsppehnrbqtac/Build/Intermediates.noindex/ArchiveIntermediates/Reel/IntermediateBuildFilesPath/ExplicitPrecompiledModules
    cd /Users/runner/work/reel/reel/Reel.xcodeproj
    builtin-create-build-directory /Users/runner/Library/Developer/Xcode/DerivedData/Reel-eksnidxqjeiwfnbzsppehnrbqtac/Build/Intermediates.noindex/ArchiveIntermediates/Reel/IntermediateBuildFilesPath/ExplicitPrecompiledModules

CreateBuildDirectory /Users/runner/Library/Developer/Xcode/DerivedData/Reel-eksnidxqjeiwfnbzsppehnrbqtac/Build/Intermediates.noindex/ArchiveIntermediates/Reel/IntermediateBuildFilesPath/EagerLinkingTBDs/Release-iphoneos
    cd /Users/runner/work/reel/reel/Reel.xcodeproj
    builtin-create-build-directory /Users/runner/Library/Developer/Xcode/DerivedData/Reel-eksnidxqjeiwfnbzsppehnrbqtac/Build/Intermediates.noindex/ArchiveIntermediates/Reel/IntermediateBuildFilesPath/EagerLinkingTBDs/Release-iphoneos

CreateBuildDirectory /Users/runner/Library/Developer/Xcode/DerivedData/Reel-eksnidxqjeiwfnbzsppehnrbqtac/Build/Intermediates.noindex/ArchiveIntermediates/Reel/BuildProductsPath/Release-iphoneos
    cd /Users/runner/work/reel/reel/Reel.xcodeproj
    builtin-create-build-directory /Users/runner/Library/Developer/Xcode/DerivedData/Reel-eksnidxqjeiwfnbzsppehnrbqtac/Build/Intermediates.noindex/ArchiveIntermediates/Reel/BuildProductsPath/Release-iphoneos

WriteAuxiliaryFile /Users/runner/Library/Developer/Xcode/DerivedData/Reel-eksnidxqjeiwfnbzsppehnrbqtac/Build/Intermediates.noindex/ArchiveIntermediates/Reel/IntermediateBuildFilesPath/AMSMB2.build/Release-iphoneos/libsmb2.build/libsmb2.DependencyStaticMetadataFileList (in target 'libsmb2' from project 'AMSMB2')
    cd /Users/runner/work/reel/reel/Packages/AMSMB2
    write-file /Users/runner/Library/Developer/Xcode/DerivedData/Reel-eksnidxqjeiwfnbzsppehnrbqtac/Build/Intermediates.noindex/ArchiveIntermediates/Reel/IntermediateBuildFilesPath/AMSMB2.build/Release-iphoneos/libsmb2.build/libsmb2.DependencyStaticMetadataFileList

WriteAuxiliaryFile /Users/runner/Library/Developer/Xcode/DerivedData/Reel-eksnidxqjeiwfnbzsppehnrbqtac/Build/Intermediates.noindex/ArchiveIntermediates/Reel/IntermediateBuildFilesPath/AMSMB2.build/Release-iphoneos/libsmb2.build/libsmb2.DependencyMetadataFileList (in target 'libsmb2' from project 'AMSMB2')
    cd /Users/runner/work/reel/reel/Packages/AMSMB2
    write-file /Users/runner/Library/Developer/Xcode/DerivedData/Reel-eksnidxqjeiwfnbzsppehnrbqtac/Build/Intermediates.noindex/ArchiveIntermediates/Reel/IntermediateBuildFilesPath/AMSMB2.build/Release-iphoneos/libsmb2.build/libsmb2.DependencyMetadataFileList

WriteAuxiliaryFile /Users/runner/Library/Developer/Xcode/DerivedData/Reel-eksnidxqjeiwfnbzsppehnrbqtac/Build/Intermediates.noindex/ArchiveIntermediates/Reel/IntermediateBuildFilesPath/AMSMB2.build/Release-iphoneos/libsmb2.build/Objects-normal/arm64/libsmb2.LinkFileList (in target 'libsmb2' from project 'AMSMB2')
    cd /Users/runner/work/reel/reel/Packages/AMSMB2
    write-file /Users/runner/Library/Developer/Xcode/DerivedData/Reel-eksnidxqjeiwfnbzsppehnrbqtac/Build/Intermediates.noindex/ArchiveIntermediates/Reel/IntermediateBuildFilesPath/AMSMB2.build/Release-iphoneos/libsmb2.build/Objects-normal/arm64/libsmb2.LinkFileList

WriteAuxiliaryFile /Users/runner/Library/Developer/Xcode/DerivedData/Reel-eksnidxqjeiwfnbzsppehnrbqtac/Build/Intermediates.noindex/ArchiveIntermediates/Reel/IntermediateBuildFilesPath/AMSMB2.build/Release-iphoneos/libsmb2.build/Objects-normal/arm64/7187679823f38a2a940e0043cdf9d637-common-args.resp (in target 'libsmb2' from project 'AMSMB2')
    cd /Users/runner/work/reel/reel/Packages/AMSMB2
    write-file /Users/runner/Library/Developer/Xcode/DerivedData/Reel-eksnidxqjeiwfnbzsppehnrbqtac/Build/Intermediates.noindex/ArchiveIntermediates/Reel/IntermediateBuildFilesPath/AMSMB2.build/Release-iphoneos/libsmb2.build/Objects-normal/arm64/7187679823f38a2a940e0043cdf9d637-common-args.resp
-fmodules -gmodules '-fmodules-cache-path=/Users/runner/Library/Developer/Xcode/DerivedData/ModuleCache.noindex' '-fmodule-name=libsmb2' -fpascal-strings -Os -DSWIFT_PACKAGE '-D_U_=__attribute__((unused))' '-DHAVE_CONFIG_H=1' -g -I/Users/runner/Library/Developer/Xcode/DerivedData/Reel-eksnidxqjeiwfnbzsppehnrbqtac/Build/Intermediates.noindex/ArchiveIntermediates/Reel/BuildProductsPath/Release-iphoneos/include -I/Users/runner/work/reel/reel/Packages/AMSMB2/Dependencies/libsmb2/include -I/Users/runner/work/reel/reel/Packages/AMSMB2/Dependencies/libsmb2/include -I/Users/runner/work/reel/reel/Packages/AMSMB2/Dependencies/libsmb2/include/apple -I/Users/runner/work/reel/reel/Packages/AMSMB2/Dependencies/libsmb2/include/smb2 -I/Users/runner/work/reel/reel/Packages/AMSMB2/Dependencies/libsmb2/lib -I/Users/runner/Library/Developer/Xcode/DerivedData/Reel-eksnidxqjeiwfnbzsppehnrbqtac/Build/Intermediates.noindex/ArchiveIntermediates/Reel/IntermediateBuildFilesPath/AMSMB2.build/Release-iphoneos/libsmb2.build/DerivedSources-normal/arm64 -I/Users/runner/Library/Developer/Xcode/DerivedData/Reel-eksnidxqjeiwfnbzsppehnrbqtac/Build/Intermediates.noindex/ArchiveIntermediates/Reel/IntermediateBuildFilesPath/AMSMB2.build/Release-iphoneos/libsmb2.build/DerivedSources/arm64 -I/Users/runner/Library/Developer/Xcode/DerivedData/Reel-eksnidxqjeiwfnbzsppehnrbqtac/Build/Intermediates.noindex/ArchiveIntermediates/Reel/IntermediateBuildFilesPath/AMSMB2.build/Release-iphoneos/libsmb2.build/DerivedSources -F/Users/runner/Library/Developer/Xcode/DerivedData/Reel-eksnidxqjeiwfnbzsppehnrbqtac/Build/Intermediates.noindex/ArchiveIntermediates/Reel/BuildProductsPath/Release-iphoneos -iframework /Applications/Xcode_26.6.app/Contents/Developer/Platforms/iPhoneOS.platform/Developer/Library/Frameworks -iframework /Applications/Xcode_26.6.app/Contents/Developer/Platforms/iPhoneOS.platform/Developer/SDKs/iPhoneOS26.5.sdk/Developer/Library/Frameworks -DXcode

SymLink /Users/runner/Library/Developer/Xcode/DerivedData/Reel-eksnidxqjeiwfnbzsppehnrbqtac/Build/Intermediates.noindex/ArchiveIntermediates/Reel/BuildProductsPath/Release-iphoneos/libsmb2.o ../../IntermediateBuildFilesPath/UninstalledProducts/iphoneos/libsmb2.o (in target 'libsmb2' from project 'AMSMB2')
    cd /Users/runner/work/reel/reel/Packages/AMSMB2
    /bin/ln -sfh ../../IntermediateBuildFilesPath/UninstalledProducts/iphoneos/libsmb2.o /Users/runner/Library/Developer/Xcode/DerivedData/Reel-eksnidxqjeiwfnbzsppehnrbqtac/Build/Intermediates.noindex/ArchiveIntermediates/Reel/BuildProductsPath/Release-iphoneos/libsmb2.o

WriteAuxiliaryFile /Users/runner/Library/Developer/Xcode/DerivedData/Reel-eksnidxqjeiwfnbzsppehnrbqtac/Build/Intermediates.noindex/ArchiveIntermediates/Reel/IntermediateBuildFilesPath/ReelCore.build/Release-iphoneos/ReelCore.build/ReelCore.modulemap (in target 'ReelCore' from project 'ReelCore')
    cd /Users/runner/work/reel/reel/Packages/ReelCore
    write-file /Users/runner/Library/Developer/Xcode/DerivedData/Reel-eksnidxqjeiwfnbzsppehnrbqtac/Build/Intermediates.noindex/ArchiveIntermediates/Reel/IntermediateBuildFilesPath/ReelCore.build/Release-iphoneos/ReelCore.build/ReelCore.modulemap

WriteAuxiliaryFile /Users/runner/Library/Developer/Xcode/DerivedData/Reel-eksnidxqjeiwfnbzsppehnrbqtac/Build/Intermediates.noindex/ArchiveIntermediates/Reel/IntermediateBuildFilesPath/ReelCore.build/Release-iphoneos/ReelCore.build/ReelCore.DependencyStaticMetadataFileList (in target 'ReelCore' from project 'ReelCore')
    cd /Users/runner/work/reel/reel/Packages/ReelCore
    write-file /Users/runner/Library/Developer/Xcode/DerivedData/Reel-eksnidxqjeiwfnbzsppehnrbqtac/Build/Intermediates.noindex/ArchiveIntermediates/Reel/IntermediateBuildFilesPath/ReelCore.build/Release-iphoneos/ReelCore.build/ReelCore.DependencyStaticMetadataFileList

WriteAuxiliaryFile /Users/runner/Library/Developer/Xcode/DerivedData/Reel-eksnidxqjeiwfnbzsppehnrbqtac/Build/Intermediates.noindex/ArchiveIntermediates/Reel/IntermediateBuildFilesPath/ReelCore.build/Release-iphoneos/ReelCore.build/ReelCore.DependencyMetadataFileList (in target 'ReelCore' from project 'ReelCore')
    cd /Users/runner/work/reel/reel/Packages/ReelCore
    write-file /Users/runner/Library/Developer/Xcode/DerivedData/Reel-eksnidxqjeiwfnbzsppehnrbqtac/Build/Intermediates.noindex/ArchiveIntermediates/Reel/IntermediateBuildFilesPath/ReelCore.build/Release-iphoneos/ReelCore.build/ReelCore.DependencyMetadataFileList

WriteAuxiliaryFile /Users/runner/Library/Developer/Xcode/DerivedData/Reel-eksnidxqjeiwfnbzsppehnrbqtac/Build/Intermediates.noindex/ArchiveIntermediates/Reel/IntermediateBuildFilesPath/ReelCore.build/Release-iphoneos/ReelCore.build/Objects-normal/arm64/ReelCore_const_extract_protocols.json (in target 'ReelCore' from project 'ReelCore')
    cd /Users/runner/work/reel/reel/Packages/ReelCore
    write-file /Users/runner/Library/Developer/Xcode/DerivedData/Reel-eksnidxqjeiwfnbzsppehnrbqtac/Build/Intermediates.noindex/ArchiveIntermediates/Reel/IntermediateBuildFilesPath/ReelCore.build/Release-iphoneos/ReelCore.build/Objects-normal/arm64/ReelCore_const_extract_protocols.json

WriteAuxiliaryFile /Users/runner/Library/Developer/Xcode/DerivedData/Reel-eksnidxqjeiwfnbzsppehnrbqtac/Build/Intermediates.noindex/ArchiveIntermediates/Reel/IntermediateBuildFilesPath/ReelCore.build/Release-iphoneos/ReelCore.build/Objects-normal/arm64/ReelCore.SwiftFileList (in target 'ReelCore' from project 'ReelCore')
    cd /Users/runner/work/reel/reel/Packages/ReelCore
    write-file /Users/runner/Library/Developer/Xcode/DerivedData/Reel-eksnidxqjeiwfnbzsppehnrbqtac/Build/Intermediates.noindex/ArchiveIntermediates/Reel/IntermediateBuildFilesPath/ReelCore.build/Release-iphoneos/ReelCore.build/Objects-normal/arm64/ReelCore.SwiftFileList

WriteAuxiliaryFile /Users/runner/Library/Developer/Xcode/DerivedData/Reel-eksnidxqjeiwfnbzsppehnrbqtac/Build/Intermediates.noindex/ArchiveIntermediates/Reel/IntermediateBuildFilesPath/ReelCore.build/Release-iphoneos/ReelCore.build/Objects-normal/arm64/ReelCore.SwiftConstValuesFileList (in target 'ReelCore' from project 'ReelCore')
    cd /Users/runner/work/reel/reel/Packages/ReelCore
    write-file /Users/runner/Library/Developer/Xcode/DerivedData/Reel-eksnidxqjeiwfnbzsppehnrbqtac/Build/Intermediates.noindex/ArchiveIntermediates/Reel/IntermediateBuildFilesPath/ReelCore.build/Release-iphoneos/ReelCore.build/Objects-normal/arm64/ReelCore.SwiftConstValuesFileList

WriteAuxiliaryFile /Users/runner/Library/Developer/Xcode/DerivedData/Reel-eksnidxqjeiwfnbzsppehnrbqtac/Build/Intermediates.noindex/ArchiveIntermediates/Reel/IntermediateBuildFilesPath/ReelCore.build/Release-iphoneos/ReelCore.build/Objects-normal/arm64/ReelCore.LinkFileList (in target 'ReelCore' from project 'ReelCore')
    cd /Users/runner/work/reel/reel/Packages/ReelCore
    write-file /Users/runner/Library/Developer/Xcode/DerivedData/Reel-eksnidxqjeiwfnbzsppehnrbqtac/Build/Intermediates.noindex/ArchiveIntermediates/Reel/IntermediateBuildFilesPath/ReelCore.build/Release-iphoneos/ReelCore.build/Objects-normal/arm64/ReelCore.LinkFileList

WriteAuxiliaryFile /Users/runner/Library/Developer/Xcode/DerivedData/Reel-eksnidxqjeiwfnbzsppehnrbqtac/Build/Intermediates.noindex/ArchiveIntermediates/Reel/IntermediateBuildFilesPath/ReelCore.build/Release-iphoneos/ReelCore.build/Objects-normal/arm64/ReelCore-OutputFileMap.json (in target 'ReelCore' from project 'ReelCore')
    cd /Users/runner/work/reel/reel/Packages/ReelCore
    write-file /Users/runner/Library/Developer/Xcode/DerivedData/Reel-eksnidxqjeiwfnbzsppehnrbqtac/Build/Intermediates.noindex/ArchiveIntermediates/Reel/IntermediateBuildFilesPath/ReelCore.build/Release-iphoneos/ReelCore.build/Objects-normal/arm64/ReelCore-OutputFileMap.json

Copy /Users/runner/Library/Developer/Xcode/DerivedData/Reel-eksnidxqjeiwfnbzsppehnrbqtac/Build/Intermediates.noindex/ArchiveIntermediates/Reel/IntermediateBuildFilesPath/GeneratedModuleMaps-iphoneos/ReelCore.modulemap /Users/runner/Library/Developer/Xcode/DerivedData/Reel-eksnidxqjeiwfnbzsppehnrbqtac/Build/Intermediates.noindex/ArchiveIntermediates/Reel/IntermediateBuildFilesPath/ReelCore.build/Release-iphoneos/ReelCore.build/ReelCore.modulemap (in target 'ReelCore' from project 'ReelCore')
    cd /Users/runner/work/reel/reel/Packages/ReelCore
    builtin-copy -exclude .DS_Store -exclude CVS -exclude .svn -exclude .git -exclude .hg -strip-unsigned-binaries -strip-deterministic -strip-tool /Applications/Xcode_26.6.app/Contents/Developer/Toolchains/XcodeDefault.xctoolchain/usr/bin/strip -resolve-src-symlinks /Users/runner/Library/Developer/Xcode/DerivedData/Reel-eksnidxqjeiwfnbzsppehnrbqtac/Build/Intermediates.noindex/ArchiveIntermediates/Reel/IntermediateBuildFilesPath/ReelCore.build/Release-iphoneos/ReelCore.build/ReelCore.modulemap /Users/runner/Library/Developer/Xcode/DerivedData/Reel-eksnidxqjeiwfnbzsppehnrbqtac/Build/Intermediates.noindex/ArchiveIntermediates/Reel/IntermediateBuildFilesPath/GeneratedModuleMaps-iphoneos

SymLink /Users/runner/Library/Developer/Xcode/DerivedData/Reel-eksnidxqjeiwfnbzsppehnrbqtac/Build/Intermediates.noindex/ArchiveIntermediates/Reel/BuildProductsPath/Release-iphoneos/ReelCore.o ../../IntermediateBuildFilesPath/UninstalledProducts/iphoneos/ReelCore.o (in target 'ReelCore' from project 'ReelCore')
    cd /Users/runner/work/reel/reel/Packages/ReelCore
    /bin/ln -sfh ../../IntermediateBuildFilesPath/UninstalledProducts/iphoneos/ReelCore.o /Users/runner/Library/Developer/Xcode/DerivedData/Reel-eksnidxqjeiwfnbzsppehnrbqtac/Build/Intermediates.noindex/ArchiveIntermediates/Reel/BuildProductsPath/Release-iphoneos/ReelCore.o

WriteAuxiliaryFile /Users/runner/Library/Developer/Xcode/DerivedData/Reel-eksnidxqjeiwfnbzsppehnrbqtac/Build/Intermediates.noindex/ArchiveIntermediates/Reel/IntermediateBuildFilesPath/AMSMB2.build/Release-iphoneos/AMSMB2.build/Objects-normal/arm64/AMSMB2_const_extract_protocols.json (in target 'AMSMB2' from project 'AMSMB2')
    cd /Users/runner/work/reel/reel/Packages/AMSMB2
    write-file /Users/runner/Library/Developer/Xcode/DerivedData/Reel-eksnidxqjeiwfnbzsppehnrbqtac/Build/Intermediates.noindex/ArchiveIntermediates/Reel/IntermediateBuildFilesPath/AMSMB2.build/Release-iphoneos/AMSMB2.build/Objects-normal/arm64/AMSMB2_const_extract_protocols.json

WriteAuxiliaryFile /Users/runner/Library/Developer/Xcode/DerivedData/Reel-eksnidxqjeiwfnbzsppehnrbqtac/Build/Intermediates.noindex/ArchiveIntermediates/Reel/IntermediateBuildFilesPath/AMSMB2.build/Release-iphoneos/AMSMB2.build/Objects-normal/arm64/AMSMB2.SwiftFileList (in target 'AMSMB2' from project 'AMSMB2')
    cd /Users/runner/work/reel/reel/Packages/AMSMB2
    write-file /Users/runner/Library/Developer/Xcode/DerivedData/Reel-eksnidxqjeiwfnbzsppehnrbqtac/Build/Intermediates.noindex/ArchiveIntermediates/Reel/IntermediateBuildFilesPath/AMSMB2.build/Release-iphoneos/AMSMB2.build/Objects-normal/arm64/AMSMB2.SwiftFileList

WriteAuxiliaryFile /Users/runner/Library/Developer/Xcode/DerivedData/Reel-eksnidxqjeiwfnbzsppehnrbqtac/Build/Intermediates.noindex/ArchiveIntermediates/Reel/IntermediateBuildFilesPath/AMSMB2.build/Release-iphoneos/AMSMB2.build/Objects-normal/arm64/AMSMB2.SwiftConstValuesFileList (in target 'AMSMB2' from project 'AMSMB2')
    cd /Users/runner/work/reel/reel/Packages/AMSMB2
    write-file /Users/runner/Library/Developer/Xcode/DerivedData/Reel-eksnidxqjeiwfnbzsppehnrbqtac/Build/Intermediates.noindex/ArchiveIntermediates/Reel/IntermediateBuildFilesPath/AMSMB2.build/Release-iphoneos/AMSMB2.build/Objects-normal/arm64/AMSMB2.SwiftConstValuesFileList

WriteAuxiliaryFile /Users/runner/Library/Developer/Xcode/DerivedData/Reel-eksnidxqjeiwfnbzsppehnrbqtac/Build/Intermediates.noindex/ArchiveIntermediates/Reel/IntermediateBuildFilesPath/AMSMB2.build/Release-iphoneos/AMSMB2.build/Objects-normal/arm64/AMSMB2.LinkFileList (in target 'AMSMB2' from project 'AMSMB2')
    cd /Users/runner/work/reel/reel/Packages/AMSMB2
    write-file /Users/runner/Library/Developer/Xcode/DerivedData/Reel-eksnidxqjeiwfnbzsppehnrbqtac/Build/Intermediates.noindex/ArchiveIntermediates/Reel/IntermediateBuildFilesPath/AMSMB2.build/Release-iphoneos/AMSMB2.build/Objects-normal/arm64/AMSMB2.LinkFileList

WriteAuxiliaryFile /Users/runner/Library/Developer/Xcode/DerivedData/Reel-eksnidxqjeiwfnbzsppehnrbqtac/Build/Intermediates.noindex/ArchiveIntermediates/Reel/IntermediateBuildFilesPath/AMSMB2.build/Release-iphoneos/AMSMB2.build/Objects-normal/arm64/AMSMB2-OutputFileMap.json (in target 'AMSMB2' from project 'AMSMB2')
    cd /Users/runner/work/reel/reel/Packages/AMSMB2
    write-file /Users/runner/Library/Developer/Xcode/DerivedData/Reel-eksnidxqjeiwfnbzsppehnrbqtac/Build/Intermediates.noindex/ArchiveIntermediates/Reel/IntermediateBuildFilesPath/AMSMB2.build/Release-iphoneos/AMSMB2.build/Objects-normal/arm64/AMSMB2-OutputFileMap.json

WriteAuxiliaryFile /Users/runner/Library/Developer/Xcode/DerivedData/Reel-eksnidxqjeiwfnbzsppehnrbqtac/Build/Intermediates.noindex/ArchiveIntermediates/Reel/IntermediateBuildFilesPath/AMSMB2.build/Release-iphoneos/AMSMB2.build/AMSMB2.modulemap (in target 'AMSMB2' from project 'AMSMB2')
    cd /Users/runner/work/reel/reel/Packages/AMSMB2
    write-file /Users/runner/Library/Developer/Xcode/DerivedData/Reel-eksnidxqjeiwfnbzsppehnrbqtac/Build/Intermediates.noindex/ArchiveIntermediates/Reel/IntermediateBuildFilesPath/AMSMB2.build/Release-iphoneos/AMSMB2.build/AMSMB2.modulemap

WriteAuxiliaryFile /Users/runner/Library/Developer/Xcode/DerivedData/Reel-eksnidxqjeiwfnbzsppehnrbqtac/Build/Intermediates.noindex/ArchiveIntermediates/Reel/IntermediateBuildFilesPath/AMSMB2.build/Release-iphoneos/AMSMB2.build/AMSMB2.DependencyStaticMetadataFileList (in target 'AMSMB2' from project 'AMSMB2')
    cd /Users/runner/work/reel/reel/Packages/AMSMB2
    write-file /Users/runner/Library/Developer/Xcode/DerivedData/Reel-eksnidxqjeiwfnbzsppehnrbqtac/Build/Intermediates.noindex/ArchiveIntermediates/Reel/IntermediateBuildFilesPath/AMSMB2.build/Release-iphoneos/AMSMB2.build/AMSMB2.DependencyStaticMetadataFileList

WriteAuxiliaryFile /Users/runner/Library/Developer/Xcode/DerivedData/Reel-eksnidxqjeiwfnbzsppehnrbqtac/Build/Intermediates.noindex/ArchiveIntermediates/Reel/IntermediateBuildFilesPath/AMSMB2.build/Release-iphoneos/AMSMB2.build/AMSMB2.DependencyMetadataFileList (in target 'AMSMB2' from project 'AMSMB2')
    cd /Users/runner/work/reel/reel/Packages/AMSMB2
    write-file /Users/runner/Library/Developer/Xcode/DerivedData/Reel-eksnidxqjeiwfnbzsppehnrbqtac/Build/Intermediates.noindex/ArchiveIntermediates/Reel/IntermediateBuildFilesPath/AMSMB2.build/Release-iphoneos/AMSMB2.build/AMSMB2.DependencyMetadataFileList

Copy /Users/runner/Library/Developer/Xcode/DerivedData/Reel-eksnidxqjeiwfnbzsppehnrbqtac/Build/Intermediates.noindex/ArchiveIntermediates/Reel/IntermediateBuildFilesPath/GeneratedModuleMaps-iphoneos/AMSMB2.modulemap /Users/runner/Library/Developer/Xcode/DerivedData/Reel-eksnidxqjeiwfnbzsppehnrbqtac/Build/Intermediates.noindex/ArchiveIntermediates/Reel/IntermediateBuildFilesPath/AMSMB2.build/Release-iphoneos/AMSMB2.build/AMSMB2.modulemap (in target 'AMSMB2' from project 'AMSMB2')
    cd /Users/runner/work/reel/reel/Packages/AMSMB2
    builtin-copy -exclude .DS_Store -exclude CVS -exclude .svn -exclude .git -exclude .hg -strip-unsigned-binaries -strip-deterministic -strip-tool /Applications/Xcode_26.6.app/Contents/Developer/Toolchains/XcodeDefault.xctoolchain/usr/bin/strip -resolve-src-symlinks /Users/runner/Library/Developer/Xcode/DerivedData/Reel-eksnidxqjeiwfnbzsppehnrbqtac/Build/Intermediates.noindex/ArchiveIntermediates/Reel/IntermediateBuildFilesPath/AMSMB2.build/Release-iphoneos/AMSMB2.build/AMSMB2.modulemap /Users/runner/Library/Developer/Xcode/DerivedData/Reel-eksnidxqjeiwfnbzsppehnrbqtac/Build/Intermediates.noindex/ArchiveIntermediates/Reel/IntermediateBuildFilesPath/GeneratedModuleMaps-iphoneos

SymLink /Users/runner/Library/Developer/Xcode/DerivedData/Reel-eksnidxqjeiwfnbzsppehnrbqtac/Build/Intermediates.noindex/ArchiveIntermediates/Reel/BuildProductsPath/Release-iphoneos/AMSMB2.o ../../IntermediateBuildFilesPath/UninstalledProducts/iphoneos/AMSMB2.o (in target 'AMSMB2' from project 'AMSMB2')
    cd /Users/runner/work/reel/reel/Packages/AMSMB2
    /bin/ln -sfh ../../IntermediateBuildFilesPath/UninstalledProducts/iphoneos/AMSMB2.o /Users/runner/Library/Developer/Xcode/DerivedData/Reel-eksnidxqjeiwfnbzsppehnrbqtac/Build/Intermediates.noindex/ArchiveIntermediates/Reel/BuildProductsPath/Release-iphoneos/AMSMB2.o

WriteAuxiliaryFile /Users/runner/Library/Developer/Xcode/DerivedData/Reel-eksnidxqjeiwfnbzsppehnrbqtac/Build/Intermediates.noindex/ArchiveIntermediates/Reel/IntermediateBuildFilesPath/AMSMB2.build/Release-iphoneos/AMSMB2\ product.build/empty-AMSMB2.plist (in target 'AMSMB2' from project 'AMSMB2')
    cd /Users/runner/work/reel/reel/Packages/AMSMB2
    write-file /Users/runner/Library/Developer/Xcode/DerivedData/Reel-eksnidxqjeiwfnbzsppehnrbqtac/Build/Intermediates.noindex/ArchiveIntermediates/Reel/IntermediateBuildFilesPath/AMSMB2.build/Release-iphoneos/AMSMB2\ product.build/empty-AMSMB2.plist

ProcessXCFramework /Users/runner/work/reel/reel/.spm/artifacts/vlckit-spm/VLCKit-all/VLCKit-all.xcframework /Users/runner/Library/Developer/Xcode/DerivedData/Reel-eksnidxqjeiwfnbzsppehnrbqtac/Build/Intermediates.noindex/ArchiveIntermediates/Reel/BuildProductsPath/Release-iphoneos/MobileVLCKit.framework ios
    cd /Users/runner/work/reel/reel/Reel.xcodeproj
    builtin-process-xcframework --xcframework /Users/runner/work/reel/reel/.spm/artifacts/vlckit-spm/VLCKit-all/VLCKit-all.xcframework --platform ios --target-path /Users/runner/Library/Developer/Xcode/DerivedData/Reel-eksnidxqjeiwfnbzsppehnrbqtac/Build/Intermediates.noindex/ArchiveIntermediates/Reel/BuildProductsPath/Release-iphoneos

WriteAuxiliaryFile /Users/runner/Library/Developer/Xcode/DerivedData/Reel-eksnidxqjeiwfnbzsppehnrbqtac/Build/Intermediates.noindex/ArchiveIntermediates/Reel/IntermediateBuildFilesPath/AMSMB2.build/Release-iphoneos/AMSMB2\ product.build/Objects-normal/arm64/AMSMB2.LinkFileList (in target 'AMSMB2' from project 'AMSMB2')
    cd /Users/runner/work/reel/reel/Packages/AMSMB2
    write-file /Users/runner/Library/Developer/Xcode/DerivedData/Reel-eksnidxqjeiwfnbzsppehnrbqtac/Build/Intermediates.noindex/ArchiveIntermediates/Reel/IntermediateBuildFilesPath/AMSMB2.build/Release-iphoneos/AMSMB2\ product.build/Objects-normal/arm64/AMSMB2.LinkFileList

WriteAuxiliaryFile /Users/runner/Library/Developer/Xcode/DerivedData/Reel-eksnidxqjeiwfnbzsppehnrbqtac/Build/Intermediates.noindex/ArchiveIntermediates/Reel/IntermediateBuildFilesPath/AMSMB2.build/Release-iphoneos/AMSMB2\ product.build/AMSMB2.DependencyStaticMetadataFileList (in target 'AMSMB2' from project 'AMSMB2')
    cd /Users/runner/work/reel/reel/Packages/AMSMB2
    write-file /Users/runner/Library/Developer/Xcode/DerivedData/Reel-eksnidxqjeiwfnbzsppehnrbqtac/Build/Intermediates.noindex/ArchiveIntermediates/Reel/IntermediateBuildFilesPath/AMSMB2.build/Release-iphoneos/AMSMB2\ product.build/AMSMB2.DependencyStaticMetadataFileList

WriteAuxiliaryFile /Users/runner/Library/Developer/Xcode/DerivedData/Reel-eksnidxqjeiwfnbzsppehnrbqtac/Build/Intermediates.noindex/ArchiveIntermediates/Reel/IntermediateBuildFilesPath/AMSMB2.build/Release-iphoneos/AMSMB2\ product.build/AMSMB2.DependencyMetadataFileList (in target 'AMSMB2' from project 'AMSMB2')
    cd /Users/runner/work/reel/reel/Packages/AMSMB2
    write-file /Users/runner/Library/Developer/Xcode/DerivedData/Reel-eksnidxqjeiwfnbzsppehnrbqtac/Build/Intermediates.noindex/ArchiveIntermediates/Reel/IntermediateBuildFilesPath/AMSMB2.build/Release-iphoneos/AMSMB2\ product.build/AMSMB2.DependencyMetadataFileList

SymLink /Users/runner/Library/Developer/Xcode/DerivedData/Reel-eksnidxqjeiwfnbzsppehnrbqtac/Build/Intermediates.noindex/ArchiveIntermediates/Reel/BuildProductsPath/Release-iphoneos/AMSMB2.framework ../../IntermediateBuildFilesPath/UninstalledProducts/iphoneos/AMSMB2.framework (in target 'AMSMB2' from project 'AMSMB2')
    cd /Users/runner/work/reel/reel/Packages/AMSMB2
    /bin/ln -sfh ../../IntermediateBuildFilesPath/UninstalledProducts/iphoneos/AMSMB2.framework /Users/runner/Library/Developer/Xcode/DerivedData/Reel-eksnidxqjeiwfnbzsppehnrbqtac/Build/Intermediates.noindex/ArchiveIntermediates/Reel/BuildProductsPath/Release-iphoneos/AMSMB2.framework

MkDir /Users/runner/Library/Developer/Xcode/DerivedData/Reel-eksnidxqjeiwfnbzsppehnrbqtac/Build/Intermediates.noindex/ArchiveIntermediates/Reel/IntermediateBuildFilesPath/UninstalledProducts/iphoneos/AMSMB2.framework (in target 'AMSMB2' from project 'AMSMB2')
    cd /Users/runner/work/reel/reel/Packages/AMSMB2
    /bin/mkdir -p /Users/runner/Library/Developer/Xcode/DerivedData/Reel-eksnidxqjeiwfnbzsppehnrbqtac/Build/Intermediates.noindex/ArchiveIntermediates/Reel/IntermediateBuildFilesPath/UninstalledProducts/iphoneos/AMSMB2.framework

CreateBuildDirectory /Users/runner/Library/Developer/Xcode/DerivedData/Reel-eksnidxqjeiwfnbzsppehnrbqtac/Build/Intermediates.noindex/ArchiveIntermediates/Reel/BuildProductsPath/Release-iphoneos/PackageFrameworks
    cd /Users/runner/work/reel/reel/Reel.xcodeproj
    builtin-create-build-directory /Users/runner/Library/Developer/Xcode/DerivedData/Reel-eksnidxqjeiwfnbzsppehnrbqtac/Build/Intermediates.noindex/ArchiveIntermediates/Reel/BuildProductsPath/Release-iphoneos/PackageFrameworks

WriteAuxiliaryFile /Users/runner/Library/Developer/Xcode/DerivedData/Reel-eksnidxqjeiwfnbzsppehnrbqtac/Build/Intermediates.noindex/ArchiveIntermediates/Reel/IntermediateBuildFilesPath/vlckit-spm.build/Release-iphoneos/VLCKitSPM.build/VLCKitSPM.DependencyStaticMetadataFileList (in target 'VLCKitSPM' from project 'vlckit-spm')
    cd /Users/runner/work/reel/reel/.spm/checkouts/vlckit-spm
    write-file /Users/runner/Library/Developer/Xcode/DerivedData/Reel-eksnidxqjeiwfnbzsppehnrbqtac/Build/Intermediates.noindex/ArchiveIntermediates/Reel/IntermediateBuildFilesPath/vlckit-spm.build/Release-iphoneos/VLCKitSPM.build/VLCKitSPM.DependencyStaticMetadataFileList

WriteAuxiliaryFile /Users/runner/Library/Developer/Xcode/DerivedData/Reel-eksnidxqjeiwfnbzsppehnrbqtac/Build/Intermediates.noindex/ArchiveIntermediates/Reel/IntermediateBuildFilesPath/vlckit-spm.build/Release-iphoneos/VLCKitSPM.build/VLCKitSPM.modulemap (in target 'VLCKitSPM' from project 'vlckit-spm')
    cd /Users/runner/work/reel/reel/.spm/checkouts/vlckit-spm
    write-file /Users/runner/Library/Developer/Xcode/DerivedData/Reel-eksnidxqjeiwfnbzsppehnrbqtac/Build/Intermediates.noindex/ArchiveIntermediates/Reel/IntermediateBuildFilesPath/vlckit-spm.build/Release-iphoneos/VLCKitSPM.build/VLCKitSPM.modulemap

WriteAuxiliaryFile /Users/runner/Library/Developer/Xcode/DerivedData/Reel-eksnidxqjeiwfnbzsppehnrbqtac/Build/Intermediates.noindex/ArchiveIntermediates/Reel/IntermediateBuildFilesPath/vlckit-spm.build/Release-iphoneos/VLCKitSPM.build/VLCKitSPM.DependencyMetadataFileList (in target 'VLCKitSPM' from project 'vlckit-spm')
    cd /Users/runner/work/reel/reel/.spm/checkouts/vlckit-spm
    write-file /Users/runner/Library/Developer/Xcode/DerivedData/Reel-eksnidxqjeiwfnbzsppehnrbqtac/Build/Intermediates.noindex/ArchiveIntermediates/Reel/IntermediateBuildFilesPath/vlckit-spm.build/Release-iphoneos/VLCKitSPM.build/VLCKitSPM.DependencyMetadataFileList

WriteAuxiliaryFile /Users/runner/Library/Developer/Xcode/DerivedData/Reel-eksnidxqjeiwfnbzsppehnrbqtac/Build/Intermediates.noindex/ArchiveIntermediates/Reel/IntermediateBuildFilesPath/vlckit-spm.build/Release-iphoneos/VLCKitSPM.build/Objects-normal/arm64/VLCKitSPM_const_extract_protocols.json (in target 'VLCKitSPM' from project 'vlckit-spm')
    cd /Users/runner/work/reel/reel/.spm/checkouts/vlckit-spm
    write-file /Users/runner/Library/Developer/Xcode/DerivedData/Reel-eksnidxqjeiwfnbzsppehnrbqtac/Build/Intermediates.noindex/ArchiveIntermediates/Reel/IntermediateBuildFilesPath/vlckit-spm.build/Release-iphoneos/VLCKitSPM.build/Objects-normal/arm64/VLCKitSPM_const_extract_protocols.json

WriteAuxiliaryFile /Users/runner/Library/Developer/Xcode/DerivedData/Reel-eksnidxqjeiwfnbzsppehnrbqtac/Build/Intermediates.noindex/ArchiveIntermediates/Reel/IntermediateBuildFilesPath/vlckit-spm.build/Release-iphoneos/VLCKitSPM.build/Objects-normal/arm64/VLCKitSPM.SwiftFileList (in target 'VLCKitSPM' from project 'vlckit-spm')
    cd /Users/runner/work/reel/reel/.spm/checkouts/vlckit-spm
    write-file /Users/runner/Library/Developer/Xcode/DerivedData/Reel-eksnidxqjeiwfnbzsppehnrbqtac/Build/Intermediates.noindex/ArchiveIntermediates/Reel/IntermediateBuildFilesPath/vlckit-spm.build/Release-iphoneos/VLCKitSPM.build/Objects-normal/arm64/VLCKitSPM.SwiftFileList

WriteAuxiliaryFile /Users/runner/Library/Developer/Xcode/DerivedData/Reel-eksnidxqjeiwfnbzsppehnrbqtac/Build/Intermediates.noindex/ArchiveIntermediates/Reel/IntermediateBuildFilesPath/vlckit-spm.build/Release-iphoneos/VLCKitSPM.build/Objects-normal/arm64/VLCKitSPM.SwiftConstValuesFileList (in target 'VLCKitSPM' from project 'vlckit-spm')
    cd /Users/runner/work/reel/reel/.spm/checkouts/vlckit-spm
    write-file /Users/runner/Library/Developer/Xcode/DerivedData/Reel-eksnidxqjeiwfnbzsppehnrbqtac/Build/Intermediates.noindex/ArchiveIntermediates/Reel/IntermediateBuildFilesPath/vlckit-spm.build/Release-iphoneos/VLCKitSPM.build/Objects-normal/arm64/VLCKitSPM.SwiftConstValuesFileList

WriteAuxiliaryFile /Users/runner/Library/Developer/Xcode/DerivedData/Reel-eksnidxqjeiwfnbzsppehnrbqtac/Build/Intermediates.noindex/ArchiveIntermediates/Reel/IntermediateBuildFilesPath/vlckit-spm.build/Release-iphoneos/VLCKitSPM.build/Objects-normal/arm64/VLCKitSPM.LinkFileList (in target 'VLCKitSPM' from project 'vlckit-spm')
    cd /Users/runner/work/reel/reel/.spm/checkouts/vlckit-spm
    write-file /Users/runner/Library/Developer/Xcode/DerivedData/Reel-eksnidxqjeiwfnbzsppehnrbqtac/Build/Intermediates.noindex/ArchiveIntermediates/Reel/IntermediateBuildFilesPath/vlckit-spm.build/Release-iphoneos/VLCKitSPM.build/Objects-normal/arm64/VLCKitSPM.LinkFileList

WriteAuxiliaryFile /Users/runner/Library/Developer/Xcode/DerivedData/Reel-eksnidxqjeiwfnbzsppehnrbqtac/Build/Intermediates.noindex/ArchiveIntermediates/Reel/IntermediateBuildFilesPath/vlckit-spm.build/Release-iphoneos/VLCKitSPM.build/Objects-normal/arm64/VLCKitSPM-OutputFileMap.json (in target 'VLCKitSPM' from project 'vlckit-spm')
    cd /Users/runner/work/reel/reel/.spm/checkouts/vlckit-spm
    write-file /Users/runner/Library/Developer/Xcode/DerivedData/Reel-eksnidxqjeiwfnbzsppehnrbqtac/Build/Intermediates.noindex/ArchiveIntermediates/Reel/IntermediateBuildFilesPath/vlckit-spm.build/Release-iphoneos/VLCKitSPM.build/Objects-normal/arm64/VLCKitSPM-OutputFileMap.json

Copy /Users/runner/Library/Developer/Xcode/DerivedData/Reel-eksnidxqjeiwfnbzsppehnrbqtac/Build/Intermediates.noindex/ArchiveIntermediates/Reel/IntermediateBuildFilesPath/GeneratedModuleMaps-iphoneos/VLCKitSPM.modulemap /Users/runner/Library/Developer/Xcode/DerivedData/Reel-eksnidxqjeiwfnbzsppehnrbqtac/Build/Intermediates.noindex/ArchiveIntermediates/Reel/IntermediateBuildFilesPath/vlckit-spm.build/Release-iphoneos/VLCKitSPM.build/VLCKitSPM.modulemap (in target 'VLCKitSPM' from project 'vlckit-spm')
    cd /Users/runner/work/reel/reel/.spm/checkouts/vlckit-spm
    builtin-copy -exclude .DS_Store -exclude CVS -exclude .svn -exclude .git -exclude .hg -strip-unsigned-binaries -strip-deterministic -strip-tool /Applications/Xcode_26.6.app/Contents/Developer/Toolchains/XcodeDefault.xctoolchain/usr/bin/strip -resolve-src-symlinks /Users/runner/Library/Developer/Xcode/DerivedData/Reel-eksnidxqjeiwfnbzsppehnrbqtac/Build/Intermediates.noindex/ArchiveIntermediates/Reel/IntermediateBuildFilesPath/vlckit-spm.build/Release-iphoneos/VLCKitSPM.build/VLCKitSPM.modulemap /Users/runner/Library/Developer/Xcode/DerivedData/Reel-eksnidxqjeiwfnbzsppehnrbqtac/Build/Intermediates.noindex/ArchiveIntermediates/Reel/IntermediateBuildFilesPath/GeneratedModuleMaps-iphoneos

SymLink /Users/runner/Library/Developer/Xcode/DerivedData/Reel-eksnidxqjeiwfnbzsppehnrbqtac/Build/Intermediates.noindex/ArchiveIntermediates/Reel/BuildProductsPath/Release-iphoneos/VLCKitSPM.o ../../IntermediateBuildFilesPath/UninstalledProducts/iphoneos/VLCKitSPM.o (in target 'VLCKitSPM' from project 'vlckit-spm')
    cd /Users/runner/work/reel/reel/.spm/checkouts/vlckit-spm
    /bin/ln -sfh ../../IntermediateBuildFilesPath/UninstalledProducts/iphoneos/VLCKitSPM.o /Users/runner/Library/Developer/Xcode/DerivedData/Reel-eksnidxqjeiwfnbzsppehnrbqtac/Build/Intermediates.noindex/ArchiveIntermediates/Reel/BuildProductsPath/Release-iphoneos/VLCKitSPM.o

WriteAuxiliaryFile /Users/runner/Library/Developer/Xcode/DerivedData/Reel-eksnidxqjeiwfnbzsppehnrbqtac/Build/Intermediates.noindex/ArchiveIntermediates/Reel/IntermediateBuildFilesPath/Reel.build/Release-iphoneos/Reel.build/Reel.hmap (in target 'Reel' from project 'Reel')
    cd /Users/runner/work/reel/reel
    write-file /Users/runner/Library/Developer/Xcode/DerivedData/Reel-eksnidxqjeiwfnbzsppehnrbqtac/Build/Intermediates.noindex/ArchiveIntermediates/Reel/IntermediateBuildFilesPath/Reel.build/Release-iphoneos/Reel.build/Reel.hmap

WriteAuxiliaryFile /Users/runner/Library/Developer/Xcode/DerivedData/Reel-eksnidxqjeiwfnbzsppehnrbqtac/Build/Intermediates.noindex/ArchiveIntermediates/Reel/IntermediateBuildFilesPath/Reel.build/Release-iphoneos/Reel.build/Reel.DependencyStaticMetadataFileList (in target 'Reel' from project 'Reel')
    cd /Users/runner/work/reel/reel
    write-file /Users/runner/Library/Developer/Xcode/DerivedData/Reel-eksnidxqjeiwfnbzsppehnrbqtac/Build/Intermediates.noindex/ArchiveIntermediates/Reel/IntermediateBuildFilesPath/Reel.build/Release-iphoneos/Reel.build/Reel.DependencyStaticMetadataFileList

WriteAuxiliaryFile /Users/runner/Library/Developer/Xcode/DerivedData/Reel-eksnidxqjeiwfnbzsppehnrbqtac/Build/Intermediates.noindex/ArchiveIntermediates/Reel/IntermediateBuildFilesPath/Reel.build/Release-iphoneos/Reel.build/Reel.DependencyMetadataFileList (in target 'Reel' from project 'Reel')
    cd /Users/runner/work/reel/reel
    write-file /Users/runner/Library/Developer/Xcode/DerivedData/Reel-eksnidxqjeiwfnbzsppehnrbqtac/Build/Intermediates.noindex/ArchiveIntermediates/Reel/IntermediateBuildFilesPath/Reel.build/Release-iphoneos/Reel.build/Reel.DependencyMetadataFileList

WriteAuxiliaryFile /Users/runner/Library/Developer/Xcode/DerivedData/Reel-eksnidxqjeiwfnbzsppehnrbqtac/Build/Intermediates.noindex/ArchiveIntermediates/Reel/IntermediateBuildFilesPath/Reel.build/Release-iphoneos/Reel.build/Reel-project-headers.hmap (in target 'Reel' from project 'Reel')
    cd /Users/runner/work/reel/reel
    write-file /Users/runner/Library/Developer/Xcode/DerivedData/Reel-eksnidxqjeiwfnbzsppehnrbqtac/Build/Intermediates.noindex/ArchiveIntermediates/Reel/IntermediateBuildFilesPath/Reel.build/Release-iphoneos/Reel.build/Reel-project-headers.hmap

WriteAuxiliaryFile /Users/runner/Library/Developer/Xcode/DerivedData/Reel-eksnidxqjeiwfnbzsppehnrbqtac/Build/Intermediates.noindex/ArchiveIntermediates/Reel/IntermediateBuildFilesPath/Reel.build/Release-iphoneos/Reel.build/Reel-own-target-headers.hmap (in target 'Reel' from project 'Reel')
    cd /Users/runner/work/reel/reel
    write-file /Users/runner/Library/Developer/Xcode/DerivedData/Reel-eksnidxqjeiwfnbzsppehnrbqtac/Build/Intermediates.noindex/ArchiveIntermediates/Reel/IntermediateBuildFilesPath/Reel.build/Release-iphoneos/Reel.build/Reel-own-target-headers.hmap

WriteAuxiliaryFile /Users/runner/Library/Developer/Xcode/DerivedData/Reel-eksnidxqjeiwfnbzsppehnrbqtac/Build/Intermediates.noindex/ArchiveIntermediates/Reel/IntermediateBuildFilesPath/Reel.build/Release-iphoneos/Reel.build/Reel-generated-files.hmap (in target 'Reel' from project 'Reel')
    cd /Users/runner/work/reel/reel
    write-file /Users/runner/Library/Developer/Xcode/DerivedData/Reel-eksnidxqjeiwfnbzsppehnrbqtac/Build/Intermediates.noindex/ArchiveIntermediates/Reel/IntermediateBuildFilesPath/Reel.build/Release-iphoneos/Reel.build/Reel-generated-files.hmap

WriteAuxiliaryFile /Users/runner/Library/Developer/Xcode/DerivedData/Reel-eksnidxqjeiwfnbzsppehnrbqtac/Build/Intermediates.noindex/ArchiveIntermediates/Reel/IntermediateBuildFilesPath/Reel.build/Release-iphoneos/Reel.build/Reel-all-target-headers.hmap (in target 'Reel' from project 'Reel')
    cd /Users/runner/work/reel/reel
    write-file /Users/runner/Library/Developer/Xcode/DerivedData/Reel-eksnidxqjeiwfnbzsppehnrbqtac/Build/Intermediates.noindex/ArchiveIntermediates/Reel/IntermediateBuildFilesPath/Reel.build/Release-iphoneos/Reel.build/Reel-all-target-headers.hmap

WriteAuxiliaryFile /Users/runner/Library/Developer/Xcode/DerivedData/Reel-eksnidxqjeiwfnbzsppehnrbqtac/Build/Intermediates.noindex/ArchiveIntermediates/Reel/IntermediateBuildFilesPath/Reel.build/Release-iphoneos/Reel.build/Reel-all-non-framework-target-headers.hmap (in target 'Reel' from project 'Reel')
    cd /Users/runner/work/reel/reel
    write-file /Users/runner/Library/Developer/Xcode/DerivedData/Reel-eksnidxqjeiwfnbzsppehnrbqtac/Build/Intermediates.noindex/ArchiveIntermediates/Reel/IntermediateBuildFilesPath/Reel.build/Release-iphoneos/Reel.build/Reel-all-non-framework-target-headers.hmap

WriteAuxiliaryFile /Users/runner/Library/Developer/Xcode/DerivedData/Reel-eksnidxqjeiwfnbzsppehnrbqtac/Build/Intermediates.noindex/ArchiveIntermediates/Reel/IntermediateBuildFilesPath/Reel.build/Release-iphoneos/Reel.build/Objects-normal/arm64/Reel_const_extract_protocols.json (in target 'Reel' from project 'Reel')
    cd /Users/runner/work/reel/reel
    write-file /Users/runner/Library/Developer/Xcode/DerivedData/Reel-eksnidxqjeiwfnbzsppehnrbqtac/Build/Intermediates.noindex/ArchiveIntermediates/Reel/IntermediateBuildFilesPath/Reel.build/Release-iphoneos/Reel.build/Objects-normal/arm64/Reel_const_extract_protocols.json

WriteAuxiliaryFile /Users/runner/Library/Developer/Xcode/DerivedData/Reel-eksnidxqjeiwfnbzsppehnrbqtac/Build/Intermediates.noindex/ArchiveIntermediates/Reel/IntermediateBuildFilesPath/Reel.build/Release-iphoneos/Reel.build/Objects-normal/arm64/Reel.SwiftFileList (in target 'Reel' from project 'Reel')
    cd /Users/runner/work/reel/reel
    write-file /Users/runner/Library/Developer/Xcode/DerivedData/Reel-eksnidxqjeiwfnbzsppehnrbqtac/Build/Intermediates.noindex/ArchiveIntermediates/Reel/IntermediateBuildFilesPath/Reel.build/Release-iphoneos/Reel.build/Objects-normal/arm64/Reel.SwiftFileList

WriteAuxiliaryFile /Users/runner/Library/Developer/Xcode/DerivedData/Reel-eksnidxqjeiwfnbzsppehnrbqtac/Build/Intermediates.noindex/ArchiveIntermediates/Reel/IntermediateBuildFilesPath/Reel.build/Release-iphoneos/Reel.build/Objects-normal/arm64/Reel.SwiftConstValuesFileList (in target 'Reel' from project 'Reel')
    cd /Users/runner/work/reel/reel
    write-file /Users/runner/Library/Developer/Xcode/DerivedData/Reel-eksnidxqjeiwfnbzsppehnrbqtac/Build/Intermediates.noindex/ArchiveIntermediates/Reel/IntermediateBuildFilesPath/Reel.build/Release-iphoneos/Reel.build/Objects-normal/arm64/Reel.SwiftConstValuesFileList

WriteAuxiliaryFile /Users/runner/Library/Developer/Xcode/DerivedData/Reel-eksnidxqjeiwfnbzsppehnrbqtac/Build/Intermediates.noindex/ArchiveIntermediates/Reel/IntermediateBuildFilesPath/Reel.build/Release-iphoneos/Reel.build/Objects-normal/arm64/Reel.LinkFileList (in target 'Reel' from project 'Reel')
    cd /Users/runner/work/reel/reel
    write-file /Users/runner/Library/Developer/Xcode/DerivedData/Reel-eksnidxqjeiwfnbzsppehnrbqtac/Build/Intermediates.noindex/ArchiveIntermediates/Reel/IntermediateBuildFilesPath/Reel.build/Release-iphoneos/Reel.build/Objects-normal/arm64/Reel.LinkFileList

WriteAuxiliaryFile /Users/runner/Library/Developer/Xcode/DerivedData/Reel-eksnidxqjeiwfnbzsppehnrbqtac/Build/Intermediates.noindex/ArchiveIntermediates/Reel/IntermediateBuildFilesPath/Reel.build/Release-iphoneos/Reel.build/Objects-normal/arm64/Reel-OutputFileMap.json (in target 'Reel' from project 'Reel')
    cd /Users/runner/work/reel/reel
    write-file /Users/runner/Library/Developer/Xcode/DerivedData/Reel-eksnidxqjeiwfnbzsppehnrbqtac/Build/Intermediates.noindex/ArchiveIntermediates/Reel/IntermediateBuildFilesPath/Reel.build/Release-iphoneos/Reel.build/Objects-normal/arm64/Reel-OutputFileMap.json

SymLink /Users/runner/Library/Developer/Xcode/DerivedData/Reel-eksnidxqjeiwfnbzsppehnrbqtac/Build/Intermediates.noindex/ArchiveIntermediates/Reel/BuildProductsPath/Release-iphoneos/Reel.app ../../InstallationBuildProductsLocation/Applications/Reel.app (in target 'Reel' from project 'Reel')
    cd /Users/runner/work/reel/reel
    /bin/ln -sfh ../../InstallationBuildProductsLocation/Applications/Reel.app /Users/runner/Library/Developer/Xcode/DerivedData/Reel-eksnidxqjeiwfnbzsppehnrbqtac/Build/Intermediates.noindex/ArchiveIntermediates/Reel/BuildProductsPath/Release-iphoneos/Reel.app

MkDir /Users/runner/Library/Developer/Xcode/DerivedData/Reel-eksnidxqjeiwfnbzsppehnrbqtac/Build/Intermediates.noindex/ArchiveIntermediates/Reel/InstallationBuildProductsLocation/Applications/Reel.app/Frameworks (in target 'Reel' from project 'Reel')
    cd /Users/runner/work/reel/reel
    /bin/mkdir -p /Users/runner/Library/Developer/Xcode/DerivedData/Reel-eksnidxqjeiwfnbzsppehnrbqtac/Build/Intermediates.noindex/ArchiveIntermediates/Reel/InstallationBuildProductsLocation/Applications/Reel.app/Frameworks

MkDir /Users/runner/Library/Developer/Xcode/DerivedData/Reel-eksnidxqjeiwfnbzsppehnrbqtac/Build/Intermediates.noindex/ArchiveIntermediates/Reel/InstallationBuildProductsLocation/Applications/Reel.app (in target 'Reel' from project 'Reel')
    cd /Users/runner/work/reel/reel
    /bin/mkdir -p /Users/runner/Library/Developer/Xcode/DerivedData/Reel-eksnidxqjeiwfnbzsppehnrbqtac/Build/Intermediates.noindex/ArchiveIntermediates/Reel/InstallationBuildProductsLocation/Applications/Reel.app

SwiftDriver VLCKitSPM normal arm64 com.apple.xcode.tools.swift.compiler (in target 'VLCKitSPM' from project 'vlckit-spm')
    cd /Users/runner/work/reel/reel/Reel.xcodeproj
    builtin-SwiftDriver -- /Applications/Xcode_26.6.app/Contents/Developer/Toolchains/XcodeDefault.xctoolchain/usr/bin/swiftc -module-name VLCKitSPM -O -whole-module-optimization @/Users/runner/Library/Developer/Xcode/DerivedData/Reel-eksnidxqjeiwfnbzsppehnrbqtac/Build/Intermediates.noindex/ArchiveIntermediates/Reel/IntermediateBuildFilesPath/vlckit-spm.build/Release-iphoneos/VLCKitSPM.build/Objects-normal/arm64/VLCKitSPM.SwiftFileList -DSWIFT_PACKAGE -DSWIFT_MODULE_RESOURCE_BUNDLE_UNAVAILABLE -DXcode -plugin-path /Applications/Xcode_26.6.app/Contents/Developer/Toolchains/XcodeDefault.xctoolchain/usr/lib/swift/host/plugins/testing -enable-experimental-feature DebugDescriptionMacro -sdk /Applications/Xcode_26.6.app/Contents/Developer/Platforms/iPhoneOS.platform/Developer/SDKs/iPhoneOS26.5.sdk -target arm64-apple-ios12.0 -g -module-cache-path /Users/runner/Library/Developer/Xcode/DerivedData/ModuleCache.noindex -Xfrontend -serialize-debugging-options -suppress-warnings -swift-version 5 -I /Users/runner/Library/Developer/Xcode/DerivedData/Reel-eksnidxqjeiwfnbzsppehnrbqtac/Build/Intermediates.noindex/ArchiveIntermediates/Reel/BuildProductsPath/Release-iphoneos -Isystem /Applications/Xcode_26.6.app/Contents/Developer/Platforms/iPhoneOS.platform/Developer/usr/lib -F /Users/runner/Library/Developer/Xcode/DerivedData/Reel-eksnidxqjeiwfnbzsppehnrbqtac/Build/Intermediates.noindex/ArchiveIntermediates/Reel/BuildProductsPath/Release-iphoneos -F /Applications/Xcode_26.6.app/Contents/Developer/Platforms/iPhoneOS.platform/Developer/Library/Frameworks -F /Applications/Xcode_26.6.app/Contents/Developer/Platforms/iPhoneOS.platform/Developer/SDKs/iPhoneOS26.5.sdk/Developer/Library/Frameworks -parse-as-library -c -num-threads 3 -Xcc -ivfsstatcache -Xcc /Users/runner/Library/Developer/Xcode/DerivedData/SDKStatCaches.noindex/iphoneos26.5-23F81a-688ef53f1462e2c8f657fdc38a81448fee66e23052a0157c865c76b268046726.sdkstatcache -output-file-map /Users/runner/Library/Developer/Xcode/DerivedData/Reel-eksnidxqjeiwfnbzsppehnrbqtac/Build/Intermediates.noindex/ArchiveIntermediates/Reel/IntermediateBuildFilesPath/vlckit-spm.build/Release-iphoneos/VLCKitSPM.build/Objects-normal/arm64/VLCKitSPM-OutputFileMap.json -use-frontend-parseable-output -save-temps -no-color-diagnostics -explicit-module-build -module-cache-path /Users/runner/Library/Developer/Xcode/DerivedData/Reel-eksnidxqjeiwfnbzsppehnrbqtac/Build/Intermediates.noindex/ArchiveIntermediates/Reel/IntermediateBuildFilesPath/SwiftExplicitPrecompiledModules -clang-scanner-module-cache-path /Users/runner/Library/Developer/Xcode/DerivedData/ModuleCache.noindex -sdk-module-cache-path /Users/runner/Library/Developer/Xcode/DerivedData/ModuleCache.noindex -serialize-diagnostics -emit-dependencies -emit-module -emit-module-path /Users/runner/Library/Developer/Xcode/DerivedData/Reel-eksnidxqjeiwfnbzsppehnrbqtac/Build/Intermediates.noindex/ArchiveIntermediates/Reel/IntermediateBuildFilesPath/vlckit-spm.build/Release-iphoneos/VLCKitSPM.build/Objects-normal/arm64/VLCKitSPM.swiftmodule -validate-clang-modules-once -clang-build-session-file /Users/runner/Library/Developer/Xcode/DerivedData/ModuleCache.noindex/Session.modulevalidation -Xcc -I/Users/runner/Library/Developer/Xcode/DerivedData/Reel-eksnidxqjeiwfnbzsppehnrbqtac/Build/Intermediates.noindex/ArchiveIntermediates/Reel/IntermediateBuildFilesPath/vlckit-spm.build/Release-iphoneos/VLCKitSPM.build/swift-overrides.hmap -emit-const-values -Xfrontend -const-gather-protocols-file -Xfrontend /Users/runner/Library/Developer/Xcode/DerivedData/Reel-eksnidxqjeiwfnbzsppehnrbqtac/Build/Intermediates.noindex/ArchiveIntermediates/Reel/IntermediateBuildFilesPath/vlckit-spm.build/Release-iphoneos/VLCKitSPM.build/Objects-normal/arm64/VLCKitSPM_const_extract_protocols.json -Xcc -I/Users/runner/Library/Developer/Xcode/DerivedData/Reel-eksnidxqjeiwfnbzsppehnrbqtac/Build/Intermediates.noindex/ArchiveIntermediates/Reel/BuildProductsPath/Release-iphoneos/include -Xcc -I/Users/runner/Library/Developer/Xcode/DerivedData/Reel-eksnidxqjeiwfnbzsppehnrbqtac/Build/Intermediates.noindex/ArchiveIntermediates/Reel/IntermediateBuildFilesPath/vlckit-spm.build/Release-iphoneos/VLCKitSPM.build/DerivedSources-normal/arm64 -Xcc -I/Users/runner/Library/Developer/Xcode/DerivedData/Reel-eksnidxqjeiwfnbzsppehnrbqtac/Build/Intermediates.noindex/ArchiveIntermediates/Reel/IntermediateBuildFilesPath/vlckit-spm.build/Release-iphoneos/VLCKitSPM.build/DerivedSources/arm64 -Xcc -I/Users/runner/Library/Developer/Xcode/DerivedData/Reel-eksnidxqjeiwfnbzsppehnrbqtac/Build/Intermediates.noindex/ArchiveIntermediates/Reel/IntermediateBuildFilesPath/vlckit-spm.build/Release-iphoneos/VLCKitSPM.build/DerivedSources -Xcc -DSWIFT_PACKAGE -emit-objc-header -emit-objc-header-path /Users/runner/Library/Developer/Xcode/DerivedData/Reel-eksnidxqjeiwfnbzsppehnrbqtac/Build/Intermediates.noindex/ArchiveIntermediates/Reel/IntermediateBuildFilesPath/vlckit-spm.build/Release-iphoneos/VLCKitSPM.build/Objects-normal/arm64/VLCKitSPM-Swift.h -working-directory /Users/runner/work/reel/reel/Reel.xcodeproj -no-emit-module-separately-wmo

SwiftDriver AMSMB2 normal arm64 com.apple.xcode.tools.swift.compiler (in target 'AMSMB2' from project 'AMSMB2')
    cd /Users/runner/work/reel/reel/Reel.xcodeproj
    builtin-SwiftDriver -- /Applications/Xcode_26.6.app/Contents/Developer/Toolchains/XcodeDefault.xctoolchain/usr/bin/swiftc -module-name AMSMB2 -O -whole-module-optimization @/Users/runner/Library/Developer/Xcode/DerivedData/Reel-eksnidxqjeiwfnbzsppehnrbqtac/Build/Intermediates.noindex/ArchiveIntermediates/Reel/IntermediateBuildFilesPath/AMSMB2.build/Release-iphoneos/AMSMB2.build/Objects-normal/arm64/AMSMB2.SwiftFileList -DSWIFT_PACKAGE -DSWIFT_MODULE_RESOURCE_BUNDLE_UNAVAILABLE -DXcode -enable-upcoming-feature ExistentialAny -plugin-path /Applications/Xcode_26.6.app/Contents/Developer/Toolchains/XcodeDefault.xctoolchain/usr/lib/swift/host/plugins/testing -enable-experimental-feature DebugDescriptionMacro -sdk /Applications/Xcode_26.6.app/Contents/Developer/Platforms/iPhoneOS.platform/Developer/SDKs/iPhoneOS26.5.sdk -target arm64-apple-ios13.0 -g -module-cache-path /Users/runner/Library/Developer/Xcode/DerivedData/ModuleCache.noindex -Xfrontend -serialize-debugging-options -suppress-warnings -swift-version 6 -I /Users/runner/Library/Developer/Xcode/DerivedData/Reel-eksnidxqjeiwfnbzsppehnrbqtac/Build/Intermediates.noindex/ArchiveIntermediates/Reel/BuildProductsPath/Release-iphoneos -Isystem /Applications/Xcode_26.6.app/Contents/Developer/Platforms/iPhoneOS.platform/Developer/usr/lib -F /Users/runner/Library/Developer/Xcode/DerivedData/Reel-eksnidxqjeiwfnbzsppehnrbqtac/Build/Intermediates.noindex/ArchiveIntermediates/Reel/BuildProductsPath/Release-iphoneos/PackageFrameworks -F /Users/runner/Library/Developer/Xcode/DerivedData/Reel-eksnidxqjeiwfnbzsppehnrbqtac/Build/Intermediates.noindex/ArchiveIntermediates/Reel/BuildProductsPath/Release-iphoneos -F /Applications/Xcode_26.6.app/Contents/Developer/Platforms/iPhoneOS.platform/Developer/Library/Frameworks -F /Applications/Xcode_26.6.app/Contents/Developer/Platforms/iPhoneOS.platform/Developer/SDKs/iPhoneOS26.5.sdk/Developer/Library/Frameworks -c -num-threads 3 -Xcc -ivfsstatcache -Xcc /Users/runner/Library/Developer/Xcode/DerivedData/SDKStatCaches.noindex/iphoneos26.5-23F81a-688ef53f1462e2c8f657fdc38a81448fee66e23052a0157c865c76b268046726.sdkstatcache -output-file-map /Users/runner/Library/Developer/Xcode/DerivedData/Reel-eksnidxqjeiwfnbzsppehnrbqtac/Build/Intermediates.noindex/ArchiveIntermediates/Reel/IntermediateBuildFilesPath/AMSMB2.build/Release-iphoneos/AMSMB2.build/Objects-normal/arm64/AMSMB2-OutputFileMap.json -use-frontend-parseable-output -save-temps -no-color-diagnostics -explicit-module-build -module-cache-path /Users/runner/Library/Developer/Xcode/DerivedData/Reel-eksnidxqjeiwfnbzsppehnrbqtac/Build/Intermediates.noindex/ArchiveIntermediates/Reel/IntermediateBuildFilesPath/SwiftExplicitPrecompiledModules -clang-scanner-module-cache-path /Users/runner/Library/Developer/Xcode/DerivedData/ModuleCache.noindex -sdk-module-cache-path /Users/runner/Library/Developer/Xcode/DerivedData/ModuleCache.noindex -serialize-diagnostics -emit-dependencies -emit-module -emit-module-path /Users/runner/Library/Developer/Xcode/DerivedData/Reel-eksnidxqjeiwfnbzsppehnrbqtac/Build/Intermediates.noindex/ArchiveIntermediates/Reel/IntermediateBuildFilesPath/AMSMB2.build/Release-iphoneos/AMSMB2.build/Objects-normal/arm64/AMSMB2.swiftmodule -validate-clang-modules-once -clang-build-session-file /Users/runner/Library/Developer/Xcode/DerivedData/ModuleCache.noindex/Session.modulevalidation -package-name amsmb2 -Xcc -I/Users/runner/Library/Developer/Xcode/DerivedData/Reel-eksnidxqjeiwfnbzsppehnrbqtac/Build/Intermediates.noindex/ArchiveIntermediates/Reel/IntermediateBuildFilesPath/AMSMB2.build/Release-iphoneos/AMSMB2.build/swift-overrides.hmap -emit-const-values -Xfrontend -const-gather-protocols-file -Xfrontend /Users/runner/Library/Developer/Xcode/DerivedData/Reel-eksnidxqjeiwfnbzsppehnrbqtac/Build/Intermediates.noindex/ArchiveIntermediates/Reel/IntermediateBuildFilesPath/AMSMB2.build/Release-iphoneos/AMSMB2.build/Objects-normal/arm64/AMSMB2_const_extract_protocols.json -Xcc -I/Users/runner/work/reel/reel/Packages/AMSMB2/Dependencies/libsmb2/include -Xcc -I/Users/runner/Library/Developer/Xcode/DerivedData/Reel-eksnidxqjeiwfnbzsppehnrbqtac/Build/Intermediates.noindex/ArchiveIntermediates/Reel/BuildProductsPath/Release-iphoneos/include -Xcc -I/Users/runner/Library/Developer/Xcode/DerivedData/Reel-eksnidxqjeiwfnbzsppehnrbqtac/Build/Intermediates.noindex/ArchiveIntermediates/Reel/IntermediateBuildFilesPath/AMSMB2.build/Release-iphoneos/AMSMB2.build/DerivedSources-normal/arm64 -Xcc -I/Users/runner/Library/Developer/Xcode/DerivedData/Reel-eksnidxqjeiwfnbzsppehnrbqtac/Build/Intermediates.noindex/ArchiveIntermediates/Reel/IntermediateBuildFilesPath/AMSMB2.build/Release-iphoneos/AMSMB2.build/DerivedSources/arm64 -Xcc -I/Users/runner/Library/Developer/Xcode/DerivedData/Reel-eksnidxqjeiwfnbzsppehnrbqtac/Build/Intermediates.noindex/ArchiveIntermediates/Reel/IntermediateBuildFilesPath/AMSMB2.build/Release-iphoneos/AMSMB2.build/DerivedSources -Xcc -DSWIFT_PACKAGE -emit-objc-header -emit-objc-header-path /Users/runner/Library/Developer/Xcode/DerivedData/Reel-eksnidxqjeiwfnbzsppehnrbqtac/Build/Intermediates.noindex/ArchiveIntermediates/Reel/IntermediateBuildFilesPath/AMSMB2.build/Release-iphoneos/AMSMB2.build/Objects-normal/arm64/AMSMB2-Swift.h -working-directory /Users/runner/work/reel/reel/Reel.xcodeproj -no-emit-module-separately-wmo

ScanDependencies /Users/runner/Library/Developer/Xcode/DerivedData/Reel-eksnidxqjeiwfnbzsppehnrbqtac/Build/Intermediates.noindex/ArchiveIntermediates/Reel/IntermediateBuildFilesPath/AMSMB2.build/Release-iphoneos/libsmb2.build/Objects-normal/arm64/usha.o /Users/runner/work/reel/reel/Packages/AMSMB2/Dependencies/libsmb2/lib/usha.c normal arm64 c com.apple.compilers.llvm.clang.1_0.compiler (in target 'libsmb2' from project 'AMSMB2')
    cd /Users/runner/work/reel/reel/Reel.xcodeproj
    
    Using response file: /Users/runner/Library/Developer/Xcode/DerivedData/Reel-eksnidxqjeiwfnbzsppehnrbqtac/Build/Intermediates.noindex/ArchiveIntermediates/Reel/IntermediateBuildFilesPath/AMSMB2.build/Release-iphoneos/libsmb2.build/Objects-normal/arm64/7187679823f38a2a940e0043cdf9d637-common-args.resp
    
    builtin-ScanDependencies -o /Users/runner/Library/Developer/Xcode/DerivedData/Reel-eksnidxqjeiwfnbzsppehnrbqtac/Build/Intermediates.noindex/ArchiveIntermediates/Reel/IntermediateBuildFilesPath/AMSMB2.build/Release-iphoneos/libsmb2.build/Objects-normal/arm64/usha.o.scan -- /Applications/Xcode_26.6.app/Contents/Developer/Toolchains/XcodeDefault.xctoolchain/usr/bin/clang -x c -ivfsstatcache /Users/runner/Library/Developer/Xcode/DerivedData/SDKStatCaches.noindex/iphoneos26.5-23F81a-688ef53f1462e2c8f657fdc38a81448fee66e23052a0157c865c76b268046726.sdkstatcache -target arm64-apple-ios13.0 -fmessage-length\=0 -fdiagnostics-show-note-include-stack -fmacro-backtrace-limit\=0 -fno-color-diagnostics -fmodules-prune-interval\=86400 -fmodules-prune-after\=345600 -fbuild-session-file\=/Users/runner/Library/Developer/Xcode/DerivedData/ModuleCache.noindex/Session.modulevalidation -fmodules-validate-once-per-build-session -Wnon-modular-include-in-framework-module -Werror\=non-modular-include-in-framework-module -Wno-trigraphs -Wno-missing-field-initializers -Wno-missing-prototypes -Wno-return-type -Wno-missing-braces -Wparentheses -Wswitch -Wno-unused-function -Wno-unused-label -Wno-unused-parameter -Wno-unused-variable -Wunused-value -Wno-empty-body -Wno-uninitialized -Wno-unknown-pragmas -w -Wno-shadow -Wno-four-char-constants -Wno-conversion -Wno-constant-conversion -Wno-int-conversion -Wno-bool-conversion -Wno-enum-conversion -Wno-float-conversion -Wno-non-literal-null-conversion -Wno-objc-literal-conversion -Wshorten-64-to-32 -Wpointer-sign -Wno-newline-eof -Wno-implicit-fallthrough -isysroot /Applications/Xcode_26.6.app/Contents/Developer/Platforms/iPhoneOS.platform/Developer/SDKs/iPhoneOS26.5.sdk -fstrict-aliasing -Wdeprecated-declarations -Wno-sign-conversion -Wno-infinite-recursion -Wno-comma -Wno-block-capture-autoreleasing -Wno-strict-prototypes -Wno-semicolon-before-method-body @/Users/runner/Library/Developer/Xcode/DerivedData/Reel-eksnidxqjeiwfnbzsppehnrbqtac/Build/Intermediates.noindex/ArchiveIntermediates/Reel/IntermediateBuildFilesPath/AMSMB2.build/Release-iphoneos/libsmb2.build/Objects-normal/arm64/7187679823f38a2a940e0043cdf9d637-common-args.resp -MMD -MT dependencies -MF /Users/runner/Library/Developer/Xcode/DerivedData/Reel-eksnidxqjeiwfnbzsppehnrbqtac/Build/Intermediates.noindex/ArchiveIntermediates/Reel/IntermediateBuildFilesPath/AMSMB2.build/Release-iphoneos/libsmb2.build/Objects-normal/arm64/usha.d --serialize-diagnostics /Users/runner/Library/Developer/Xcode/DerivedData/Reel-eksnidxqjeiwfnbzsppehnrbqtac/Build/Intermediates.noindex/ArchiveIntermediates/Reel/IntermediateBuildFilesPath/AMSMB2.build/Release-iphoneos/libsmb2.build/Objects-normal/arm64/usha.dia -c /Users/runner/work/reel/reel/Packages/AMSMB2/Dependencies/libsmb2/lib/usha.c -o /Users/runner/Library/Developer/Xcode/DerivedData/Reel-eksnidxqjeiwfnbzsppehnrbqtac/Build/Intermediates.noindex/ArchiveIntermediates/Reel/IntermediateBuildFilesPath/AMSMB2.build/Release-iphoneos/libsmb2.build/Objects-normal/arm64/usha.o

ScanDependencies /Users/runner/Library/Developer/Xcode/DerivedData/Reel-eksnidxqjeiwfnbzsppehnrbqtac/Build/Intermediates.noindex/ArchiveIntermediates/Reel/IntermediateBuildFilesPath/AMSMB2.build/Release-iphoneos/libsmb2.build/Objects-normal/arm64/unicode.o /Users/runner/work/reel/reel/Packages/AMSMB2/Dependencies/libsmb2/lib/unicode.c normal arm64 c com.apple.compilers.llvm.clang.1_0.compiler (in target 'libsmb2' from project 'AMSMB2')
    cd /Users/runner/work/reel/reel/Reel.xcodeproj
    
    Using response file: /Users/runner/Library/Developer/Xcode/DerivedData/Reel-eksnidxqjeiwfnbzsppehnrbqtac/Build/Intermediates.noindex/ArchiveIntermediates/Reel/IntermediateBuildFilesPath/AMSMB2.build/Release-iphoneos/libsmb2.build/Objects-normal/arm64/7187679823f38a2a940e0043cdf9d637-common-args.resp
    
    builtin-ScanDependencies -o /Users/runner/Library/Developer/Xcode/DerivedData/Reel-eksnidxqjeiwfnbzsppehnrbqtac/Build/Intermediates.noindex/ArchiveIntermediates/Reel/IntermediateBuildFilesPath/AMSMB2.build/Release-iphoneos/libsmb2.build/Objects-normal/arm64/unicode.o.scan -- /Applications/Xcode_26.6.app/Contents/Developer/Toolchains/XcodeDefault.xctoolchain/usr/bin/clang -x c -ivfsstatcache /Users/runner/Library/Developer/Xcode/DerivedData/SDKStatCaches.noindex/iphoneos26.5-23F81a-688ef53f1462e2c8f657fdc38a81448fee66e23052a0157c865c76b268046726.sdkstatcache -target arm64-apple-ios13.0 -fmessage-length\=0 -fdiagnostics-show-note-include-stack -fmacro-backtrace-limit\=0 -fno-color-diagnostics -fmodules-prune-interval\=86400 -fmodules-prune-after\=345600 -fbuild-session-file\=/Users/runner/Library/Developer/Xcode/DerivedData/ModuleCache.noindex/Session.modulevalidation -fmodules-validate-once-per-build-session -Wnon-modular-include-in-framework-module -Werror\=non-modular-include-in-framework-module -Wno-trigraphs -Wno-missing-field-initializers -Wno-missing-prototypes -Wno-return-type -Wno-missing-braces -Wparentheses -Wswitch -Wno-unused-function -Wno-unused-label -Wno-unused-parameter -Wno-unused-variable -Wunused-value -Wno-empty-body -Wno-uninitialized -Wno-unknown-pragmas -w -Wno-shadow -Wno-four-char-constants -Wno-conversion -Wno-constant-conversion -Wno-int-conversion -Wno-bool-conversion -Wno-enum-conversion -Wno-float-conversion -Wno-non-literal-null-conversion -Wno-objc-literal-conversion -Wshorten-64-to-32 -Wpointer-sign -Wno-newline-eof -Wno-implicit-fallthrough -isysroot /Applications/Xcode_26.6.app/Contents/Developer/Platforms/iPhoneOS.platform/Developer/SDKs/iPhoneOS26.5.sdk -fstrict-aliasing -Wdeprecated-declarations -Wno-sign-conversion -Wno-infinite-recursion -Wno-comma -Wno-block-capture-autoreleasing -Wno-strict-prototypes -Wno-semicolon-before-method-body @/Users/runner/Library/Developer/Xcode/DerivedData/Reel-eksnidxqjeiwfnbzsppehnrbqtac/Build/Intermediates.noindex/ArchiveIntermediates/Reel/IntermediateBuildFilesPath/AMSMB2.build/Release-iphoneos/libsmb2.build/Objects-normal/arm64/7187679823f38a2a940e0043cdf9d637-common-args.resp -MMD -MT dependencies -MF /Users/runner/Library/Developer/Xcode/DerivedData/Reel-eksnidxqjeiwfnbzsppehnrbqtac/Build/Intermediates.noindex/ArchiveIntermediates/Reel/IntermediateBuildFilesPath/AMSMB2.build/Release-iphoneos/libsmb2.build/Objects-normal/arm64/unicode.d --serialize-diagnostics /Users/runner/Library/Developer/Xcode/DerivedData/Reel-eksnidxqjeiwfnbzsppehnrbqtac/Build/Intermediates.noindex/ArchiveIntermediates/Reel/IntermediateBuildFilesPath/AMSMB2.build/Release-iphoneos/libsmb2.build/Objects-normal/arm64/unicode.dia -c /Users/runner/work/reel/reel/Packages/AMSMB2/Dependencies/libsmb2/lib/unicode.c -o /Users/runner/Library/Developer/Xcode/DerivedData/Reel-eksnidxqjeiwfnbzsppehnrbqtac/Build/Intermediates.noindex/ArchiveIntermediates/Reel/IntermediateBuildFilesPath/AMSMB2.build/Release-iphoneos/libsmb2.build/Objects-normal/arm64/unicode.o

PrecompileModule /Users/runner/Library/Developer/Xcode/DerivedData/Reel-eksnidxqjeiwfnbzsppehnrbqtac/Build/Intermediates.noindex/ArchiveIntermediates/Reel/IntermediateBuildFilesPath/ExplicitPrecompiledModules/ptrcheck-50P58EGTD99PMUP3M7AT106OW.scan
    cd /
    builtin-precompileModule /Users/runner/Library/Developer/Xcode/DerivedData/Reel-eksnidxqjeiwfnbzsppehnrbqtac/Build/Intermediates.noindex/ArchiveIntermediates/Reel/IntermediateBuildFilesPath/ExplicitPrecompiledModules/ptrcheck-50P58EGTD99PMUP3M7AT106OW.scan

PrecompileModule /Users/runner/Library/Developer/Xcode/DerivedData/Reel-eksnidxqjeiwfnbzsppehnrbqtac/Build/Intermediates.noindex/ArchiveIntermediates/Reel/IntermediateBuildFilesPath/ExplicitPrecompiledModules/_Builtin_stddef-3KH7TVJZSJ826URCDODRHFJDO.scan
    cd /
    builtin-precompileModule /Users/runner/Library/Developer/Xcode/DerivedData/Reel-eksnidxqjeiwfnbzsppehnrbqtac/Build/Intermediates.noindex/ArchiveIntermediates/Reel/IntermediateBuildFilesPath/ExplicitPrecompiledModules/_Builtin_stddef-3KH7TVJZSJ826URCDODRHFJDO.scan

PrecompileModule /Users/runner/Library/Developer/Xcode/DerivedData/Reel-eksnidxqjeiwfnbzsppehnrbqtac/Build/Intermediates.noindex/ArchiveIntermediates/Reel/IntermediateBuildFilesPath/ExplicitPrecompiledModules/_AvailabilityInternal-B998QNAV24ZLRPKTWAOBDTG48.scan
    cd /
    builtin-precompileModule /Users/runner/Library/Developer/Xcode/DerivedData/Reel-eksnidxqjeiwfnbzsppehnrbqtac/Build/Intermediates.noindex/ArchiveIntermediates/Reel/IntermediateBuildFilesPath/ExplicitPrecompiledModules/_AvailabilityInternal-B998QNAV24ZLRPKTWAOBDTG48.scan

PrecompileModule /Users/runner/Library/Developer/Xcode/DerivedData/Reel-eksnidxqjeiwfnbzsppehnrbqtac/Build/Intermediates.noindex/ArchiveIntermediates/Reel/IntermediateBuildFilesPath/ExplicitPrecompiledModules/_Builtin_stdbool-DIHMWCF3C5GFZ4SMZHYZRFUTH.scan
    cd /
    builtin-precompileModule /Users/runner/Library/Developer/Xcode/DerivedData/Reel-eksnidxqjeiwfnbzsppehnrbqtac/Build/Intermediates.noindex/ArchiveIntermediates/Reel/IntermediateBuildFilesPath/ExplicitPrecompiledModules/_Builtin_stdbool-DIHMWCF3C5GFZ4SMZHYZRFUTH.scan

PrecompileModule /Users/runner/Library/Developer/Xcode/DerivedData/Reel-eksnidxqjeiwfnbzsppehnrbqtac/Build/Intermediates.noindex/ArchiveIntermediates/Reel/IntermediateBuildFilesPath/ExplicitPrecompiledModules/_DarwinFoundation1-2RF2R2JAE9T52AM2JNG5ECWX4.scan
    cd /
    builtin-precompileModule /Users/runner/Library/Developer/Xcode/DerivedData/Reel-eksnidxqjeiwfnbzsppehnrbqtac/Build/Intermediates.noindex/ArchiveIntermediates/Reel/IntermediateBuildFilesPath/ExplicitPrecompiledModules/_DarwinFoundation1-2RF2R2JAE9T52AM2JNG5ECWX4.scan

PrecompileModule /Users/runner/Library/Developer/Xcode/DerivedData/Reel-eksnidxqjeiwfnbzsppehnrbqtac/Build/Intermediates.noindex/ArchiveIntermediates/Reel/IntermediateBuildFilesPath/ExplicitPrecompiledModules/_Builtin_stdarg-7PZHO45XI1TZO33TOU4D53FPX.scan
    cd /
    builtin-precompileModule /Users/runner/Library/Developer/Xcode/DerivedData/Reel-eksnidxqjeiwfnbzsppehnrbqtac/Build/Intermediates.noindex/ArchiveIntermediates/Reel/IntermediateBuildFilesPath/ExplicitPrecompiledModules/_Builtin_stdarg-7PZHO45XI1TZO33TOU4D53FPX.scan

SwiftExplicitDependencyGeneratePcm arm64 /Users/runner/Library/Developer/Xcode/DerivedData/ModuleCache.noindex/ptrcheck-BZWDM779X83BAMMAVJ9UGSER7.pcm

SwiftExplicitDependencyGeneratePcm arm64 /Users/runner/Library/Developer/Xcode/DerivedData/ModuleCache.noindex/SwiftShims-8O9FJCB82AJJBB20CJG67X9I.pcm

SwiftExplicitDependencyGeneratePcm arm64 /Users/runner/Library/Developer/Xcode/DerivedData/ModuleCache.noindex/ptrauth-ANSUK7XQS36KB6NMO2FCR2Q5T.pcm

SwiftExplicitDependencyGeneratePcm arm64 /Users/runner/Library/Developer/Xcode/DerivedData/ModuleCache.noindex/_Builtin_float-D0BD8M9MDTEFVGM4YAQQ3M4VK.pcm

SwiftExplicitDependencyGeneratePcm arm64 /Users/runner/Library/Developer/Xcode/DerivedData/ModuleCache.noindex/_Builtin_stdbool-61CVV7O1QIP5QEAY8B5KS9HIN.pcm

SwiftExplicitDependencyGeneratePcm arm64 /Users/runner/Library/Developer/Xcode/DerivedData/ModuleCache.noindex/_AvailabilityInternal-A954CE05HM8BFVSYV2CRVDT42.pcm

SwiftExplicitDependencyGeneratePcm arm64 /Users/runner/Library/Developer/Xcode/DerivedData/ModuleCache.noindex/_Builtin_stddef-4FDMBOQ79JZ92Y6W6EC8LYD32.pcm

SwiftExplicitDependencyGeneratePcm arm64 /Users/runner/Library/Developer/Xcode/DerivedData/ModuleCache.noindex/_SwiftConcurrencyShims-2I3JAJC6XMU8TLT3QGQ5ELQBA.pcm

SwiftExplicitDependencyGeneratePcm arm64 /Users/runner/Library/Developer/Xcode/DerivedData/ModuleCache.noindex/_Builtin_stdarg-1J2VYTBV9L5KXQTWBUOJTRJW5.pcm

SwiftExplicitDependencyGeneratePcm arm64 /Users/runner/Library/Developer/Xcode/DerivedData/ModuleCache.noindex/_DarwinFoundation1-55FNQ4BZJBPRCU0U3B4YXX72.pcm

PrecompileModule /Users/runner/Library/Developer/Xcode/DerivedData/Reel-eksnidxqjeiwfnbzsppehnrbqtac/Build/Intermediates.noindex/ArchiveIntermediates/Reel/IntermediateBuildFilesPath/ExplicitPrecompiledModules/_Builtin_limits-652SL0P8GHXET538H5DVOMSOL.scan
    cd /
    builtin-precompileModule /Users/runner/Library/Developer/Xcode/DerivedData/Reel-eksnidxqjeiwfnbzsppehnrbqtac/Build/Intermediates.noindex/ArchiveIntermediates/Reel/IntermediateBuildFilesPath/ExplicitPrecompiledModules/_Builtin_limits-652SL0P8GHXET538H5DVOMSOL.scan

PrecompileModule /Users/runner/Library/Developer/Xcode/DerivedData/Reel-eksnidxqjeiwfnbzsppehnrbqtac/Build/Intermediates.noindex/ArchiveIntermediates/Reel/IntermediateBuildFilesPath/ExplicitPrecompiledModules/_DarwinFoundation2-9N7ZGFH8MW0W64QUK12XWB8BG.scan
    cd /
    builtin-precompileModule /Users/runner/Library/Developer/Xcode/DerivedData/Reel-eksnidxqjeiwfnbzsppehnrbqtac/Build/Intermediates.noindex/ArchiveIntermediates/Reel/IntermediateBuildFilesPath/ExplicitPrecompiledModules/_DarwinFoundation2-9N7ZGFH8MW0W64QUK12XWB8BG.scan

ScanDependencies /Users/runner/Library/Developer/Xcode/DerivedData/Reel-eksnidxqjeiwfnbzsppehnrbqtac/Build/Intermediates.noindex/ArchiveIntermediates/Reel/IntermediateBuildFilesPath/AMSMB2.build/Release-iphoneos/libsmb2.build/Objects-normal/arm64/timestamps.o /Users/runner/work/reel/reel/Packages/AMSMB2/Dependencies/libsmb2/lib/timestamps.c normal arm64 c com.apple.compilers.llvm.clang.1_0.compiler (in target 'libsmb2' from project 'AMSMB2')
    cd /Users/runner/work/reel/reel/Reel.xcodeproj
    
    Using response file: /Users/runner/Library/Developer/Xcode/DerivedData/Reel-eksnidxqjeiwfnbzsppehnrbqtac/Build/Intermediates.noindex/ArchiveIntermediates/Reel/IntermediateBuildFilesPath/AMSMB2.build/Release-iphoneos/libsmb2.build/Objects-normal/arm64/7187679823f38a2a940e0043cdf9d637-common-args.resp
    
    builtin-ScanDependencies -o /Users/runner/Library/Developer/Xcode/DerivedData/Reel-eksnidxqjeiwfnbzsppehnrbqtac/Build/Intermediates.noindex/ArchiveIntermediates/Reel/IntermediateBuildFilesPath/AMSMB2.build/Release-iphoneos/libsmb2.build/Objects-normal/arm64/timestamps.o.scan -- /Applications/Xcode_26.6.app/Contents/Developer/Toolchains/XcodeDefault.xctoolchain/usr/bin/clang -x c -ivfsstatcache /Users/runner/Library/Developer/Xcode/DerivedData/SDKStatCaches.noindex/iphoneos26.5-23F81a-688ef53f1462e2c8f657fdc38a81448fee66e23052a0157c865c76b268046726.sdkstatcache -target arm64-apple-ios13.0 -fmessage-length\=0 -fdiagnostics-show-note-include-stack -fmacro-backtrace-limit\=0 -fno-color-diagnostics -fmodules-prune-interval\=86400 -fmodules-prune-after\=345600 -fbuild-session-file\=/Users/runner/Library/Developer/Xcode/DerivedData/ModuleCache.noindex/Session.modulevalidation -fmodules-validate-once-per-build-session -Wnon-modular-include-in-framework-module -Werror\=non-modular-include-in-framework-module -Wno-trigraphs -Wno-missing-field-initializers -Wno-missing-prototypes -Wno-return-type -Wno-missing-braces -Wparentheses -Wswitch -Wno-unused-function -Wno-unused-label -Wno-unused-parameter -Wno-unused-variable -Wunused-value -Wno-empty-body -Wno-uninitialized -Wno-unknown-pragmas -w -Wno-shadow -Wno-four-char-constants -Wno-conversion -Wno-constant-conversion -Wno-int-conversion -Wno-bool-conversion -Wno-enum-conversion -Wno-float-conversion -Wno-non-literal-null-conversion -Wno-objc-literal-conversion -Wshorten-64-to-32 -Wpointer-sign -Wno-newline-eof -Wno-implicit-fallthrough -isysroot /Applications/Xcode_26.6.app/Contents/Developer/Platforms/iPhoneOS.platform/Developer/SDKs/iPhoneOS26.5.sdk -fstrict-aliasing -Wdeprecated-declarations -Wno-sign-conversion -Wno-infinite-recursion -Wno-comma -Wno-block-capture-autoreleasing -Wno-strict-prototypes -Wno-semicolon-before-method-body @/Users/runner/Library/Developer/Xcode/DerivedData/Reel-eksnidxqjeiwfnbzsppehnrbqtac/Build/Intermediates.noindex/ArchiveIntermediates/Reel/IntermediateBuildFilesPath/AMSMB2.build/Release-iphoneos/libsmb2.build/Objects-normal/arm64/7187679823f38a2a940e0043cdf9d637-common-args.resp -MMD -MT dependencies -MF /Users/runner/Library/Developer/Xcode/DerivedData/Reel-eksnidxqjeiwfnbzsppehnrbqtac/Build/Intermediates.noindex/ArchiveIntermediates/Reel/IntermediateBuildFilesPath/AMSMB2.build/Release-iphoneos/libsmb2.build/Objects-normal/arm64/timestamps.d --serialize-diagnostics /Users/runner/Library/Developer/Xcode/DerivedData/Reel-eksnidxqjeiwfnbzsppehnrbqtac/Build/Intermediates.noindex/ArchiveIntermediates/Reel/IntermediateBuildFilesPath/AMSMB2.build/Release-iphoneos/libsmb2.build/Objects-normal/arm64/timestamps.dia -c /Users/runner/work/reel/reel/Packages/AMSMB2/Dependencies/libsmb2/lib/timestamps.c -o /Users/runner/Library/Developer/Xcode/DerivedData/Reel-eksnidxqjeiwfnbzsppehnrbqtac/Build/Intermediates.noindex/ArchiveIntermediates/Reel/IntermediateBuildFilesPath/AMSMB2.build/Release-iphoneos/libsmb2.build/Objects-normal/arm64/timestamps.o

SwiftExplicitDependencyGeneratePcm arm64 /Users/runner/Library/Developer/Xcode/DerivedData/ModuleCache.noindex/_Builtin_limits-BYYOQS2SAKG6SJIZWPKGOA0D5.pcm

SwiftExplicitDependencyGeneratePcm arm64 /Users/runner/Library/Developer/Xcode/DerivedData/ModuleCache.noindex/_DarwinFoundation2-2G7NS2EMZ2LU7SSQBRKJNU29R.pcm

PrecompileModule /Users/runner/Library/Developer/Xcode/DerivedData/Reel-eksnidxqjeiwfnbzsppehnrbqtac/Build/Intermediates.noindex/ArchiveIntermediates/Reel/IntermediateBuildFilesPath/ExplicitPrecompiledModules/_Builtin_stdint-939GAH4MKP1HG5C4HV884MXH6.scan
    cd /
    builtin-precompileModule /Users/runner/Library/Developer/Xcode/DerivedData/Reel-eksnidxqjeiwfnbzsppehnrbqtac/Build/Intermediates.noindex/ArchiveIntermediates/Reel/IntermediateBuildFilesPath/ExplicitPrecompiledModules/_Builtin_stdint-939GAH4MKP1HG5C4HV884MXH6.scan

ScanDependencies /Users/runner/Library/Developer/Xcode/DerivedData/Reel-eksnidxqjeiwfnbzsppehnrbqtac/Build/Intermediates.noindex/ArchiveIntermediates/Reel/IntermediateBuildFilesPath/AMSMB2.build/Release-iphoneos/libsmb2.build/Objects-normal/arm64/sync.o /Users/runner/work/reel/reel/Packages/AMSMB2/Dependencies/libsmb2/lib/sync.c normal arm64 c com.apple.compilers.llvm.clang.1_0.compiler (in target 'libsmb2' from project 'AMSMB2')
    cd /Users/runner/work/reel/reel/Reel.xcodeproj
    
    Using response file: /Users/runner/Library/Developer/Xcode/DerivedData/Reel-eksnidxqjeiwfnbzsppehnrbqtac/Build/Intermediates.noindex/ArchiveIntermediates/Reel/IntermediateBuildFilesPath/AMSMB2.build/Release-iphoneos/libsmb2.build/Objects-normal/arm64/7187679823f38a2a940e0043cdf9d637-common-args.resp
    
    builtin-ScanDependencies -o /Users/runner/Library/Developer/Xcode/DerivedData/Reel-eksnidxqjeiwfnbzsppehnrbqtac/Build/Intermediates.noindex/ArchiveIntermediates/Reel/IntermediateBuildFilesPath/AMSMB2.build/Release-iphoneos/libsmb2.build/Objects-normal/arm64/sync.o.scan -- /Applications/Xcode_26.6.app/Contents/Developer/Toolchains/XcodeDefault.xctoolchain/usr/bin/clang -x c -ivfsstatcache /Users/runner/Library/Developer/Xcode/DerivedData/SDKStatCaches.noindex/iphoneos26.5-23F81a-688ef53f1462e2c8f657fdc38a81448fee66e23052a0157c865c76b268046726.sdkstatcache -target arm64-apple-ios13.0 -fmessage-length\=0 -fdiagnostics-show-note-include-stack -fmacro-backtrace-limit\=0 -fno-color-diagnostics -fmodules-prune-interval\=86400 -fmodules-prune-after\=345600 -fbuild-session-file\=/Users/runner/Library/Developer/Xcode/DerivedData/ModuleCache.noindex/Session.modulevalidation -fmodules-validate-once-per-build-session -Wnon-modular-include-in-framework-module -Werror\=non-modular-include-in-framework-module -Wno-trigraphs -Wno-missing-field-initializers -Wno-missing-prototypes -Wno-return-type -Wno-missing-braces -Wparentheses -Wswitch -Wno-unused-function -Wno-unused-label -Wno-unused-parameter -Wno-unused-variable -Wunused-value -Wno-empty-body -Wno-uninitialized -Wno-unknown-pragmas -w -Wno-shadow -Wno-four-char-constants -Wno-conversion -Wno-constant-conversion -Wno-int-conversion -Wno-bool-conversion -Wno-enum-conversion -Wno-float-conversion -Wno-non-literal-null-conversion -Wno-objc-literal-conversion -Wshorten-64-to-32 -Wpointer-sign -Wno-newline-eof -Wno-implicit-fallthrough -isysroot /Applications/Xcode_26.6.app/Contents/Developer/Platforms/iPhoneOS.platform/Developer/SDKs/iPhoneOS26.5.sdk -fstrict-aliasing -Wdeprecated-declarations -Wno-sign-conversion -Wno-infinite-recursion -Wno-comma -Wno-block-capture-autoreleasing -Wno-strict-prototypes -Wno-semicolon-before-method-body @/Users/runner/Library/Developer/Xcode/DerivedData/Reel-eksnidxqjeiwfnbzsppehnrbqtac/Build/Intermediates.noindex/ArchiveIntermediates/Reel/IntermediateBuildFilesPath/AMSMB2.build/Release-iphoneos/libsmb2.build/Objects-normal/arm64/7187679823f38a2a940e0043cdf9d637-common-args.resp -MMD -MT dependencies -MF /Users/runner/Library/Developer/Xcode/DerivedData/Reel-eksnidxqjeiwfnbzsppehnrbqtac/Build/Intermediates.noindex/ArchiveIntermediates/Reel/IntermediateBuildFilesPath/AMSMB2.build/Release-iphoneos/libsmb2.build/Objects-normal/arm64/sync.d --serialize-diagnostics /Users/runner/Library/Developer/Xcode/DerivedData/Reel-eksnidxqjeiwfnbzsppehnrbqtac/Build/Intermediates.noindex/ArchiveIntermediates/Reel/IntermediateBuildFilesPath/AMSMB2.build/Release-iphoneos/libsmb2.build/Objects-normal/arm64/sync.dia -c /Users/runner/work/reel/reel/Packages/AMSMB2/Dependencies/libsmb2/lib/sync.c -o /Users/runner/Library/Developer/Xcode/DerivedData/Reel-eksnidxqjeiwfnbzsppehnrbqtac/Build/Intermediates.noindex/ArchiveIntermediates/Reel/IntermediateBuildFilesPath/AMSMB2.build/Release-iphoneos/libsmb2.build/Objects-normal/arm64/sync.o

PrecompileModule /Users/runner/Library/Developer/Xcode/DerivedData/Reel-eksnidxqjeiwfnbzsppehnrbqtac/Build/Intermediates.noindex/ArchiveIntermediates/Reel/IntermediateBuildFilesPath/ExplicitPrecompiledModules/_DarwinFoundation3-7AXAN4WCC14EZ872C6HHGCB0D.scan
    cd /
    builtin-precompileModule /Users/runner/Library/Developer/Xcode/DerivedData/Reel-eksnidxqjeiwfnbzsppehnrbqtac/Build/Intermediates.noindex/ArchiveIntermediates/Reel/IntermediateBuildFilesPath/ExplicitPrecompiledModules/_DarwinFoundation3-7AXAN4WCC14EZ872C6HHGCB0D.scan

PrecompileModule /Users/runner/Library/Developer/Xcode/DerivedData/Reel-eksnidxqjeiwfnbzsppehnrbqtac/Build/Intermediates.noindex/ArchiveIntermediates/Reel/IntermediateBuildFilesPath/ExplicitPrecompiledModules/SMB2-EXWRIS57J5L6UD674VH1MLZP0.scan
    cd /
    builtin-precompileModule /Users/runner/Library/Developer/Xcode/DerivedData/Reel-eksnidxqjeiwfnbzsppehnrbqtac/Build/Intermediates.noindex/ArchiveIntermediates/Reel/IntermediateBuildFilesPath/ExplicitPrecompiledModules/SMB2-EXWRIS57J5L6UD674VH1MLZP0.scan

PrecompileModule /Users/runner/Library/Developer/Xcode/DerivedData/Reel-eksnidxqjeiwfnbzsppehnrbqtac/Build/Intermediates.noindex/ArchiveIntermediates/Reel/IntermediateBuildFilesPath/ExplicitPrecompiledModules/_Builtin_inttypes-ACF6WNQQETC9B07A44206J36Q.scan
    cd /
    builtin-precompileModule /Users/runner/Library/Developer/Xcode/DerivedData/Reel-eksnidxqjeiwfnbzsppehnrbqtac/Build/Intermediates.noindex/ArchiveIntermediates/Reel/IntermediateBuildFilesPath/ExplicitPrecompiledModules/_Builtin_inttypes-ACF6WNQQETC9B07A44206J36Q.scan

CompileC /Users/runner/Library/Developer/Xcode/DerivedData/Reel-eksnidxqjeiwfnbzsppehnrbqtac/Build/Intermediates.noindex/ArchiveIntermediates/Reel/IntermediateBuildFilesPath/AMSMB2.build/Release-iphoneos/libsmb2.build/Objects-normal/arm64/usha.o /Users/runner/work/reel/reel/Packages/AMSMB2/Dependencies/libsmb2/lib/usha.c normal arm64 c com.apple.compilers.llvm.clang.1_0.compiler (in target 'libsmb2' from project 'AMSMB2')
    cd /Users/runner/work/reel/reel/Reel.xcodeproj
    
    Using response file: /Users/runner/Library/Developer/Xcode/DerivedData/Reel-eksnidxqjeiwfnbzsppehnrbqtac/Build/Intermediates.noindex/ArchiveIntermediates/Reel/IntermediateBuildFilesPath/AMSMB2.build/Release-iphoneos/libsmb2.build/Objects-normal/arm64/7187679823f38a2a940e0043cdf9d637-common-args.resp
    
    /Applications/Xcode_26.6.app/Contents/Developer/Toolchains/XcodeDefault.xctoolchain/usr/bin/clang -x c -ivfsstatcache /Users/runner/Library/Developer/Xcode/DerivedData/SDKStatCaches.noindex/iphoneos26.5-23F81a-688ef53f1462e2c8f657fdc38a81448fee66e23052a0157c865c76b268046726.sdkstatcache -target arm64-apple-ios13.0 -fmessage-length\=0 -fdiagnostics-show-note-include-stack -fmacro-backtrace-limit\=0 -fno-color-diagnostics -fmodules-prune-interval\=86400 -fmodules-prune-after\=345600 -fbuild-session-file\=/Users/runner/Library/Developer/Xcode/DerivedData/ModuleCache.noindex/Session.modulevalidation -fmodules-validate-once-per-build-session -Wnon-modular-include-in-framework-module -Werror\=non-modular-include-in-framework-module -Wno-trigraphs -Wno-missing-field-initializers -Wno-missing-prototypes -Wno-return-type -Wno-missing-braces -Wparentheses -Wswitch -Wno-unused-function -Wno-unused-label -Wno-unused-parameter -Wno-unused-variable -Wunused-value -Wno-empty-body -Wno-uninitialized -Wno-unknown-pragmas -w -Wno-shadow -Wno-four-char-constants -Wno-conversion -Wno-constant-conversion -Wno-int-conversion -Wno-bool-conversion -Wno-enum-conversion -Wno-float-conversion -Wno-non-literal-null-conversion -Wno-objc-literal-conversion -Wshorten-64-to-32 -Wpointer-sign -Wno-newline-eof -Wno-implicit-fallthrough -isysroot /Applications/Xcode_26.6.app/Contents/Developer/Platforms/iPhoneOS.platform/Developer/SDKs/iPhoneOS26.5.sdk -fstrict-aliasing -Wdeprecated-declarations -Wno-sign-conversion -Wno-infinite-recursion -Wno-comma -Wno-block-capture-autoreleasing -Wno-strict-prototypes -Wno-semicolon-before-method-body @/Users/runner/Library/Developer/Xcode/DerivedData/Reel-eksnidxqjeiwfnbzsppehnrbqtac/Build/Intermediates.noindex/ArchiveIntermediates/Reel/IntermediateBuildFilesPath/AMSMB2.build/Release-iphoneos/libsmb2.build/Objects-normal/arm64/7187679823f38a2a940e0043cdf9d637-common-args.resp -MMD -MT dependencies -MF /Users/runner/Library/Developer/Xcode/DerivedData/Reel-eksnidxqjeiwfnbzsppehnrbqtac/Build/Intermediates.noindex/ArchiveIntermediates/Reel/IntermediateBuildFilesPath/AMSMB2.build/Release-iphoneos/libsmb2.build/Objects-normal/arm64/usha.d --serialize-diagnostics /Users/runner/Library/Developer/Xcode/DerivedData/Reel-eksnidxqjeiwfnbzsppehnrbqtac/Build/Intermediates.noindex/ArchiveIntermediates/Reel/IntermediateBuildFilesPath/AMSMB2.build/Release-iphoneos/libsmb2.build/Objects-normal/arm64/usha.dia -c /Users/runner/work/reel/reel/Packages/AMSMB2/Dependencies/libsmb2/lib/usha.c -o /Users/runner/Library/Developer/Xcode/DerivedData/Reel-eksnidxqjeiwfnbzsppehnrbqtac/Build/Intermediates.noindex/ArchiveIntermediates/Reel/IntermediateBuildFilesPath/AMSMB2.build/Release-iphoneos/libsmb2.build/Objects-normal/arm64/usha.o

PrecompileModule /Users/runner/Library/Developer/Xcode/DerivedData/Reel-eksnidxqjeiwfnbzsppehnrbqtac/Build/Intermediates.noindex/ArchiveIntermediates/Reel/IntermediateBuildFilesPath/ExplicitPrecompiledModules/Darwin-BNRXUEB4JF3O1ZCG1LTV0J95O.scan
    cd /
    builtin-precompileModule /Users/runner/Library/Developer/Xcode/DerivedData/Reel-eksnidxqjeiwfnbzsppehnrbqtac/Build/Intermediates.noindex/ArchiveIntermediates/Reel/IntermediateBuildFilesPath/ExplicitPrecompiledModules/Darwin-BNRXUEB4JF3O1ZCG1LTV0J95O.scan

SwiftExplicitDependencyGeneratePcm arm64 /Users/runner/Library/Developer/Xcode/DerivedData/ModuleCache.noindex/_Builtin_stdint-577R8JJTYJU2Z5VYNZMHK5DO4.pcm

SwiftExplicitDependencyGeneratePcm arm64 /Users/runner/Library/Developer/Xcode/DerivedData/ModuleCache.noindex/sys_types-5BKSTJV32EJOJ391W2WV19LPT.pcm

SwiftExplicitDependencyGeneratePcm arm64 /Users/runner/Library/Developer/Xcode/DerivedData/ModuleCache.noindex/_DarwinFoundation3-DCH96MPQE381OR8SWDBXHNCJ4.pcm

SwiftExplicitDependencyGeneratePcm arm64 /Users/runner/Library/Developer/Xcode/DerivedData/Reel-eksnidxqjeiwfnbzsppehnrbqtac/Build/Intermediates.noindex/ArchiveIntermediates/Reel/IntermediateBuildFilesPath/SwiftExplicitPrecompiledModules/SMB2-LJGPIHJ6VYPMN59YCUHGF0BL.pcm

SwiftExplicitDependencyGeneratePcm arm64 /Users/runner/Library/Developer/Xcode/DerivedData/ModuleCache.noindex/ptrauth-E1M8RH4XGX41AS9L3T48B2VC8.pcm

SwiftExplicitDependencyGeneratePcm arm64 /Users/runner/Library/Developer/Xcode/DerivedData/ModuleCache.noindex/_Builtin_inttypes-AEB8DCKEVW8YAHJL87KM02VZD.pcm

SwiftExplicitDependencyGeneratePcm arm64 /Users/runner/Library/Developer/Xcode/DerivedData/ModuleCache.noindex/ptrcheck-CPFBHC98T0YO5BMJL4XPQ5DVJ.pcm

SwiftExplicitDependencyGeneratePcm arm64 /Users/runner/Library/Developer/Xcode/DerivedData/ModuleCache.noindex/_AvailabilityInternal-6LVX40WLXKF2N0RR7RLLLI88G.pcm

SwiftExplicitDependencyGeneratePcm arm64 /Users/runner/Library/Developer/Xcode/DerivedData/ModuleCache.noindex/SwiftShims-726JJO2L9PNSQ7U4XETGG7EE9.pcm

SwiftExplicitDependencyGeneratePcm arm64 /Users/runner/Library/Developer/Xcode/DerivedData/ModuleCache.noindex/DeveloperToolsSupport-8NJPN9L3GNG0ZV6Z3A51ZLRAU.pcm

SwiftExplicitDependencyGeneratePcm arm64 /Users/runner/Library/Developer/Xcode/DerivedData/ModuleCache.noindex/Darwin-9MTDOZR5EX08QTNKWOVS0CEBK.pcm

SwiftExplicitDependencyGeneratePcm arm64 /Users/runner/Library/Developer/Xcode/DerivedData/ModuleCache.noindex/_DarwinFoundation1-D0HH3AJXTD7OKMTUR2FXWNRVQ.pcm

SwiftExplicitDependencyGeneratePcm arm64 /Users/runner/Library/Developer/Xcode/DerivedData/ModuleCache.noindex/_Builtin_stdbool-77FQHXEDHJJ5LR78OJZFL3ESV.pcm

SwiftExplicitDependencyGeneratePcm arm64 /Users/runner/Library/Developer/Xcode/DerivedData/ModuleCache.noindex/_Builtin_stddef-EZS4ZNRM8Q2C78X23DUBCD7YH.pcm

SwiftExplicitDependencyGeneratePcm arm64 /Users/runner/Library/Developer/Xcode/DerivedData/ModuleCache.noindex/_Builtin_limits-8GAG1SMFSA3JGYHE8DFCLSKBW.pcm

SwiftExplicitDependencyGeneratePcm arm64 /Users/runner/Library/Developer/Xcode/DerivedData/ModuleCache.noindex/_Builtin_float-C2XYXATN22CCJKOBJXFM515SB.pcm

SwiftExplicitDependencyGeneratePcm arm64 /Users/runner/Library/Developer/Xcode/DerivedData/ModuleCache.noindex/_SwiftConcurrencyShims-72MI7WHN08305D73FERVYXX8Q.pcm

SwiftExplicitDependencyGeneratePcm arm64 /Users/runner/Library/Developer/Xcode/DerivedData/ModuleCache.noindex/_Builtin_stdarg-4LSG676VX6ZX2XHZ6XO9V8K9F.pcm

CompileC /Users/runner/Library/Developer/Xcode/DerivedData/Reel-eksnidxqjeiwfnbzsppehnrbqtac/Build/Intermediates.noindex/ArchiveIntermediates/Reel/IntermediateBuildFilesPath/AMSMB2.build/Release-iphoneos/libsmb2.build/Objects-normal/arm64/unicode.o /Users/runner/work/reel/reel/Packages/AMSMB2/Dependencies/libsmb2/lib/unicode.c normal arm64 c com.apple.compilers.llvm.clang.1_0.compiler (in target 'libsmb2' from project 'AMSMB2')
    cd /Users/runner/work/reel/reel/Reel.xcodeproj
    
    Using response file: /Users/runner/Library/Developer/Xcode/DerivedData/Reel-eksnidxqjeiwfnbzsppehnrbqtac/Build/Intermediates.noindex/ArchiveIntermediates/Reel/IntermediateBuildFilesPath/AMSMB2.build/Release-iphoneos/libsmb2.build/Objects-normal/arm64/7187679823f38a2a940e0043cdf9d637-common-args.resp
    
    /Applications/Xcode_26.6.app/Contents/Developer/Toolchains/XcodeDefault.xctoolchain/usr/bin/clang -x c -ivfsstatcache /Users/runner/Library/Developer/Xcode/DerivedData/SDKStatCaches.noindex/iphoneos26.5-23F81a-688ef53f1462e2c8f657fdc38a81448fee66e23052a0157c865c76b268046726.sdkstatcache -target arm64-apple-ios13.0 -fmessage-length\=0 -fdiagnostics-show-note-include-stack -fmacro-backtrace-limit\=0 -fno-color-diagnostics -fmodules-prune-interval\=86400 -fmodules-prune-after\=345600 -fbuild-session-file\=/Users/runner/Library/Developer/Xcode/DerivedData/ModuleCache.noindex/Session.modulevalidation -fmodules-validate-once-per-build-session -Wnon-modular-include-in-framework-module -Werror\=non-modular-include-in-framework-module -Wno-trigraphs -Wno-missing-field-initializers -Wno-missing-prototypes -Wno-return-type -Wno-missing-braces -Wparentheses -Wswitch -Wno-unused-function -Wno-unused-label -Wno-unused-parameter -Wno-unused-variable -Wunused-value -Wno-empty-body -Wno-uninitialized -Wno-unknown-pragmas -w -Wno-shadow -Wno-four-char-constants -Wno-conversion -Wno-constant-conversion -Wno-int-conversion -Wno-bool-conversion -Wno-enum-conversion -Wno-float-conversion -Wno-non-literal-null-conversion -Wno-objc-literal-conversion -Wshorten-64-to-32 -Wpointer-sign -Wno-newline-eof -Wno-implicit-fallthrough -isysroot /Applications/Xcode_26.6.app/Contents/Developer/Platforms/iPhoneOS.platform/Developer/SDKs/iPhoneOS26.5.sdk -fstrict-aliasing -Wdeprecated-declarations -Wno-sign-conversion -Wno-infinite-recursion -Wno-comma -Wno-block-capture-autoreleasing -Wno-strict-prototypes -Wno-semicolon-before-method-body @/Users/runner/Library/Developer/Xcode/DerivedData/Reel-eksnidxqjeiwfnbzsppehnrbqtac/Build/Intermediates.noindex/ArchiveIntermediates/Reel/IntermediateBuildFilesPath/AMSMB2.build/Release-iphoneos/libsmb2.build/Objects-normal/arm64/7187679823f38a2a940e0043cdf9d637-common-args.resp -MMD -MT dependencies -MF /Users/runner/Library/Developer/Xcode/DerivedData/Reel-eksnidxqjeiwfnbzsppehnrbqtac/Build/Intermediates.noindex/ArchiveIntermediates/Reel/IntermediateBuildFilesPath/AMSMB2.build/Release-iphoneos/libsmb2.build/Objects-normal/arm64/unicode.d --serialize-diagnostics /Users/runner/Library/Developer/Xcode/DerivedData/Reel-eksnidxqjeiwfnbzsppehnrbqtac/Build/Intermediates.noindex/ArchiveIntermediates/Reel/IntermediateBuildFilesPath/AMSMB2.build/Release-iphoneos/libsmb2.build/Objects-normal/arm64/unicode.dia -c /Users/runner/work/reel/reel/Packages/AMSMB2/Dependencies/libsmb2/lib/unicode.c -o /Users/runner/Library/Developer/Xcode/DerivedData/Reel-eksnidxqjeiwfnbzsppehnrbqtac/Build/Intermediates.noindex/ArchiveIntermediates/Reel/IntermediateBuildFilesPath/AMSMB2.build/Release-iphoneos/libsmb2.build/Objects-normal/arm64/unicode.o

CompileC /Users/runner/Library/Developer/Xcode/DerivedData/Reel-eksnidxqjeiwfnbzsppehnrbqtac/Build/Intermediates.noindex/ArchiveIntermediates/Reel/IntermediateBuildFilesPath/AMSMB2.build/Release-iphoneos/libsmb2.build/Objects-normal/arm64/timestamps.o /Users/runner/work/reel/reel/Packages/AMSMB2/Dependencies/libsmb2/lib/timestamps.c normal arm64 c com.apple.compilers.llvm.clang.1_0.compiler (in target 'libsmb2' from project 'AMSMB2')
    cd /Users/runner/work/reel/reel/Reel.xcodeproj
    
    Using response file: /Users/runner/Library/Developer/Xcode/DerivedData/Reel-eksnidxqjeiwfnbzsppehnrbqtac/Build/Intermediates.noindex/ArchiveIntermediates/Reel/IntermediateBuildFilesPath/AMSMB2.build/Release-iphoneos/libsmb2.build/Objects-normal/arm64/7187679823f38a2a940e0043cdf9d637-common-args.resp
    
    /Applications/Xcode_26.6.app/Contents/Developer/Toolchains/XcodeDefault.xctoolchain/usr/bin/clang -x c -ivfsstatcache /Users/runner/Library/Developer/Xcode/DerivedData/SDKStatCaches.noindex/iphoneos26.5-23F81a-688ef53f1462e2c8f657fdc38a81448fee66e23052a0157c865c76b268046726.sdkstatcache -target arm64-apple-ios13.0 -fmessage-length\=0 -fdiagnostics-show-note-include-stack -fmacro-backtrace-limit\=0 -fno-color-diagnostics -fmodules-prune-interval\=86400 -fmodules-prune-after\=345600 -fbuild-session-file\=/Users/runner/Library/Developer/Xcode/DerivedData/ModuleCache.noindex/Session.modulevalidation -fmodules-validate-once-per-build-session -Wnon-modular-include-in-framework-module -Werror\=non-modular-include-in-framework-module -Wno-trigraphs -Wno-missing-field-initializers -Wno-missing-prototypes -Wno-return-type -Wno-missing-braces -Wparentheses -Wswitch -Wno-unused-function -Wno-unused-label -Wno-unused-parameter -Wno-unused-variable -Wunused-value -Wno-empty-body -Wno-uninitialized -Wno-unknown-pragmas -w -Wno-shadow -Wno-four-char-constants -Wno-conversion -Wno-constant-conversion -Wno-int-conversion -Wno-bool-conversion -Wno-enum-conversion -Wno-float-conversion -Wno-non-literal-null-conversion -Wno-objc-literal-conversion -Wshorten-64-to-32 -Wpointer-sign -Wno-newline-eof -Wno-implicit-fallthrough -isysroot /Applications/Xcode_26.6.app/Contents/Developer/Platforms/iPhoneOS.platform/Developer/SDKs/iPhoneOS26.5.sdk -fstrict-aliasing -Wdeprecated-declarations -Wno-sign-conversion -Wno-infinite-recursion -Wno-comma -Wno-block-capture-autoreleasing -Wno-strict-prototypes -Wno-semicolon-before-method-body @/Users/runner/Library/Developer/Xcode/DerivedData/Reel-eksnidxqjeiwfnbzsppehnrbqtac/Build/Intermediates.noindex/ArchiveIntermediates/Reel/IntermediateBuildFilesPath/AMSMB2.build/Release-iphoneos/libsmb2.build/Objects-normal/arm64/7187679823f38a2a940e0043cdf9d637-common-args.resp -MMD -MT dependencies -MF /Users/runner/Library/Developer/Xcode/DerivedData/Reel-eksnidxqjeiwfnbzsppehnrbqtac/Build/Intermediates.noindex/ArchiveIntermediates/Reel/IntermediateBuildFilesPath/AMSMB2.build/Release-iphoneos/libsmb2.build/Objects-normal/arm64/timestamps.d --serialize-diagnostics /Users/runner/Library/Developer/Xcode/DerivedData/Reel-eksnidxqjeiwfnbzsppehnrbqtac/Build/Intermediates.noindex/ArchiveIntermediates/Reel/IntermediateBuildFilesPath/AMSMB2.build/Release-iphoneos/libsmb2.build/Objects-normal/arm64/timestamps.dia -c /Users/runner/work/reel/reel/Packages/AMSMB2/Dependencies/libsmb2/lib/timestamps.c -o /Users/runner/Library/Developer/Xcode/DerivedData/Reel-eksnidxqjeiwfnbzsppehnrbqtac/Build/Intermediates.noindex/ArchiveIntermediates/Reel/IntermediateBuildFilesPath/AMSMB2.build/Release-iphoneos/libsmb2.build/Objects-normal/arm64/timestamps.o

SwiftExplicitDependencyGeneratePcm arm64 /Users/runner/Library/Developer/Xcode/DerivedData/ModuleCache.noindex/_DarwinFoundation2-EXJBHLC8V2ZY8CF0BNQD97LYN.pcm

CompileC /Users/runner/Library/Developer/Xcode/DerivedData/Reel-eksnidxqjeiwfnbzsppehnrbqtac/Build/Intermediates.noindex/ArchiveIntermediates/Reel/IntermediateBuildFilesPath/AMSMB2.build/Release-iphoneos/libsmb2.build/Objects-normal/arm64/sync.o /Users/runner/work/reel/reel/Packages/AMSMB2/Dependencies/libsmb2/lib/sync.c normal arm64 c com.apple.compilers.llvm.clang.1_0.compiler (in target 'libsmb2' from project 'AMSMB2')
    cd /Users/runner/work/reel/reel/Reel.xcodeproj
    
    Using response file: /Users/runner/Library/Developer/Xcode/DerivedData/Reel-eksnidxqjeiwfnbzsppehnrbqtac/Build/Intermediates.noindex/ArchiveIntermediates/Reel/IntermediateBuildFilesPath/AMSMB2.build/Release-iphoneos/libsmb2.build/Objects-normal/arm64/7187679823f38a2a940e0043cdf9d637-common-args.resp
    
    /Applications/Xcode_26.6.app/Contents/Developer/Toolchains/XcodeDefault.xctoolchain/usr/bin/clang -x c -ivfsstatcache /Users/runner/Library/Developer/Xcode/DerivedData/SDKStatCaches.noindex/iphoneos26.5-23F81a-688ef53f1462e2c8f657fdc38a81448fee66e23052a0157c865c76b268046726.sdkstatcache -target arm64-apple-ios13.0 -fmessage-length\=0 -fdiagnostics-show-note-include-stack -fmacro-backtrace-limit\=0 -fno-color-diagnostics -fmodules-prune-interval\=86400 -fmodules-prune-after\=345600 -fbuild-session-file\=/Users/runner/Library/Developer/Xcode/DerivedData/ModuleCache.noindex/Session.modulevalidation -fmodules-validate-once-per-build-session -Wnon-modular-include-in-framework-module -Werror\=non-modular-include-in-framework-module -Wno-trigraphs -Wno-missing-field-initializers -Wno-missing-prototypes -Wno-return-type -Wno-missing-braces -Wparentheses -Wswitch -Wno-unused-function -Wno-unused-label -Wno-unused-parameter -Wno-unused-variable -Wunused-value -Wno-empty-body -Wno-uninitialized -Wno-unknown-pragmas -w -Wno-shadow -Wno-four-char-constants -Wno-conversion -Wno-constant-conversion -Wno-int-conversion -Wno-bool-conversion -Wno-enum-conversion -Wno-float-conversion -Wno-non-literal-null-conversion -Wno-objc-literal-conversion -Wshorten-64-to-32 -Wpointer-sign -Wno-newline-eof -Wno-implicit-fallthrough -isysroot /Applications/Xcode_26.6.app/Contents/Developer/Platforms/iPhoneOS.platform/Developer/SDKs/iPhoneOS26.5.sdk -fstrict-aliasing -Wdeprecated-declarations -Wno-sign-conversion -Wno-infinite-recursion -Wno-comma -Wno-block-capture-autoreleasing -Wno-strict-prototypes -Wno-semicolon-before-method-body @/Users/runner/Library/Developer/Xcode/DerivedData/Reel-eksnidxqjeiwfnbzsppehnrbqtac/Build/Intermediates.noindex/ArchiveIntermediates/Reel/IntermediateBuildFilesPath/AMSMB2.build/Release-iphoneos/libsmb2.build/Objects-normal/arm64/7187679823f38a2a940e0043cdf9d637-common-args.resp -MMD -MT dependencies -MF /Users/runner/Library/Developer/Xcode/DerivedData/Reel-eksnidxqjeiwfnbzsppehnrbqtac/Build/Intermediates.noindex/ArchiveIntermediates/Reel/IntermediateBuildFilesPath/AMSMB2.build/Release-iphoneos/libsmb2.build/Objects-normal/arm64/sync.d --serialize-diagnostics /Users/runner/Library/Developer/Xcode/DerivedData/Reel-eksnidxqjeiwfnbzsppehnrbqtac/Build/Intermediates.noindex/ArchiveIntermediates/Reel/IntermediateBuildFilesPath/AMSMB2.build/Release-iphoneos/libsmb2.build/Objects-normal/arm64/sync.dia -c /Users/runner/work/reel/reel/Packages/AMSMB2/Dependencies/libsmb2/lib/sync.c -o /Users/runner/Library/Developer/Xcode/DerivedData/Reel-eksnidxqjeiwfnbzsppehnrbqtac/Build/Intermediates.noindex/ArchiveIntermediates/Reel/IntermediateBuildFilesPath/AMSMB2.build/Release-iphoneos/libsmb2.build/Objects-normal/arm64/sync.o

ScanDependencies /Users/runner/Library/Developer/Xcode/DerivedData/Reel-eksnidxqjeiwfnbzsppehnrbqtac/Build/Intermediates.noindex/ArchiveIntermediates/Reel/IntermediateBuildFilesPath/AMSMB2.build/Release-iphoneos/libsmb2.build/Objects-normal/arm64/spnego-wrapper.o /Users/runner/work/reel/reel/Packages/AMSMB2/Dependencies/libsmb2/lib/spnego-wrapper.c normal arm64 c com.apple.compilers.llvm.clang.1_0.compiler (in target 'libsmb2' from project 'AMSMB2')
    cd /Users/runner/work/reel/reel/Reel.xcodeproj
    
    Using response file: /Users/runner/Library/Developer/Xcode/DerivedData/Reel-eksnidxqjeiwfnbzsppehnrbqtac/Build/Intermediates.noindex/ArchiveIntermediates/Reel/IntermediateBuildFilesPath/AMSMB2.build/Release-iphoneos/libsmb2.build/Objects-normal/arm64/7187679823f38a2a940e0043cdf9d637-common-args.resp
    
    builtin-ScanDependencies -o /Users/runner/Library/Developer/Xcode/DerivedData/Reel-eksnidxqjeiwfnbzsppehnrbqtac/Build/Intermediates.noindex/ArchiveIntermediates/Reel/IntermediateBuildFilesPath/AMSMB2.build/Release-iphoneos/libsmb2.build/Objects-normal/arm64/spnego-wrapper.o.scan -- /Applications/Xcode_26.6.app/Contents/Developer/Toolchains/XcodeDefault.xctoolchain/usr/bin/clang -x c -ivfsstatcache /Users/runner/Library/Developer/Xcode/DerivedData/SDKStatCaches.noindex/iphoneos26.5-23F81a-688ef53f1462e2c8f657fdc38a81448fee66e23052a0157c865c76b268046726.sdkstatcache -target arm64-apple-ios13.0 -fmessage-length\=0 -fdiagnostics-show-note-include-stack -fmacro-backtrace-limit\=0 -fno-color-diagnostics -fmodules-prune-interval\=86400 -fmodules-prune-after\=345600 -fbuild-session-file\=/Users/runner/Library/Developer/Xcode/DerivedData/ModuleCache.noindex/Session.modulevalidation -fmodules-validate-once-per-build-session -Wnon-modular-include-in-framework-module -Werror\=non-modular-include-in-framework-module -Wno-trigraphs -Wno-missing-field-initializers -Wno-missing-prototypes -Wno-return-type -Wno-missing-braces -Wparentheses -Wswitch -Wno-unused-function -Wno-unused-label -Wno-unused-parameter -Wno-unused-variable -Wunused-value -Wno-empty-body -Wno-uninitialized -Wno-unknown-pragmas -w -Wno-shadow -Wno-four-char-constants -Wno-conversion -Wno-constant-conversion -Wno-int-conversion -Wno-bool-conversion -Wno-enum-conversion -Wno-float-conversion -Wno-non-literal-null-conversion -Wno-objc-literal-conversion -Wshorten-64-to-32 -Wpointer-sign -Wno-newline-eof -Wno-implicit-fallthrough -isysroot /Applications/Xcode_26.6.app/Contents/Developer/Platforms/iPhoneOS.platform/Developer/SDKs/iPhoneOS26.5.sdk -fstrict-aliasing -Wdeprecated-declarations -Wno-sign-conversion -Wno-infinite-recursion -Wno-comma -Wno-block-capture-autoreleasing -Wno-strict-prototypes -Wno-semicolon-before-method-body @/Users/runner/Library/Developer/Xcode/DerivedData/Reel-eksnidxqjeiwfnbzsppehnrbqtac/Build/Intermediates.noindex/ArchiveIntermediates/Reel/IntermediateBuildFilesPath/AMSMB2.build/Release-iphoneos/libsmb2.build/Objects-normal/arm64/7187679823f38a2a940e0043cdf9d637-common-args.resp -MMD -MT dependencies -MF /Users/runner/Library/Developer/Xcode/DerivedData/Reel-eksnidxqjeiwfnbzsppehnrbqtac/Build/Intermediates.noindex/ArchiveIntermediates/Reel/IntermediateBuildFilesPath/AMSMB2.build/Release-iphoneos/libsmb2.build/Objects-normal/arm64/spnego-wrapper.d --serialize-diagnostics /Users/runner/Library/Developer/Xcode/DerivedData/Reel-eksnidxqjeiwfnbzsppehnrbqtac/Build/Intermediates.noindex/ArchiveIntermediates/Reel/IntermediateBuildFilesPath/AMSMB2.build/Release-iphoneos/libsmb2.build/Objects-normal/arm64/spnego-wrapper.dia -c /Users/runner/work/reel/reel/Packages/AMSMB2/Dependencies/libsmb2/lib/spnego-wrapper.c -o /Users/runner/Library/Developer/Xcode/DerivedData/Reel-eksnidxqjeiwfnbzsppehnrbqtac/Build/Intermediates.noindex/ArchiveIntermediates/Reel/IntermediateBuildFilesPath/AMSMB2.build/Release-iphoneos/libsmb2.build/Objects-normal/arm64/spnego-wrapper.o

ScanDependencies /Users/runner/Library/Developer/Xcode/DerivedData/Reel-eksnidxqjeiwfnbzsppehnrbqtac/Build/Intermediates.noindex/ArchiveIntermediates/Reel/IntermediateBuildFilesPath/AMSMB2.build/Release-iphoneos/libsmb2.build/Objects-normal/arm64/socket.o /Users/runner/work/reel/reel/Packages/AMSMB2/Dependencies/libsmb2/lib/socket.c normal arm64 c com.apple.compilers.llvm.clang.1_0.compiler (in target 'libsmb2' from project 'AMSMB2')
    cd /Users/runner/work/reel/reel/Reel.xcodeproj
    
    Using response file: /Users/runner/Library/Developer/Xcode/DerivedData/Reel-eksnidxqjeiwfnbzsppehnrbqtac/Build/Intermediates.noindex/ArchiveIntermediates/Reel/IntermediateBuildFilesPath/AMSMB2.build/Release-iphoneos/libsmb2.build/Objects-normal/arm64/7187679823f38a2a940e0043cdf9d637-common-args.resp
    
    builtin-ScanDependencies -o /Users/runner/Library/Developer/Xcode/DerivedData/Reel-eksnidxqjeiwfnbzsppehnrbqtac/Build/Intermediates.noindex/ArchiveIntermediates/Reel/IntermediateBuildFilesPath/AMSMB2.build/Release-iphoneos/libsmb2.build/Objects-normal/arm64/socket.o.scan -- /Applications/Xcode_26.6.app/Contents/Developer/Toolchains/XcodeDefault.xctoolchain/usr/bin/clang -x c -ivfsstatcache /Users/runner/Library/Developer/Xcode/DerivedData/SDKStatCaches.noindex/iphoneos26.5-23F81a-688ef53f1462e2c8f657fdc38a81448fee66e23052a0157c865c76b268046726.sdkstatcache -target arm64-apple-ios13.0 -fmessage-length\=0 -fdiagnostics-show-note-include-stack -fmacro-backtrace-limit\=0 -fno-color-diagnostics -fmodules-prune-interval\=86400 -fmodules-prune-after\=345600 -fbuild-session-file\=/Users/runner/Library/Developer/Xcode/DerivedData/ModuleCache.noindex/Session.modulevalidation -fmodules-validate-once-per-build-session -Wnon-modular-include-in-framework-module -Werror\=non-modular-include-in-framework-module -Wno-trigraphs -Wno-missing-field-initializers -Wno-missing-prototypes -Wno-return-type -Wno-missing-braces -Wparentheses -Wswitch -Wno-unused-function -Wno-unused-label -Wno-unused-parameter -Wno-unused-variable -Wunused-value -Wno-empty-body -Wno-uninitialized -Wno-unknown-pragmas -w -Wno-shadow -Wno-four-char-constants -Wno-conversion -Wno-constant-conversion -Wno-int-conversion -Wno-bool-conversion -Wno-enum-conversion -Wno-float-conversion -Wno-non-literal-null-conversion -Wno-objc-literal-conversion -Wshorten-64-to-32 -Wpointer-sign -Wno-newline-eof -Wno-implicit-fallthrough -isysroot /Applications/Xcode_26.6.app/Contents/Developer/Platforms/iPhoneOS.platform/Developer/SDKs/iPhoneOS26.5.sdk -fstrict-aliasing -Wdeprecated-declarations -Wno-sign-conversion -Wno-infinite-recursion -Wno-comma -Wno-block-capture-autoreleasing -Wno-strict-prototypes -Wno-semicolon-before-method-body @/Users/runner/Library/Developer/Xcode/DerivedData/Reel-eksnidxqjeiwfnbzsppehnrbqtac/Build/Intermediates.noindex/ArchiveIntermediates/Reel/IntermediateBuildFilesPath/AMSMB2.build/Release-iphoneos/libsmb2.build/Objects-normal/arm64/7187679823f38a2a940e0043cdf9d637-common-args.resp -MMD -MT dependencies -MF /Users/runner/Library/Developer/Xcode/DerivedData/Reel-eksnidxqjeiwfnbzsppehnrbqtac/Build/Intermediates.noindex/ArchiveIntermediates/Reel/IntermediateBuildFilesPath/AMSMB2.build/Release-iphoneos/libsmb2.build/Objects-normal/arm64/socket.d --serialize-diagnostics /Users/runner/Library/Developer/Xcode/DerivedData/Reel-eksnidxqjeiwfnbzsppehnrbqtac/Build/Intermediates.noindex/ArchiveIntermediates/Reel/IntermediateBuildFilesPath/AMSMB2.build/Release-iphoneos/libsmb2.build/Objects-normal/arm64/socket.dia -c /Users/runner/work/reel/reel/Packages/AMSMB2/Dependencies/libsmb2/lib/socket.c -o /Users/runner/Library/Developer/Xcode/DerivedData/Reel-eksnidxqjeiwfnbzsppehnrbqtac/Build/Intermediates.noindex/ArchiveIntermediates/Reel/IntermediateBuildFilesPath/AMSMB2.build/Release-iphoneos/libsmb2.build/Objects-normal/arm64/socket.o

SwiftExplicitDependencyGeneratePcm arm64 /Users/runner/Library/Developer/Xcode/DerivedData/ModuleCache.noindex/sys_types-PD12HKBGCS7I3OBLUYFEM91I.pcm

SwiftExplicitDependencyGeneratePcm arm64 /Users/runner/Library/Developer/Xcode/DerivedData/ModuleCache.noindex/_Builtin_stdint-615ELPXO79BLW33W9285OFC4J.pcm

SwiftExplicitDependencyGeneratePcm arm64 /Users/runner/Library/Developer/Xcode/DerivedData/ModuleCache.noindex/_Builtin_tgmath-58640SAGBG6W1YPPM9JZXQVEU.pcm

CompileC /Users/runner/Library/Developer/Xcode/DerivedData/Reel-eksnidxqjeiwfnbzsppehnrbqtac/Build/Intermediates.noindex/ArchiveIntermediates/Reel/IntermediateBuildFilesPath/AMSMB2.build/Release-iphoneos/libsmb2.build/Objects-normal/arm64/spnego-wrapper.o /Users/runner/work/reel/reel/Packages/AMSMB2/Dependencies/libsmb2/lib/spnego-wrapper.c normal arm64 c com.apple.compilers.llvm.clang.1_0.compiler (in target 'libsmb2' from project 'AMSMB2')
    cd /Users/runner/work/reel/reel/Reel.xcodeproj
    
    Using response file: /Users/runner/Library/Developer/Xcode/DerivedData/Reel-eksnidxqjeiwfnbzsppehnrbqtac/Build/Intermediates.noindex/ArchiveIntermediates/Reel/IntermediateBuildFilesPath/AMSMB2.build/Release-iphoneos/libsmb2.build/Objects-normal/arm64/7187679823f38a2a940e0043cdf9d637-common-args.resp
    
    /Applications/Xcode_26.6.app/Contents/Developer/Toolchains/XcodeDefault.xctoolchain/usr/bin/clang -x c -ivfsstatcache /Users/runner/Library/Developer/Xcode/DerivedData/SDKStatCaches.noindex/iphoneos26.5-23F81a-688ef53f1462e2c8f657fdc38a81448fee66e23052a0157c865c76b268046726.sdkstatcache -target arm64-apple-ios13.0 -fmessage-length\=0 -fdiagnostics-show-note-include-stack -fmacro-backtrace-limit\=0 -fno-color-diagnostics -fmodules-prune-interval\=86400 -fmodules-prune-after\=345600 -fbuild-session-file\=/Users/runner/Library/Developer/Xcode/DerivedData/ModuleCache.noindex/Session.modulevalidation -fmodules-validate-once-per-build-session -Wnon-modular-include-in-framework-module -Werror\=non-modular-include-in-framework-module -Wno-trigraphs -Wno-missing-field-initializers -Wno-missing-prototypes -Wno-return-type -Wno-missing-braces -Wparentheses -Wswitch -Wno-unused-function -Wno-unused-label -Wno-unused-parameter -Wno-unused-variable -Wunused-value -Wno-empty-body -Wno-uninitialized -Wno-unknown-pragmas -w -Wno-shadow -Wno-four-char-constants -Wno-conversion -Wno-constant-conversion -Wno-int-conversion -Wno-bool-conversion -Wno-enum-conversion -Wno-float-conversion -Wno-non-literal-null-conversion -Wno-objc-literal-conversion -Wshorten-64-to-32 -Wpointer-sign -Wno-newline-eof -Wno-implicit-fallthrough -isysroot /Applications/Xcode_26.6.app/Contents/Developer/Platforms/iPhoneOS.platform/Developer/SDKs/iPhoneOS26.5.sdk -fstrict-aliasing -Wdeprecated-declarations -Wno-sign-conversion -Wno-infinite-recursion -Wno-comma -Wno-block-capture-autoreleasing -Wno-strict-prototypes -Wno-semicolon-before-method-body @/Users/runner/Library/Developer/Xcode/DerivedData/Reel-eksnidxqjeiwfnbzsppehnrbqtac/Build/Intermediates.noindex/ArchiveIntermediates/Reel/IntermediateBuildFilesPath/AMSMB2.build/Release-iphoneos/libsmb2.build/Objects-normal/arm64/7187679823f38a2a940e0043cdf9d637-common-args.resp -MMD -MT dependencies -MF /Users/runner/Library/Developer/Xcode/DerivedData/Reel-eksnidxqjeiwfnbzsppehnrbqtac/Build/Intermediates.noindex/ArchiveIntermediates/Reel/IntermediateBuildFilesPath/AMSMB2.build/Release-iphoneos/libsmb2.build/Objects-normal/arm64/spnego-wrapper.d --serialize-diagnostics /Users/runner/Library/Developer/Xcode/DerivedData/Reel-eksnidxqjeiwfnbzsppehnrbqtac/Build/Intermediates.noindex/ArchiveIntermediates/Reel/IntermediateBuildFilesPath/AMSMB2.build/Release-iphoneos/libsmb2.build/Objects-normal/arm64/spnego-wrapper.dia -c /Users/runner/work/reel/reel/Packages/AMSMB2/Dependencies/libsmb2/lib/spnego-wrapper.c -o /Users/runner/Library/Developer/Xcode/DerivedData/Reel-eksnidxqjeiwfnbzsppehnrbqtac/Build/Intermediates.noindex/ArchiveIntermediates/Reel/IntermediateBuildFilesPath/AMSMB2.build/Release-iphoneos/libsmb2.build/Objects-normal/arm64/spnego-wrapper.o

SwiftExplicitDependencyGeneratePcm arm64 /Users/runner/Library/Developer/Xcode/DerivedData/ModuleCache.noindex/_DarwinFoundation3-ELTV2I42SPSDMPAUN6R858CGP.pcm

SwiftExplicitDependencyGeneratePcm arm64 /Users/runner/Library/Developer/Xcode/DerivedData/ModuleCache.noindex/ObjectiveC-1NER7Y6YP2LIGLRV9AY2VCV5M.pcm

SwiftExplicitDependencyGeneratePcm arm64 /Users/runner/Library/Developer/Xcode/DerivedData/ModuleCache.noindex/_Builtin_intrinsics-DMARYMBXXGZM0Q38TZZMOQW8D.pcm

SwiftExplicitDependencyGeneratePcm arm64 /Users/runner/Library/Developer/Xcode/DerivedData/ModuleCache.noindex/_Builtin_stdatomic-7ICCR1EERZQRTCK8DK4OCZGDS.pcm

SwiftExplicitDependencyGeneratePcm arm64 /Users/runner/Library/Developer/Xcode/DerivedData/ModuleCache.noindex/_Builtin_inttypes-24MMY0B1C8U8SGX8SA5DOMH7E.pcm

SwiftExplicitDependencyGeneratePcm arm64 /Users/runner/Library/Developer/Xcode/DerivedData/ModuleCache.noindex/os_object-DI1OM793XIE8SC8UTSZDAMH2Z.pcm

CompileC /Users/runner/Library/Developer/Xcode/DerivedData/Reel-eksnidxqjeiwfnbzsppehnrbqtac/Build/Intermediates.noindex/ArchiveIntermediates/Reel/IntermediateBuildFilesPath/AMSMB2.build/Release-iphoneos/libsmb2.build/Objects-normal/arm64/socket.o /Users/runner/work/reel/reel/Packages/AMSMB2/Dependencies/libsmb2/lib/socket.c normal arm64 c com.apple.compilers.llvm.clang.1_0.compiler (in target 'libsmb2' from project 'AMSMB2')
    cd /Users/runner/work/reel/reel/Reel.xcodeproj
    
    Using response file: /Users/runner/Library/Developer/Xcode/DerivedData/Reel-eksnidxqjeiwfnbzsppehnrbqtac/Build/Intermediates.noindex/ArchiveIntermediates/Reel/IntermediateBuildFilesPath/AMSMB2.build/Release-iphoneos/libsmb2.build/Objects-normal/arm64/7187679823f38a2a940e0043cdf9d637-common-args.resp
    
    /Applications/Xcode_26.6.app/Contents/Developer/Toolchains/XcodeDefault.xctoolchain/usr/bin/clang -x c -ivfsstatcache /Users/runner/Library/Developer/Xcode/DerivedData/SDKStatCaches.noindex/iphoneos26.5-23F81a-688ef53f1462e2c8f657fdc38a81448fee66e23052a0157c865c76b268046726.sdkstatcache -target arm64-apple-ios13.0 -fmessage-length\=0 -fdiagnostics-show-note-include-stack -fmacro-backtrace-limit\=0 -fno-color-diagnostics -fmodules-prune-interval\=86400 -fmodules-prune-after\=345600 -fbuild-session-file\=/Users/runner/Library/Developer/Xcode/DerivedData/ModuleCache.noindex/Session.modulevalidation -fmodules-validate-once-per-build-session -Wnon-modular-include-in-framework-module -Werror\=non-modular-include-in-framework-module -Wno-trigraphs -Wno-missing-field-initializers -Wno-missing-prototypes -Wno-return-type -Wno-missing-braces -Wparentheses -Wswitch -Wno-unused-function -Wno-unused-label -Wno-unused-parameter -Wno-unused-variable -Wunused-value -Wno-empty-body -Wno-uninitialized -Wno-unknown-pragmas -w -Wno-shadow -Wno-four-char-constants -Wno-conversion -Wno-constant-conversion -Wno-int-conversion -Wno-bool-conversion -Wno-enum-conversion -Wno-float-conversion -Wno-non-literal-null-conversion -Wno-objc-literal-conversion -Wshorten-64-to-32 -Wpointer-sign -Wno-newline-eof -Wno-implicit-fallthrough -isysroot /Applications/Xcode_26.6.app/Contents/Developer/Platforms/iPhoneOS.platform/Developer/SDKs/iPhoneOS26.5.sdk -fstrict-aliasing -Wdeprecated-declarations -Wno-sign-conversion -Wno-infinite-recursion -Wno-comma -Wno-block-capture-autoreleasing -Wno-strict-prototypes -Wno-semicolon-before-method-body @/Users/runner/Library/Developer/Xcode/DerivedData/Reel-eksnidxqjeiwfnbzsppehnrbqtac/Build/Intermediates.noindex/ArchiveIntermediates/Reel/IntermediateBuildFilesPath/AMSMB2.build/Release-iphoneos/libsmb2.build/Objects-normal/arm64/7187679823f38a2a940e0043cdf9d637-common-args.resp -MMD -MT dependencies -MF /Users/runner/Library/Developer/Xcode/DerivedData/Reel-eksnidxqjeiwfnbzsppehnrbqtac/Build/Intermediates.noindex/ArchiveIntermediates/Reel/IntermediateBuildFilesPath/AMSMB2.build/Release-iphoneos/libsmb2.build/Objects-normal/arm64/socket.d --serialize-diagnostics /Users/runner/Library/Developer/Xcode/DerivedData/Reel-eksnidxqjeiwfnbzsppehnrbqtac/Build/Intermediates.noindex/ArchiveIntermediates/Reel/IntermediateBuildFilesPath/AMSMB2.build/Release-iphoneos/libsmb2.build/Objects-normal/arm64/socket.dia -c /Users/runner/work/reel/reel/Packages/AMSMB2/Dependencies/libsmb2/lib/socket.c -o /Users/runner/Library/Developer/Xcode/DerivedData/Reel-eksnidxqjeiwfnbzsppehnrbqtac/Build/Intermediates.noindex/ArchiveIntermediates/Reel/IntermediateBuildFilesPath/AMSMB2.build/Release-iphoneos/libsmb2.build/Objects-normal/arm64/socket.o

SwiftExplicitDependencyGeneratePcm arm64 /Users/runner/Library/Developer/Xcode/DerivedData/ModuleCache.noindex/Darwin-65WM8VPK397D97H068127QY5O.pcm

SwiftExplicitDependencyGeneratePcm arm64 /Users/runner/Library/Developer/Xcode/DerivedData/ModuleCache.noindex/os_workgroup-22NFCBQH3ZDCNU7G5BUNZLBXZ.pcm

ScanDependencies /Users/runner/Library/Developer/Xcode/DerivedData/Reel-eksnidxqjeiwfnbzsppehnrbqtac/Build/Intermediates.noindex/ArchiveIntermediates/Reel/IntermediateBuildFilesPath/AMSMB2.build/Release-iphoneos/libsmb2.build/Objects-normal/arm64/smb3-seal.o /Users/runner/work/reel/reel/Packages/AMSMB2/Dependencies/libsmb2/lib/smb3-seal.c normal arm64 c com.apple.compilers.llvm.clang.1_0.compiler (in target 'libsmb2' from project 'AMSMB2')
    cd /Users/runner/work/reel/reel/Reel.xcodeproj
    
    Using response file: /Users/runner/Library/Developer/Xcode/DerivedData/Reel-eksnidxqjeiwfnbzsppehnrbqtac/Build/Intermediates.noindex/ArchiveIntermediates/Reel/IntermediateBuildFilesPath/AMSMB2.build/Release-iphoneos/libsmb2.build/Objects-normal/arm64/7187679823f38a2a940e0043cdf9d637-common-args.resp
    
    builtin-ScanDependencies -o /Users/runner/Library/Developer/Xcode/DerivedData/Reel-eksnidxqjeiwfnbzsppehnrbqtac/Build/Intermediates.noindex/ArchiveIntermediates/Reel/IntermediateBuildFilesPath/AMSMB2.build/Release-iphoneos/libsmb2.build/Objects-normal/arm64/smb3-seal.o.scan -- /Applications/Xcode_26.6.app/Contents/Developer/Toolchains/XcodeDefault.xctoolchain/usr/bin/clang -x c -ivfsstatcache /Users/runner/Library/Developer/Xcode/DerivedData/SDKStatCaches.noindex/iphoneos26.5-23F81a-688ef53f1462e2c8f657fdc38a81448fee66e23052a0157c865c76b268046726.sdkstatcache -target arm64-apple-ios13.0 -fmessage-length\=0 -fdiagnostics-show-note-include-stack -fmacro-backtrace-limit\=0 -fno-color-diagnostics -fmodules-prune-interval\=86400 -fmodules-prune-after\=345600 -fbuild-session-file\=/Users/runner/Library/Developer/Xcode/DerivedData/ModuleCache.noindex/Session.modulevalidation -fmodules-validate-once-per-build-session -Wnon-modular-include-in-framework-module -Werror\=non-modular-include-in-framework-module -Wno-trigraphs -Wno-missing-field-initializers -Wno-missing-prototypes -Wno-return-type -Wno-missing-braces -Wparentheses -Wswitch -Wno-unused-function -Wno-unused-label -Wno-unused-parameter -Wno-unused-variable -Wunused-value -Wno-empty-body -Wno-uninitialized -Wno-unknown-pragmas -w -Wno-shadow -Wno-four-char-constants -Wno-conversion -Wno-constant-conversion -Wno-int-conversion -Wno-bool-conversion -Wno-enum-conversion -Wno-float-conversion -Wno-non-literal-null-conversion -Wno-objc-literal-conversion -Wshorten-64-to-32 -Wpointer-sign -Wno-newline-eof -Wno-implicit-fallthrough -isysroot /Applications/Xcode_26.6.app/Contents/Developer/Platforms/iPhoneOS.platform/Developer/SDKs/iPhoneOS26.5.sdk -fstrict-aliasing -Wdeprecated-declarations -Wno-sign-conversion -Wno-infinite-recursion -Wno-comma -Wno-block-capture-autoreleasing -Wno-strict-prototypes -Wno-semicolon-before-method-body @/Users/runner/Library/Developer/Xcode/DerivedData/Reel-eksnidxqjeiwfnbzsppehnrbqtac/Build/Intermediates.noindex/ArchiveIntermediates/Reel/IntermediateBuildFilesPath/AMSMB2.build/Release-iphoneos/libsmb2.build/Objects-normal/arm64/7187679823f38a2a940e0043cdf9d637-common-args.resp -MMD -MT dependencies -MF /Users/runner/Library/Developer/Xcode/DerivedData/Reel-eksnidxqjeiwfnbzsppehnrbqtac/Build/Intermediates.noindex/ArchiveIntermediates/Reel/IntermediateBuildFilesPath/AMSMB2.build/Release-iphoneos/libsmb2.build/Objects-normal/arm64/smb3-seal.d --serialize-diagnostics /Users/runner/Library/Developer/Xcode/DerivedData/Reel-eksnidxqjeiwfnbzsppehnrbqtac/Build/Intermediates.noindex/ArchiveIntermediates/Reel/IntermediateBuildFilesPath/AMSMB2.build/Release-iphoneos/libsmb2.build/Objects-normal/arm64/smb3-seal.dia -c /Users/runner/work/reel/reel/Packages/AMSMB2/Dependencies/libsmb2/lib/smb3-seal.c -o /Users/runner/Library/Developer/Xcode/DerivedData/Reel-eksnidxqjeiwfnbzsppehnrbqtac/Build/Intermediates.noindex/ArchiveIntermediates/Reel/IntermediateBuildFilesPath/AMSMB2.build/Release-iphoneos/libsmb2.build/Objects-normal/arm64/smb3-seal.o

SwiftExplicitDependencyGeneratePcm arm64 /Users/runner/Library/Developer/Xcode/DerivedData/ModuleCache.noindex/simd-C8R11QAJSWUI0SDV4H8N1AJPA.pcm

CompileC /Users/runner/Library/Developer/Xcode/DerivedData/Reel-eksnidxqjeiwfnbzsppehnrbqtac/Build/Intermediates.noindex/ArchiveIntermediates/Reel/IntermediateBuildFilesPath/AMSMB2.build/Release-iphoneos/libsmb2.build/Objects-normal/arm64/smb3-seal.o /Users/runner/work/reel/reel/Packages/AMSMB2/Dependencies/libsmb2/lib/smb3-seal.c normal arm64 c com.apple.compilers.llvm.clang.1_0.compiler (in target 'libsmb2' from project 'AMSMB2')
    cd /Users/runner/work/reel/reel/Reel.xcodeproj
    
    Using response file: /Users/runner/Library/Developer/Xcode/DerivedData/Reel-eksnidxqjeiwfnbzsppehnrbqtac/Build/Intermediates.noindex/ArchiveIntermediates/Reel/IntermediateBuildFilesPath/AMSMB2.build/Release-iphoneos/libsmb2.build/Objects-normal/arm64/7187679823f38a2a940e0043cdf9d637-common-args.resp
    
    /Applications/Xcode_26.6.app/Contents/Developer/Toolchains/XcodeDefault.xctoolchain/usr/bin/clang -x c -ivfsstatcache /Users/runner/Library/Developer/Xcode/DerivedData/SDKStatCaches.noindex/iphoneos26.5-23F81a-688ef53f1462e2c8f657fdc38a81448fee66e23052a0157c865c76b268046726.sdkstatcache -target arm64-apple-ios13.0 -fmessage-length\=0 -fdiagnostics-show-note-include-stack -fmacro-backtrace-limit\=0 -fno-color-diagnostics -fmodules-prune-interval\=86400 -fmodules-prune-after\=345600 -fbuild-session-file\=/Users/runner/Library/Developer/Xcode/DerivedData/ModuleCache.noindex/Session.modulevalidation -fmodules-validate-once-per-build-session -Wnon-modular-include-in-framework-module -Werror\=non-modular-include-in-framework-module -Wno-trigraphs -Wno-missing-field-initializers -Wno-missing-prototypes -Wno-return-type -Wno-missing-braces -Wparentheses -Wswitch -Wno-unused-function -Wno-unused-label -Wno-unused-parameter -Wno-unused-variable -Wunused-value -Wno-empty-body -Wno-uninitialized -Wno-unknown-pragmas -w -Wno-shadow -Wno-four-char-constants -Wno-conversion -Wno-constant-conversion -Wno-int-conversion -Wno-bool-conversion -Wno-enum-conversion -Wno-float-conversion -Wno-non-literal-null-conversion -Wno-objc-literal-conversion -Wshorten-64-to-32 -Wpointer-sign -Wno-newline-eof -Wno-implicit-fallthrough -isysroot /Applications/Xcode_26.6.app/Contents/Developer/Platforms/iPhoneOS.platform/Developer/SDKs/iPhoneOS26.5.sdk -fstrict-aliasing -Wdeprecated-declarations -Wno-sign-conversion -Wno-infinite-recursion -Wno-comma -Wno-block-capture-autoreleasing -Wno-strict-prototypes -Wno-semicolon-before-method-body @/Users/runner/Library/Developer/Xcode/DerivedData/Reel-eksnidxqjeiwfnbzsppehnrbqtac/Build/Intermediates.noindex/ArchiveIntermediates/Reel/IntermediateBuildFilesPath/AMSMB2.build/Release-iphoneos/libsmb2.build/Objects-normal/arm64/7187679823f38a2a940e0043cdf9d637-common-args.resp -MMD -MT dependencies -MF /Users/runner/Library/Developer/Xcode/DerivedData/Reel-eksnidxqjeiwfnbzsppehnrbqtac/Build/Intermediates.noindex/ArchiveIntermediates/Reel/IntermediateBuildFilesPath/AMSMB2.build/Release-iphoneos/libsmb2.build/Objects-normal/arm64/smb3-seal.d --serialize-diagnostics /Users/runner/Library/Developer/Xcode/DerivedData/Reel-eksnidxqjeiwfnbzsppehnrbqtac/Build/Intermediates.noindex/ArchiveIntermediates/Reel/IntermediateBuildFilesPath/AMSMB2.build/Release-iphoneos/libsmb2.build/Objects-normal/arm64/smb3-seal.dia -c /Users/runner/work/reel/reel/Packages/AMSMB2/Dependencies/libsmb2/lib/smb3-seal.c -o /Users/runner/Library/Developer/Xcode/DerivedData/Reel-eksnidxqjeiwfnbzsppehnrbqtac/Build/Intermediates.noindex/ArchiveIntermediates/Reel/IntermediateBuildFilesPath/AMSMB2.build/Release-iphoneos/libsmb2.build/Objects-normal/arm64/smb3-seal.o

SwiftExplicitDependencyGeneratePcm arm64 /Users/runner/Library/Developer/Xcode/DerivedData/ModuleCache.noindex/Dispatch-C661BX31HHE9G665HM84NKZS8.pcm

ScanDependencies /Users/runner/Library/Developer/Xcode/DerivedData/Reel-eksnidxqjeiwfnbzsppehnrbqtac/Build/Intermediates.noindex/ArchiveIntermediates/Reel/IntermediateBuildFilesPath/AMSMB2.build/Release-iphoneos/libsmb2.build/Objects-normal/arm64/smb2-signing.o /Users/runner/work/reel/reel/Packages/AMSMB2/Dependencies/libsmb2/lib/smb2-signing.c normal arm64 c com.apple.compilers.llvm.clang.1_0.compiler (in target 'libsmb2' from project 'AMSMB2')
    cd /Users/runner/work/reel/reel/Reel.xcodeproj
    
    Using response file: /Users/runner/Library/Developer/Xcode/DerivedData/Reel-eksnidxqjeiwfnbzsppehnrbqtac/Build/Intermediates.noindex/ArchiveIntermediates/Reel/IntermediateBuildFilesPath/AMSMB2.build/Release-iphoneos/libsmb2.build/Objects-normal/arm64/7187679823f38a2a940e0043cdf9d637-common-args.resp
    
    builtin-ScanDependencies -o /Users/runner/Library/Developer/Xcode/DerivedData/Reel-eksnidxqjeiwfnbzsppehnrbqtac/Build/Intermediates.noindex/ArchiveIntermediates/Reel/IntermediateBuildFilesPath/AMSMB2.build/Release-iphoneos/libsmb2.build/Objects-normal/arm64/smb2-signing.o.scan -- /Applications/Xcode_26.6.app/Contents/Developer/Toolchains/XcodeDefault.xctoolchain/usr/bin/clang -x c -ivfsstatcache /Users/runner/Library/Developer/Xcode/DerivedData/SDKStatCaches.noindex/iphoneos26.5-23F81a-688ef53f1462e2c8f657fdc38a81448fee66e23052a0157c865c76b268046726.sdkstatcache -target arm64-apple-ios13.0 -fmessage-length\=0 -fdiagnostics-show-note-include-stack -fmacro-backtrace-limit\=0 -fno-color-diagnostics -fmodules-prune-interval\=86400 -fmodules-prune-after\=345600 -fbuild-session-file\=/Users/runner/Library/Developer/Xcode/DerivedData/ModuleCache.noindex/Session.modulevalidation -fmodules-validate-once-per-build-session -Wnon-modular-include-in-framework-module -Werror\=non-modular-include-in-framework-module -Wno-trigraphs -Wno-missing-field-initializers -Wno-missing-prototypes -Wno-return-type -Wno-missing-braces -Wparentheses -Wswitch -Wno-unused-function -Wno-unused-label -Wno-unused-parameter -Wno-unused-variable -Wunused-value -Wno-empty-body -Wno-uninitialized -Wno-unknown-pragmas -w -Wno-shadow -Wno-four-char-constants -Wno-conversion -Wno-constant-conversion -Wno-int-conversion -Wno-bool-conversion -Wno-enum-conversion -Wno-float-conversion -Wno-non-literal-null-conversion -Wno-objc-literal-conversion -Wshorten-64-to-32 -Wpointer-sign -Wno-newline-eof -Wno-implicit-fallthrough -isysroot /Applications/Xcode_26.6.app/Contents/Developer/Platforms/iPhoneOS.platform/Developer/SDKs/iPhoneOS26.5.sdk -fstrict-aliasing -Wdeprecated-declarations -Wno-sign-conversion -Wno-infinite-recursion -Wno-comma -Wno-block-capture-autoreleasing -Wno-strict-prototypes -Wno-semicolon-before-method-body @/Users/runner/Library/Developer/Xcode/DerivedData/Reel-eksnidxqjeiwfnbzsppehnrbqtac/Build/Intermediates.noindex/ArchiveIntermediates/Reel/IntermediateBuildFilesPath/AMSMB2.build/Release-iphoneos/libsmb2.build/Objects-normal/arm64/7187679823f38a2a940e0043cdf9d637-common-args.resp -MMD -MT dependencies -MF /Users/runner/Library/Developer/Xcode/DerivedData/Reel-eksnidxqjeiwfnbzsppehnrbqtac/Build/Intermediates.noindex/ArchiveIntermediates/Reel/IntermediateBuildFilesPath/AMSMB2.build/Release-iphoneos/libsmb2.build/Objects-normal/arm64/smb2-signing.d --serialize-diagnostics /Users/runner/Library/Developer/Xcode/DerivedData/Reel-eksnidxqjeiwfnbzsppehnrbqtac/Build/Intermediates.noindex/ArchiveIntermediates/Reel/IntermediateBuildFilesPath/AMSMB2.build/Release-iphoneos/libsmb2.build/Objects-normal/arm64/smb2-signing.dia -c /Users/runner/work/reel/reel/Packages/AMSMB2/Dependencies/libsmb2/lib/smb2-signing.c -o /Users/runner/Library/Developer/Xcode/DerivedData/Reel-eksnidxqjeiwfnbzsppehnrbqtac/Build/Intermediates.noindex/ArchiveIntermediates/Reel/IntermediateBuildFilesPath/AMSMB2.build/Release-iphoneos/libsmb2.build/Objects-normal/arm64/smb2-signing.o

SwiftExplicitDependencyGeneratePcm arm64 /Users/runner/Library/Developer/Xcode/DerivedData/ModuleCache.noindex/CoreFoundation-86FJOO3PBG8D25LCCPBQ68PB3.pcm

SwiftExplicitDependencyGeneratePcm arm64 /Users/runner/Library/Developer/Xcode/DerivedData/ModuleCache.noindex/XPC-1WBQIO2G6MMGA1EZM3FK4J3SV.pcm

SwiftExplicitDependencyGeneratePcm arm64 /Users/runner/Library/Developer/Xcode/DerivedData/ModuleCache.noindex/MachO-109XEX11H094BQ4HDI8OAV3Q9.pcm

SwiftExplicitDependencyGeneratePcm arm64 /Users/runner/Library/Developer/Xcode/DerivedData/ModuleCache.noindex/ObjectiveC-3CV5H2N98APNDCIC5G1BTGC4R.pcm

SwiftExplicitDependencyGeneratePcm arm64 /Users/runner/Library/Developer/Xcode/DerivedData/ModuleCache.noindex/Security-9E1NHGU21RHJ349IOXWUKQJLD.pcm

SwiftExplicitDependencyGeneratePcm arm64 /Users/runner/Library/Developer/Xcode/DerivedData/ModuleCache.noindex/CFNetwork-7JZGWI9V8QXM8GL4PJV58OUYM.pcm

SwiftExplicitDependencyGeneratePcm arm64 /Users/runner/Library/Developer/Xcode/DerivedData/ModuleCache.noindex/os_object-D2LOHRIYDFC0AOQ4FJSAJFW40.pcm

CompileC /Users/runner/Library/Developer/Xcode/DerivedData/Reel-eksnidxqjeiwfnbzsppehnrbqtac/Build/Intermediates.noindex/ArchiveIntermediates/Reel/IntermediateBuildFilesPath/AMSMB2.build/Release-iphoneos/libsmb2.build/Objects-normal/arm64/smb2-signing.o /Users/runner/work/reel/reel/Packages/AMSMB2/Dependencies/libsmb2/lib/smb2-signing.c normal arm64 c com.apple.compilers.llvm.clang.1_0.compiler (in target 'libsmb2' from project 'AMSMB2')
    cd /Users/runner/work/reel/reel/Reel.xcodeproj
    
    Using response file: /Users/runner/Library/Developer/Xcode/DerivedData/Reel-eksnidxqjeiwfnbzsppehnrbqtac/Build/Intermediates.noindex/ArchiveIntermediates/Reel/IntermediateBuildFilesPath/AMSMB2.build/Release-iphoneos/libsmb2.build/Objects-normal/arm64/7187679823f38a2a940e0043cdf9d637-common-args.resp
    
    /Applications/Xcode_26.6.app/Contents/Developer/Toolchains/XcodeDefault.xctoolchain/usr/bin/clang -x c -ivfsstatcache /Users/runner/Library/Developer/Xcode/DerivedData/SDKStatCaches.noindex/iphoneos26.5-23F81a-688ef53f1462e2c8f657fdc38a81448fee66e23052a0157c865c76b268046726.sdkstatcache -target arm64-apple-ios13.0 -fmessage-length\=0 -fdiagnostics-show-note-include-stack -fmacro-backtrace-limit\=0 -fno-color-diagnostics -fmodules-prune-interval\=86400 -fmodules-prune-after\=345600 -fbuild-session-file\=/Users/runner/Library/Developer/Xcode/DerivedData/ModuleCache.noindex/Session.modulevalidation -fmodules-validate-once-per-build-session -Wnon-modular-include-in-framework-module -Werror\=non-modular-include-in-framework-module -Wno-trigraphs -Wno-missing-field-initializers -Wno-missing-prototypes -Wno-return-type -Wno-missing-braces -Wparentheses -Wswitch -Wno-unused-function -Wno-unused-label -Wno-unused-parameter -Wno-unused-variable -Wunused-value -Wno-empty-body -Wno-uninitialized -Wno-unknown-pragmas -w -Wno-shadow -Wno-four-char-constants -Wno-conversion -Wno-constant-conversion -Wno-int-conversion -Wno-bool-conversion -Wno-enum-conversion -Wno-float-conversion -Wno-non-literal-null-conversion -Wno-objc-literal-conversion -Wshorten-64-to-32 -Wpointer-sign -Wno-newline-eof -Wno-implicit-fallthrough -isysroot /Applications/Xcode_26.6.app/Contents/Developer/Platforms/iPhoneOS.platform/Developer/SDKs/iPhoneOS26.5.sdk -fstrict-aliasing -Wdeprecated-declarations -Wno-sign-conversion -Wno-infinite-recursion -Wno-comma -Wno-block-capture-autoreleasing -Wno-strict-prototypes -Wno-semicolon-before-method-body @/Users/runner/Library/Developer/Xcode/DerivedData/Reel-eksnidxqjeiwfnbzsppehnrbqtac/Build/Intermediates.noindex/ArchiveIntermediates/Reel/IntermediateBuildFilesPath/AMSMB2.build/Release-iphoneos/libsmb2.build/Objects-normal/arm64/7187679823f38a2a940e0043cdf9d637-common-args.resp -MMD -MT dependencies -MF /Users/runner/Library/Developer/Xcode/DerivedData/Reel-eksnidxqjeiwfnbzsppehnrbqtac/Build/Intermediates.noindex/ArchiveIntermediates/Reel/IntermediateBuildFilesPath/AMSMB2.build/Release-iphoneos/libsmb2.build/Objects-normal/arm64/smb2-signing.d --serialize-diagnostics /Users/runner/Library/Developer/Xcode/DerivedData/Reel-eksnidxqjeiwfnbzsppehnrbqtac/Build/Intermediates.noindex/ArchiveIntermediates/Reel/IntermediateBuildFilesPath/AMSMB2.build/Release-iphoneos/libsmb2.build/Objects-normal/arm64/smb2-signing.dia -c /Users/runner/work/reel/reel/Packages/AMSMB2/Dependencies/libsmb2/lib/smb2-signing.c -o /Users/runner/Library/Developer/Xcode/DerivedData/Reel-eksnidxqjeiwfnbzsppehnrbqtac/Build/Intermediates.noindex/ArchiveIntermediates/Reel/IntermediateBuildFilesPath/AMSMB2.build/Release-iphoneos/libsmb2.build/Objects-normal/arm64/smb2-signing.o

SwiftExplicitDependencyGeneratePcm arm64 /Users/runner/Library/Developer/Xcode/DerivedData/ModuleCache.noindex/Spatial-4LZYHS7445WDR47UCVNCXV4LK.pcm

SwiftExplicitDependencyGeneratePcm arm64 /Users/runner/Library/Developer/Xcode/DerivedData/ModuleCache.noindex/Foundation-5KUPL212KR4LMUIBHES8GBCOA.pcm

SwiftExplicitDependencyGeneratePcm arm64 /Users/runner/Library/Developer/Xcode/DerivedData/ModuleCache.noindex/os_workgroup-CE7977O20A383DSAPAP1MHRRB.pcm

ScanDependencies /Users/runner/Library/Developer/Xcode/DerivedData/Reel-eksnidxqjeiwfnbzsppehnrbqtac/Build/Intermediates.noindex/ArchiveIntermediates/Reel/IntermediateBuildFilesPath/AMSMB2.build/Release-iphoneos/libsmb2.build/Objects-normal/arm64/smb2-share-enum.o /Users/runner/work/reel/reel/Packages/AMSMB2/Dependencies/libsmb2/lib/smb2-share-enum.c normal arm64 c com.apple.compilers.llvm.clang.1_0.compiler (in target 'libsmb2' from project 'AMSMB2')
    cd /Users/runner/work/reel/reel/Reel.xcodeproj
    
    Using response file: /Users/runner/Library/Developer/Xcode/DerivedData/Reel-eksnidxqjeiwfnbzsppehnrbqtac/Build/Intermediates.noindex/ArchiveIntermediates/Reel/IntermediateBuildFilesPath/AMSMB2.build/Release-iphoneos/libsmb2.build/Objects-normal/arm64/7187679823f38a2a940e0043cdf9d637-common-args.resp
    
    builtin-ScanDependencies -o /Users/runner/Library/Developer/Xcode/DerivedData/Reel-eksnidxqjeiwfnbzsppehnrbqtac/Build/Intermediates.noindex/ArchiveIntermediates/Reel/IntermediateBuildFilesPath/AMSMB2.build/Release-iphoneos/libsmb2.build/Objects-normal/arm64/smb2-share-enum.o.scan -- /Applications/Xcode_26.6.app/Contents/Developer/Toolchains/XcodeDefault.xctoolchain/usr/bin/clang -x c -ivfsstatcache /Users/runner/Library/Developer/Xcode/DerivedData/SDKStatCaches.noindex/iphoneos26.5-23F81a-688ef53f1462e2c8f657fdc38a81448fee66e23052a0157c865c76b268046726.sdkstatcache -target arm64-apple-ios13.0 -fmessage-length\=0 -fdiagnostics-show-note-include-stack -fmacro-backtrace-limit\=0 -fno-color-diagnostics -fmodules-prune-interval\=86400 -fmodules-prune-after\=345600 -fbuild-session-file\=/Users/runner/Library/Developer/Xcode/DerivedData/ModuleCache.noindex/Session.modulevalidation -fmodules-validate-once-per-build-session -Wnon-modular-include-in-framework-module -Werror\=non-modular-include-in-framework-module -Wno-trigraphs -Wno-missing-field-initializers -Wno-missing-prototypes -Wno-return-type -Wno-missing-braces -Wparentheses -Wswitch -Wno-unused-function -Wno-unused-label -Wno-unused-parameter -Wno-unused-variable -Wunused-value -Wno-empty-body -Wno-uninitialized -Wno-unknown-pragmas -w -Wno-shadow -Wno-four-char-constants -Wno-conversion -Wno-constant-conversion -Wno-int-conversion -Wno-bool-conversion -Wno-enum-conversion -Wno-float-conversion -Wno-non-literal-null-conversion -Wno-objc-literal-conversion -Wshorten-64-to-32 -Wpointer-sign -Wno-newline-eof -Wno-implicit-fallthrough -isysroot /Applications/Xcode_26.6.app/Contents/Developer/Platforms/iPhoneOS.platform/Developer/SDKs/iPhoneOS26.5.sdk -fstrict-aliasing -Wdeprecated-declarations -Wno-sign-conversion -Wno-infinite-recursion -Wno-comma -Wno-block-capture-autoreleasing -Wno-strict-prototypes -Wno-semicolon-before-method-body @/Users/runner/Library/Developer/Xcode/DerivedData/Reel-eksnidxqjeiwfnbzsppehnrbqtac/Build/Intermediates.noindex/ArchiveIntermediates/Reel/IntermediateBuildFilesPath/AMSMB2.build/Release-iphoneos/libsmb2.build/Objects-normal/arm64/7187679823f38a2a940e0043cdf9d637-common-args.resp -MMD -MT dependencies -MF /Users/runner/Library/Developer/Xcode/DerivedData/Reel-eksnidxqjeiwfnbzsppehnrbqtac/Build/Intermediates.noindex/ArchiveIntermediates/Reel/IntermediateBuildFilesPath/AMSMB2.build/Release-iphoneos/libsmb2.build/Objects-normal/arm64/smb2-share-enum.d --serialize-diagnostics /Users/runner/Library/Developer/Xcode/DerivedData/Reel-eksnidxqjeiwfnbzsppehnrbqtac/Build/Intermediates.noindex/ArchiveIntermediates/Reel/IntermediateBuildFilesPath/AMSMB2.build/Release-iphoneos/libsmb2.build/Objects-normal/arm64/smb2-share-enum.dia -c /Users/runner/work/reel/reel/Packages/AMSMB2/Dependencies/libsmb2/lib/smb2-share-enum.c -o /Users/runner/Library/Developer/Xcode/DerivedData/Reel-eksnidxqjeiwfnbzsppehnrbqtac/Build/Intermediates.noindex/ArchiveIntermediates/Reel/IntermediateBuildFilesPath/AMSMB2.build/Release-iphoneos/libsmb2.build/Objects-normal/arm64/smb2-share-enum.o

SwiftExplicitDependencyGeneratePcm arm64 /Users/runner/Library/Developer/Xcode/DerivedData/ModuleCache.noindex/Dispatch-3DQCX18X5AV2BIOD4WCYNOK4G.pcm

CompileC /Users/runner/Library/Developer/Xcode/DerivedData/Reel-eksnidxqjeiwfnbzsppehnrbqtac/Build/Intermediates.noindex/ArchiveIntermediates/Reel/IntermediateBuildFilesPath/AMSMB2.build/Release-iphoneos/libsmb2.build/Objects-normal/arm64/smb2-share-enum.o /Users/runner/work/reel/reel/Packages/AMSMB2/Dependencies/libsmb2/lib/smb2-share-enum.c normal arm64 c com.apple.compilers.llvm.clang.1_0.compiler (in target 'libsmb2' from project 'AMSMB2')
    cd /Users/runner/work/reel/reel/Reel.xcodeproj
    
    Using response file: /Users/runner/Library/Developer/Xcode/DerivedData/Reel-eksnidxqjeiwfnbzsppehnrbqtac/Build/Intermediates.noindex/ArchiveIntermediates/Reel/IntermediateBuildFilesPath/AMSMB2.build/Release-iphoneos/libsmb2.build/Objects-normal/arm64/7187679823f38a2a940e0043cdf9d637-common-args.resp
    
    /Applications/Xcode_26.6.app/Contents/Developer/Toolchains/XcodeDefault.xctoolchain/usr/bin/clang -x c -ivfsstatcache /Users/runner/Library/Developer/Xcode/DerivedData/SDKStatCaches.noindex/iphoneos26.5-23F81a-688ef53f1462e2c8f657fdc38a81448fee66e23052a0157c865c76b268046726.sdkstatcache -target arm64-apple-ios13.0 -fmessage-length\=0 -fdiagnostics-show-note-include-stack -fmacro-backtrace-limit\=0 -fno-color-diagnostics -fmodules-prune-interval\=86400 -fmodules-prune-after\=345600 -fbuild-session-file\=/Users/runner/Library/Developer/Xcode/DerivedData/ModuleCache.noindex/Session.modulevalidation -fmodules-validate-once-per-build-session -Wnon-modular-include-in-framework-module -Werror\=non-modular-include-in-framework-module -Wno-trigraphs -Wno-missing-field-initializers -Wno-missing-prototypes -Wno-return-type -Wno-missing-braces -Wparentheses -Wswitch -Wno-unused-function -Wno-unused-label -Wno-unused-parameter -Wno-unused-variable -Wunused-value -Wno-empty-body -Wno-uninitialized -Wno-unknown-pragmas -w -Wno-shadow -Wno-four-char-constants -Wno-conversion -Wno-constant-conversion -Wno-int-conversion -Wno-bool-conversion -Wno-enum-conversion -Wno-float-conversion -Wno-non-literal-null-conversion -Wno-objc-literal-conversion -Wshorten-64-to-32 -Wpointer-sign -Wno-newline-eof -Wno-implicit-fallthrough -isysroot /Applications/Xcode_26.6.app/Contents/Developer/Platforms/iPhoneOS.platform/Developer/SDKs/iPhoneOS26.5.sdk -fstrict-aliasing -Wdeprecated-declarations -Wno-sign-conversion -Wno-infinite-recursion -Wno-comma -Wno-block-capture-autoreleasing -Wno-strict-prototypes -Wno-semicolon-before-method-body @/Users/runner/Library/Developer/Xcode/DerivedData/Reel-eksnidxqjeiwfnbzsppehnrbqtac/Build/Intermediates.noindex/ArchiveIntermediates/Reel/IntermediateBuildFilesPath/AMSMB2.build/Release-iphoneos/libsmb2.build/Objects-normal/arm64/7187679823f38a2a940e0043cdf9d637-common-args.resp -MMD -MT dependencies -MF /Users/runner/Library/Developer/Xcode/DerivedData/Reel-eksnidxqjeiwfnbzsppehnrbqtac/Build/Intermediates.noindex/ArchiveIntermediates/Reel/IntermediateBuildFilesPath/AMSMB2.build/Release-iphoneos/libsmb2.build/Objects-normal/arm64/smb2-share-enum.d --serialize-diagnostics /Users/runner/Library/Developer/Xcode/DerivedData/Reel-eksnidxqjeiwfnbzsppehnrbqtac/Build/Intermediates.noindex/ArchiveIntermediates/Reel/IntermediateBuildFilesPath/AMSMB2.build/Release-iphoneos/libsmb2.build/Objects-normal/arm64/smb2-share-enum.dia -c /Users/runner/work/reel/reel/Packages/AMSMB2/Dependencies/libsmb2/lib/smb2-share-enum.c -o /Users/runner/Library/Developer/Xcode/DerivedData/Reel-eksnidxqjeiwfnbzsppehnrbqtac/Build/Intermediates.noindex/ArchiveIntermediates/Reel/IntermediateBuildFilesPath/AMSMB2.build/Release-iphoneos/libsmb2.build/Objects-normal/arm64/smb2-share-enum.o

SwiftExplicitDependencyGeneratePcm arm64 /Users/runner/Library/Developer/Xcode/DerivedData/ModuleCache.noindex/XPC-4OI848FPRQOOYJFA96XIRFLWJ.pcm

SwiftExplicitDependencyGeneratePcm arm64 /Users/runner/Library/Developer/Xcode/DerivedData/ModuleCache.noindex/CoreFoundation-7Z67H59FM1XPURJ1CATKTTWEG.pcm

ScanDependencies /Users/runner/Library/Developer/Xcode/DerivedData/Reel-eksnidxqjeiwfnbzsppehnrbqtac/Build/Intermediates.noindex/ArchiveIntermediates/Reel/IntermediateBuildFilesPath/AMSMB2.build/Release-iphoneos/libsmb2.build/Objects-normal/arm64/smb2-data-security-descriptor.o /Users/runner/work/reel/reel/Packages/AMSMB2/Dependencies/libsmb2/lib/smb2-data-security-descriptor.c normal arm64 c com.apple.compilers.llvm.clang.1_0.compiler (in target 'libsmb2' from project 'AMSMB2')
    cd /Users/runner/work/reel/reel/Reel.xcodeproj
    
    Using response file: /Users/runner/Library/Developer/Xcode/DerivedData/Reel-eksnidxqjeiwfnbzsppehnrbqtac/Build/Intermediates.noindex/ArchiveIntermediates/Reel/IntermediateBuildFilesPath/AMSMB2.build/Release-iphoneos/libsmb2.build/Objects-normal/arm64/7187679823f38a2a940e0043cdf9d637-common-args.resp
    
    builtin-ScanDependencies -o /Users/runner/Library/Developer/Xcode/DerivedData/Reel-eksnidxqjeiwfnbzsppehnrbqtac/Build/Intermediates.noindex/ArchiveIntermediates/Reel/IntermediateBuildFilesPath/AMSMB2.build/Release-iphoneos/libsmb2.build/Objects-normal/arm64/smb2-data-security-descriptor.o.scan -- /Applications/Xcode_26.6.app/Contents/Developer/Toolchains/XcodeDefault.xctoolchain/usr/bin/clang -x c -ivfsstatcache /Users/runner/Library/Developer/Xcode/DerivedData/SDKStatCaches.noindex/iphoneos26.5-23F81a-688ef53f1462e2c8f657fdc38a81448fee66e23052a0157c865c76b268046726.sdkstatcache -target arm64-apple-ios13.0 -fmessage-length\=0 -fdiagnostics-show-note-include-stack -fmacro-backtrace-limit\=0 -fno-color-diagnostics -fmodules-prune-interval\=86400 -fmodules-prune-after\=345600 -fbuild-session-file\=/Users/runner/Library/Developer/Xcode/DerivedData/ModuleCache.noindex/Session.modulevalidation -fmodules-validate-once-per-build-session -Wnon-modular-include-in-framework-module -Werror\=non-modular-include-in-framework-module -Wno-trigraphs -Wno-missing-field-initializers -Wno-missing-prototypes -Wno-return-type -Wno-missing-braces -Wparentheses -Wswitch -Wno-unused-function -Wno-unused-label -Wno-unused-parameter -Wno-unused-variable -Wunused-value -Wno-empty-body -Wno-uninitialized -Wno-unknown-pragmas -w -Wno-shadow -Wno-four-char-constants -Wno-conversion -Wno-constant-conversion -Wno-int-conversion -Wno-bool-conversion -Wno-enum-conversion -Wno-float-conversion -Wno-non-literal-null-conversion -Wno-objc-literal-conversion -Wshorten-64-to-32 -Wpointer-sign -Wno-newline-eof -Wno-implicit-fallthrough -isysroot /Applications/Xcode_26.6.app/Contents/Developer/Platforms/iPhoneOS.platform/Developer/SDKs/iPhoneOS26.5.sdk -fstrict-aliasing -Wdeprecated-declarations -Wno-sign-conversion -Wno-infinite-recursion -Wno-comma -Wno-block-capture-autoreleasing -Wno-strict-prototypes -Wno-semicolon-before-method-body @/Users/runner/Library/Developer/Xcode/DerivedData/Reel-eksnidxqjeiwfnbzsppehnrbqtac/Build/Intermediates.noindex/ArchiveIntermediates/Reel/IntermediateBuildFilesPath/AMSMB2.build/Release-iphoneos/libsmb2.build/Objects-normal/arm64/7187679823f38a2a940e0043cdf9d637-common-args.resp -MMD -MT dependencies -MF /Users/runner/Library/Developer/Xcode/DerivedData/Reel-eksnidxqjeiwfnbzsppehnrbqtac/Build/Intermediates.noindex/ArchiveIntermediates/Reel/IntermediateBuildFilesPath/AMSMB2.build/Release-iphoneos/libsmb2.build/Objects-normal/arm64/smb2-data-security-descriptor.d --serialize-diagnostics /Users/runner/Library/Developer/Xcode/DerivedData/Reel-eksnidxqjeiwfnbzsppehnrbqtac/Build/Intermediates.noindex/ArchiveIntermediates/Reel/IntermediateBuildFilesPath/AMSMB2.build/Release-iphoneos/libsmb2.build/Objects-normal/arm64/smb2-data-security-descriptor.dia -c /Users/runner/work/reel/reel/Packages/AMSMB2/Dependencies/libsmb2/lib/smb2-data-security-descriptor.c -o /Users/runner/Library/Developer/Xcode/DerivedData/Reel-eksnidxqjeiwfnbzsppehnrbqtac/Build/Intermediates.noindex/ArchiveIntermediates/Reel/IntermediateBuildFilesPath/AMSMB2.build/Release-iphoneos/libsmb2.build/Objects-normal/arm64/smb2-data-security-descriptor.o

SwiftExplicitDependencyGeneratePcm arm64 /Users/runner/Library/Developer/Xcode/DerivedData/ModuleCache.noindex/os-BCLGSKCD5L8ZIIKRL1OO8DAB2.pcm

CompileC /Users/runner/Library/Developer/Xcode/DerivedData/Reel-eksnidxqjeiwfnbzsppehnrbqtac/Build/Intermediates.noindex/ArchiveIntermediates/Reel/IntermediateBuildFilesPath/AMSMB2.build/Release-iphoneos/libsmb2.build/Objects-normal/arm64/smb2-data-security-descriptor.o /Users/runner/work/reel/reel/Packages/AMSMB2/Dependencies/libsmb2/lib/smb2-data-security-descriptor.c normal arm64 c com.apple.compilers.llvm.clang.1_0.compiler (in target 'libsmb2' from project 'AMSMB2')
    cd /Users/runner/work/reel/reel/Reel.xcodeproj
    
    Using response file: /Users/runner/Library/Developer/Xcode/DerivedData/Reel-eksnidxqjeiwfnbzsppehnrbqtac/Build/Intermediates.noindex/ArchiveIntermediates/Reel/IntermediateBuildFilesPath/AMSMB2.build/Release-iphoneos/libsmb2.build/Objects-normal/arm64/7187679823f38a2a940e0043cdf9d637-common-args.resp
    
    /Applications/Xcode_26.6.app/Contents/Developer/Toolchains/XcodeDefault.xctoolchain/usr/bin/clang -x c -ivfsstatcache /Users/runner/Library/Developer/Xcode/DerivedData/SDKStatCaches.noindex/iphoneos26.5-23F81a-688ef53f1462e2c8f657fdc38a81448fee66e23052a0157c865c76b268046726.sdkstatcache -target arm64-apple-ios13.0 -fmessage-length\=0 -fdiagnostics-show-note-include-stack -fmacro-backtrace-limit\=0 -fno-color-diagnostics -fmodules-prune-interval\=86400 -fmodules-prune-after\=345600 -fbuild-session-file\=/Users/runner/Library/Developer/Xcode/DerivedData/ModuleCache.noindex/Session.modulevalidation -fmodules-validate-once-per-build-session -Wnon-modular-include-in-framework-module -Werror\=non-modular-include-in-framework-module -Wno-trigraphs -Wno-missing-field-initializers -Wno-missing-prototypes -Wno-return-type -Wno-missing-braces -Wparentheses -Wswitch -Wno-unused-function -Wno-unused-label -Wno-unused-parameter -Wno-unused-variable -Wunused-value -Wno-empty-body -Wno-uninitialized -Wno-unknown-pragmas -w -Wno-shadow -Wno-four-char-constants -Wno-conversion -Wno-constant-conversion -Wno-int-conversion -Wno-bool-conversion -Wno-enum-conversion -Wno-float-conversion -Wno-non-literal-null-conversion -Wno-objc-literal-conversion -Wshorten-64-to-32 -Wpointer-sign -Wno-newline-eof -Wno-implicit-fallthrough -isysroot /Applications/Xcode_26.6.app/Contents/Developer/Platforms/iPhoneOS.platform/Developer/SDKs/iPhoneOS26.5.sdk -fstrict-aliasing -Wdeprecated-declarations -Wno-sign-conversion -Wno-infinite-recursion -Wno-comma -Wno-block-capture-autoreleasing -Wno-strict-prototypes -Wno-semicolon-before-method-body @/Users/runner/Library/Developer/Xcode/DerivedData/Reel-eksnidxqjeiwfnbzsppehnrbqtac/Build/Intermediates.noindex/ArchiveIntermediates/Reel/IntermediateBuildFilesPath/AMSMB2.build/Release-iphoneos/libsmb2.build/Objects-normal/arm64/7187679823f38a2a940e0043cdf9d637-common-args.resp -MMD -MT dependencies -MF /Users/runner/Library/Developer/Xcode/DerivedData/Reel-eksnidxqjeiwfnbzsppehnrbqtac/Build/Intermediates.noindex/ArchiveIntermediates/Reel/IntermediateBuildFilesPath/AMSMB2.build/Release-iphoneos/libsmb2.build/Objects-normal/arm64/smb2-data-security-descriptor.d --serialize-diagnostics /Users/runner/Library/Developer/Xcode/DerivedData/Reel-eksnidxqjeiwfnbzsppehnrbqtac/Build/Intermediates.noindex/ArchiveIntermediates/Reel/IntermediateBuildFilesPath/AMSMB2.build/Release-iphoneos/libsmb2.build/Objects-normal/arm64/smb2-data-security-descriptor.dia -c /Users/runner/work/reel/reel/Packages/AMSMB2/Dependencies/libsmb2/lib/smb2-data-security-descriptor.c -o /Users/runner/Library/Developer/Xcode/DerivedData/Reel-eksnidxqjeiwfnbzsppehnrbqtac/Build/Intermediates.noindex/ArchiveIntermediates/Reel/IntermediateBuildFilesPath/AMSMB2.build/Release-iphoneos/libsmb2.build/Objects-normal/arm64/smb2-data-security-descriptor.o

SwiftCompile normal arm64 Compiling\ AMSMB2.swift,\ Context.swift,\ Directory.swift,\ Extensions.swift,\ FileHandle.swift,\ FileMonitoring.swift,\ Fsctl.swift,\ MSRPC.swift,\ ObjCCompat.swift,\ Parsers.swift,\ Stream.swift /Users/runner/work/reel/reel/Packages/AMSMB2/AMSMB2/AMSMB2.swift /Users/runner/work/reel/reel/Packages/AMSMB2/AMSMB2/Context.swift /Users/runner/work/reel/reel/Packages/AMSMB2/AMSMB2/Directory.swift /Users/runner/work/reel/reel/Packages/AMSMB2/AMSMB2/Extensions.swift /Users/runner/work/reel/reel/Packages/AMSMB2/AMSMB2/FileHandle.swift /Users/runner/work/reel/reel/Packages/AMSMB2/AMSMB2/FileMonitoring.swift /Users/runner/work/reel/reel/Packages/AMSMB2/AMSMB2/Fsctl.swift /Users/runner/work/reel/reel/Packages/AMSMB2/AMSMB2/MSRPC.swift /Users/runner/work/reel/reel/Packages/AMSMB2/AMSMB2/ObjCCompat.swift /Users/runner/work/reel/reel/Packages/AMSMB2/AMSMB2/Parsers.swift /Users/runner/work/reel/reel/Packages/AMSMB2/AMSMB2/Stream.swift /Applications/Xcode_26.6.app/Contents/Developer/Toolchains/XcodeDefault.xctoolchain/usr/lib/swift/iphoneos/prebuilt-modules/26.5/Combine.swiftmodule/arm64e-apple-ios.swiftmodule /Applications/Xcode_26.6.app/Contents/Developer/Toolchains/XcodeDefault.xctoolchain/usr/lib/swift/iphoneos/prebuilt-modules/26.5/_Builtin_float.swiftmodule/arm64e-apple-ios.swiftmodule /Applications/Xcode_26.6.app/Contents/Developer/Toolchains/XcodeDefault.xctoolchain/usr/lib/swift/iphoneos/prebuilt-modules/26.5/_DarwinFoundation2.swiftmodule/arm64e-apple-ios.swiftmodule /Applications/Xcode_26.6.app/Contents/Developer/Toolchains/XcodeDefault.xctoolchain/usr/lib/swift/iphoneos/prebuilt-modules/26.5/_StringProcessing.swiftmodule/arm64e-apple-ios.swiftmodule /Applications/Xcode_26.6.app/Contents/Developer/Toolchains/XcodeDefault.xctoolchain/usr/lib/swift/iphoneos/prebuilt-modules/26.5/Foundation.swiftmodule/arm64e-apple-ios.swiftmodule /Applications/Xcode_26.6.app/Contents/Developer/Toolchains/XcodeDefault.xctoolchain/usr/lib/swift/iphoneos/prebuilt-modules/26.5/_DarwinFoundation1.swiftmodule/arm64e-apple-ios.swiftmodule /Applications/Xcode_26.6.app/Contents/Developer/Toolchains/XcodeDefault.xctoolchain/usr/lib/swift/iphoneos/prebuilt-modules/26.5/XPC.swiftmodule/arm64e-apple-ios.swiftmodule /Applications/Xcode_26.6.app/Contents/Developer/Toolchains/XcodeDefault.xctoolchain/usr/lib/swift/iphoneos/prebuilt-modules/26.5/_Concurrency.swiftmodule/arm64e-apple-ios.swiftmodule /Applications/Xcode_26.6.app/Contents/Developer/Toolchains/XcodeDefault.xctoolchain/usr/lib/swift/iphoneos/prebuilt-modules/26.5/Dispatch.swiftmodule/arm64e-apple-ios.swiftmodule /Applications/Xcode_26.6.app/Contents/Developer/Toolchains/XcodeDefault.xctoolchain/usr/lib/swift/iphoneos/prebuilt-modules/26.5/Swift.swiftmodule/arm64e-apple-ios.swiftmodule /Applications/Xcode_26.6.app/Contents/Developer/Toolchains/XcodeDefault.xctoolchain/usr/lib/swift/iphoneos/prebuilt-modules/26.5/_DarwinFoundation3.swiftmodule/arm64e-apple-ios.swiftmodule /Applications/Xcode_26.6.app/Contents/Developer/Toolchains/XcodeDefault.xctoolchain/usr/lib/swift/iphoneos/prebuilt-modules/26.5/Darwin.swiftmodule/arm64e-apple-ios.swiftmodule /Applications/Xcode_26.6.app/Contents/Developer/Toolchains/XcodeDefault.xctoolchain/usr/lib/swift/iphoneos/prebuilt-modules/26.5/CoreFoundation.swiftmodule/arm64e-apple-ios.swiftmodule /Applications/Xcode_26.6.app/Contents/Developer/Toolchains/XcodeDefault.xctoolchain/usr/lib/swift/iphoneos/prebuilt-modules/26.5/System.swiftmodule/arm64e-apple-ios.swiftmodule /Applications/Xcode_26.6.app/Contents/Developer/Toolchains/XcodeDefault.xctoolchain/usr/lib/swift/iphoneos/prebuilt-modules/26.5/Observation.swiftmodule/arm64e-apple-ios.swiftmodule /Applications/Xcode_26.6.app/Contents/Developer/Toolchains/XcodeDefault.xctoolchain/usr/lib/swift/iphoneos/prebuilt-modules/26.5/ObjectiveC.swiftmodule/arm64e-apple-ios.swiftmodule /Users/runner/Library/Developer/Xcode/DerivedData/ModuleCache.noindex/_Builtin_float-D0BD8M9MDTEFVGM4YAQQ3M4VK.pcm /Users/runner/Library/Developer/Xcode/DerivedData/ModuleCache.noindex/_Builtin_stdarg-1J2VYTBV9L5KXQTWBUOJTRJW5.pcm /Users/runner/Library/Developer/Xcode/DerivedData/ModuleCache.noindex/ptrauth-ANSUK7XQS36KB6NMO2FCR2Q5T.pcm /Users/runner/Library/Developer/Xcode/DerivedData/ModuleCache.noindex/_Builtin_stdint-577R8JJTYJU2Z5VYNZMHK5DO4.pcm /Users/runner/Library/Developer/Xcode/DerivedData/ModuleCache.noindex/_DarwinFoundation1-55FNQ4BZJBPRCU0U3B4YXX72.pcm /Users/runner/Library/Developer/Xcode/DerivedData/ModuleCache.noindex/ptrcheck-BZWDM779X83BAMMAVJ9UGSER7.pcm /Users/runner/Library/Developer/Xcode/DerivedData/ModuleCache.noindex/_Builtin_inttypes-AEB8DCKEVW8YAHJL87KM02VZD.pcm /Users/runner/Library/Developer/Xcode/DerivedData/ModuleCache.noindex/os_object-DI1OM793XIE8SC8UTSZDAMH2Z.pcm /Users/runner/Library/Developer/Xcode/DerivedData/ModuleCache.noindex/SwiftShims-8O9FJCB82AJJBB20CJG67X9I.pcm /Users/runner/Library/Developer/Xcode/DerivedData/ModuleCache.noindex/ObjectiveC-1NER7Y6YP2LIGLRV9AY2VCV5M.pcm /Users/runner/Library/Developer/Xcode/DerivedData/ModuleCache.noindex/sys_types-5BKSTJV32EJOJ391W2WV19LPT.pcm /Users/runner/Library/Developer/Xcode/DerivedData/ModuleCache.noindex/Dispatch-C661BX31HHE9G665HM84NKZS8.pcm /Users/runner/Library/Developer/Xcode/DerivedData/ModuleCache.noindex/Foundation-5KUPL212KR4LMUIBHES8GBCOA.pcm /Users/runner/Library/Developer/Xcode/DerivedData/ModuleCache.noindex/_AvailabilityInternal-A954CE05HM8BFVSYV2CRVDT42.pcm /Users/runner/Library/Developer/Xcode/DerivedData/ModuleCache.noindex/os_workgroup-22NFCBQH3ZDCNU7G5BUNZLBXZ.pcm /Users/runner/Library/Developer/Xcode/DerivedData/ModuleCache.noindex/XPC-1WBQIO2G6MMGA1EZM3FK4J3SV.pcm /Users/runner/Library/Developer/Xcode/DerivedData/ModuleCache.noindex/_DarwinFoundation3-DCH96MPQE381OR8SWDBXHNCJ4.pcm /Users/runner/Library/Developer/Xcode/DerivedData/ModuleCache.noindex/_Builtin_limits-BYYOQS2SAKG6SJIZWPKGOA0D5.pcm /Users/runner/Library/Developer/Xcode/DerivedData/ModuleCache.noindex/CFNetwork-7JZGWI9V8QXM8GL4PJV58OUYM.pcm /Users/runner/Library/Developer/Xcode/DerivedData/ModuleCache.noindex/_Builtin_stdbool-61CVV7O1QIP5QEAY8B5KS9HIN.pcm /Users/runner/Library/Developer/Xcode/DerivedData/ModuleCache.noindex/CoreFoundation-86FJOO3PBG8D25LCCPBQ68PB3.pcm /Users/runner/Library/Developer/Xcode/DerivedData/ModuleCache.noindex/_SwiftConcurrencyShims-2I3JAJC6XMU8TLT3QGQ5ELQBA.pcm /Users/runner/Library/Developer/Xcode/DerivedData/ModuleCache.noindex/_DarwinFoundation2-2G7NS2EMZ2LU7SSQBRKJNU29R.pcm /Users/runner/Library/Developer/Xcode/DerivedData/Reel-eksnidxqjeiwfnbzsppehnrbqtac/Build/Intermediates.noindex/ArchiveIntermediates/Reel/IntermediateBuildFilesPath/SwiftExplicitPrecompiledModules/SMB2-LJGPIHJ6VYPMN59YCUHGF0BL.pcm /Users/runner/Library/Developer/Xcode/DerivedData/ModuleCache.noindex/_Builtin_stddef-4FDMBOQ79JZ92Y6W6EC8LYD32.pcm /Users/runner/Library/Developer/Xcode/DerivedData/ModuleCache.noindex/Security-9E1NHGU21RHJ349IOXWUKQJLD.pcm /Users/runner/Library/Developer/Xcode/DerivedData/ModuleCache.noindex/Darwin-9MTDOZR5EX08QTNKWOVS0CEBK.pcm /Users/runner/Library/Developer/Xcode/DerivedData/Reel-eksnidxqjeiwfnbzsppehnrbqtac/Build/Intermediates.noindex/ArchiveIntermediates/Reel/IntermediateBuildFilesPath/AMSMB2.build/Release-iphoneos/AMSMB2.build/Objects-normal/arm64/AMSMB2-dependencies-1.json (in target 'AMSMB2' from project 'AMSMB2')
CompileSwift normal arm64 (in target 'AMSMB2' from project 'AMSMB2')
    cd /Users/runner/work/reel/reel/Reel.xcodeproj
    

ScanDependencies /Users/runner/Library/Developer/Xcode/DerivedData/Reel-eksnidxqjeiwfnbzsppehnrbqtac/Build/Intermediates.noindex/ArchiveIntermediates/Reel/IntermediateBuildFilesPath/AMSMB2.build/Release-iphoneos/libsmb2.build/Objects-normal/arm64/smb2-data-reparse-point.o /Users/runner/work/reel/reel/Packages/AMSMB2/Dependencies/libsmb2/lib/smb2-data-reparse-point.c normal arm64 c com.apple.compilers.llvm.clang.1_0.compiler (in target 'libsmb2' from project 'AMSMB2')
    cd /Users/runner/work/reel/reel/Reel.xcodeproj
    
    Using response file: /Users/runner/Library/Developer/Xcode/DerivedData/Reel-eksnidxqjeiwfnbzsppehnrbqtac/Build/Intermediates.noindex/ArchiveIntermediates/Reel/IntermediateBuildFilesPath/AMSMB2.build/Release-iphoneos/libsmb2.build/Objects-normal/arm64/7187679823f38a2a940e0043cdf9d637-common-args.resp
    
    builtin-ScanDependencies -o /Users/runner/Library/Developer/Xcode/DerivedData/Reel-eksnidxqjeiwfnbzsppehnrbqtac/Build/Intermediates.noindex/ArchiveIntermediates/Reel/IntermediateBuildFilesPath/AMSMB2.build/Release-iphoneos/libsmb2.build/Objects-normal/arm64/smb2-data-reparse-point.o.scan -- /Applications/Xcode_26.6.app/Contents/Developer/Toolchains/XcodeDefault.xctoolchain/usr/bin/clang -x c -ivfsstatcache /Users/runner/Library/Developer/Xcode/DerivedData/SDKStatCaches.noindex/iphoneos26.5-23F81a-688ef53f1462e2c8f657fdc38a81448fee66e23052a0157c865c76b268046726.sdkstatcache -target arm64-apple-ios13.0 -fmessage-length\=0 -fdiagnostics-show-note-include-stack -fmacro-backtrace-limit\=0 -fno-color-diagnostics -fmodules-prune-interval\=86400 -fmodules-prune-after\=345600 -fbuild-session-file\=/Users/runner/Library/Developer/Xcode/DerivedData/ModuleCache.noindex/Session.modulevalidation -fmodules-validate-once-per-build-session -Wnon-modular-include-in-framework-module -Werror\=non-modular-include-in-framework-module -Wno-trigraphs -Wno-missing-field-initializers -Wno-missing-prototypes -Wno-return-type -Wno-missing-braces -Wparentheses -Wswitch -Wno-unused-function -Wno-unused-label -Wno-unused-parameter -Wno-unused-variable -Wunused-value -Wno-empty-body -Wno-uninitialized -Wno-unknown-pragmas -w -Wno-shadow -Wno-four-char-constants -Wno-conversion -Wno-constant-conversion -Wno-int-conversion -Wno-bool-conversion -Wno-enum-conversion -Wno-float-conversion -Wno-non-literal-null-conversion -Wno-objc-literal-conversion -Wshorten-64-to-32 -Wpointer-sign -Wno-newline-eof -Wno-implicit-fallthrough -isysroot /Applications/Xcode_26.6.app/Contents/Developer/Platforms/iPhoneOS.platform/Developer/SDKs/iPhoneOS26.5.sdk -fstrict-aliasing -Wdeprecated-declarations -Wno-sign-conversion -Wno-infinite-recursion -Wno-comma -Wno-block-capture-autoreleasing -Wno-strict-prototypes -Wno-semicolon-before-method-body @/Users/runner/Library/Developer/Xcode/DerivedData/Reel-eksnidxqjeiwfnbzsppehnrbqtac/Build/Intermediates.noindex/ArchiveIntermediates/Reel/IntermediateBuildFilesPath/AMSMB2.build/Release-iphoneos/libsmb2.build/Objects-normal/arm64/7187679823f38a2a940e0043cdf9d637-common-args.resp -MMD -MT dependencies -MF /Users/runner/Library/Developer/Xcode/DerivedData/Reel-eksnidxqjeiwfnbzsppehnrbqtac/Build/Intermediates.noindex/ArchiveIntermediates/Reel/IntermediateBuildFilesPath/AMSMB2.build/Release-iphoneos/libsmb2.build/Objects-normal/arm64/smb2-data-reparse-point.d --serialize-diagnostics /Users/runner/Library/Developer/Xcode/DerivedData/Reel-eksnidxqjeiwfnbzsppehnrbqtac/Build/Intermediates.noindex/ArchiveIntermediates/Reel/IntermediateBuildFilesPath/AMSMB2.build/Release-iphoneos/libsmb2.build/Objects-normal/arm64/smb2-data-reparse-point.dia -c /Users/runner/work/reel/reel/Packages/AMSMB2/Dependencies/libsmb2/lib/smb2-data-reparse-point.c -o /Users/runner/Library/Developer/Xcode/DerivedData/Reel-eksnidxqjeiwfnbzsppehnrbqtac/Build/Intermediates.noindex/ArchiveIntermediates/Reel/IntermediateBuildFilesPath/AMSMB2.build/Release-iphoneos/libsmb2.build/Objects-normal/arm64/smb2-data-reparse-point.o

SwiftExplicitDependencyGeneratePcm arm64 /Users/runner/Library/Developer/Xcode/DerivedData/ModuleCache.noindex/CFNetwork-1FN5YXNMQBAKI9HNEB7TSXT6J.pcm

SwiftExplicitDependencyGeneratePcm arm64 /Users/runner/Library/Developer/Xcode/DerivedData/ModuleCache.noindex/CoreGraphics-E6KVS2MH59D16Y6Z4W5D2915I.pcm

SwiftExplicitDependencyGeneratePcm arm64 /Users/runner/Library/Developer/Xcode/DerivedData/ModuleCache.noindex/Security-52QF9RH27YX0RP9EB9DW6J6ER.pcm

CompileC /Users/runner/Library/Developer/Xcode/DerivedData/Reel-eksnidxqjeiwfnbzsppehnrbqtac/Build/Intermediates.noindex/ArchiveIntermediates/Reel/IntermediateBuildFilesPath/AMSMB2.build/Release-iphoneos/libsmb2.build/Objects-normal/arm64/smb2-data-reparse-point.o /Users/runner/work/reel/reel/Packages/AMSMB2/Dependencies/libsmb2/lib/smb2-data-reparse-point.c normal arm64 c com.apple.compilers.llvm.clang.1_0.compiler (in target 'libsmb2' from project 'AMSMB2')
    cd /Users/runner/work/reel/reel/Reel.xcodeproj
    
    Using response file: /Users/runner/Library/Developer/Xcode/DerivedData/Reel-eksnidxqjeiwfnbzsppehnrbqtac/Build/Intermediates.noindex/ArchiveIntermediates/Reel/IntermediateBuildFilesPath/AMSMB2.build/Release-iphoneos/libsmb2.build/Objects-normal/arm64/7187679823f38a2a940e0043cdf9d637-common-args.resp
    
    /Applications/Xcode_26.6.app/Contents/Developer/Toolchains/XcodeDefault.xctoolchain/usr/bin/clang -x c -ivfsstatcache /Users/runner/Library/Developer/Xcode/DerivedData/SDKStatCaches.noindex/iphoneos26.5-23F81a-688ef53f1462e2c8f657fdc38a81448fee66e23052a0157c865c76b268046726.sdkstatcache -target arm64-apple-ios13.0 -fmessage-length\=0 -fdiagnostics-show-note-include-stack -fmacro-backtrace-limit\=0 -fno-color-diagnostics -fmodules-prune-interval\=86400 -fmodules-prune-after\=345600 -fbuild-session-file\=/Users/runner/Library/Developer/Xcode/DerivedData/ModuleCache.noindex/Session.modulevalidation -fmodules-validate-once-per-build-session -Wnon-modular-include-in-framework-module -Werror\=non-modular-include-in-framework-module -Wno-trigraphs -Wno-missing-field-initializers -Wno-missing-prototypes -Wno-return-type -Wno-missing-braces -Wparentheses -Wswitch -Wno-unused-function -Wno-unused-label -Wno-unused-parameter -Wno-unused-variable -Wunused-value -Wno-empty-body -Wno-uninitialized -Wno-unknown-pragmas -w -Wno-shadow -Wno-four-char-constants -Wno-conversion -Wno-constant-conversion -Wno-int-conversion -Wno-bool-conversion -Wno-enum-conversion -Wno-float-conversion -Wno-non-literal-null-conversion -Wno-objc-literal-conversion -Wshorten-64-to-32 -Wpointer-sign -Wno-newline-eof -Wno-implicit-fallthrough -isysroot /Applications/Xcode_26.6.app/Contents/Developer/Platforms/iPhoneOS.platform/Developer/SDKs/iPhoneOS26.5.sdk -fstrict-aliasing -Wdeprecated-declarations -Wno-sign-conversion -Wno-infinite-recursion -Wno-comma -Wno-block-capture-autoreleasing -Wno-strict-prototypes -Wno-semicolon-before-method-body @/Users/runner/Library/Developer/Xcode/DerivedData/Reel-eksnidxqjeiwfnbzsppehnrbqtac/Build/Intermediates.noindex/ArchiveIntermediates/Reel/IntermediateBuildFilesPath/AMSMB2.build/Release-iphoneos/libsmb2.build/Objects-normal/arm64/7187679823f38a2a940e0043cdf9d637-common-args.resp -MMD -MT dependencies -MF /Users/runner/Library/Developer/Xcode/DerivedData/Reel-eksnidxqjeiwfnbzsppehnrbqtac/Build/Intermediates.noindex/ArchiveIntermediates/Reel/IntermediateBuildFilesPath/AMSMB2.build/Release-iphoneos/libsmb2.build/Objects-normal/arm64/smb2-data-reparse-point.d --serialize-diagnostics /Users/runner/Library/Developer/Xcode/DerivedData/Reel-eksnidxqjeiwfnbzsppehnrbqtac/Build/Intermediates.noindex/ArchiveIntermediates/Reel/IntermediateBuildFilesPath/AMSMB2.build/Release-iphoneos/libsmb2.build/Objects-normal/arm64/smb2-data-reparse-point.dia -c /Users/runner/work/reel/reel/Packages/AMSMB2/Dependencies/libsmb2/lib/smb2-data-reparse-point.c -o /Users/runner/Library/Developer/Xcode/DerivedData/Reel-eksnidxqjeiwfnbzsppehnrbqtac/Build/Intermediates.noindex/ArchiveIntermediates/Reel/IntermediateBuildFilesPath/AMSMB2.build/Release-iphoneos/libsmb2.build/Objects-normal/arm64/smb2-data-reparse-point.o

SwiftExplicitDependencyGeneratePcm arm64 /Users/runner/Library/Developer/Xcode/DerivedData/ModuleCache.noindex/CoreText-EKXNGX9U3WB0W213YT81IPTTA.pcm

SwiftExplicitDependencyGeneratePcm arm64 /Users/runner/Library/Developer/Xcode/DerivedData/ModuleCache.noindex/ImageIO-8T1BF1U3WSYVC4FGIG8BKZALR.pcm

SwiftExplicitDependencyGeneratePcm arm64 /Users/runner/Library/Developer/Xcode/DerivedData/ModuleCache.noindex/Foundation-4SECALFMSRMLBHX5HU0S5AKYC.pcm

ScanDependencies /Users/runner/Library/Developer/Xcode/DerivedData/Reel-eksnidxqjeiwfnbzsppehnrbqtac/Build/Intermediates.noindex/ArchiveIntermediates/Reel/IntermediateBuildFilesPath/AMSMB2.build/Release-iphoneos/libsmb2.build/Objects-normal/arm64/smb2-data-filesystem-info.o /Users/runner/work/reel/reel/Packages/AMSMB2/Dependencies/libsmb2/lib/smb2-data-filesystem-info.c normal arm64 c com.apple.compilers.llvm.clang.1_0.compiler (in target 'libsmb2' from project 'AMSMB2')
    cd /Users/runner/work/reel/reel/Reel.xcodeproj
    
    Using response file: /Users/runner/Library/Developer/Xcode/DerivedData/Reel-eksnidxqjeiwfnbzsppehnrbqtac/Build/Intermediates.noindex/ArchiveIntermediates/Reel/IntermediateBuildFilesPath/AMSMB2.build/Release-iphoneos/libsmb2.build/Objects-normal/arm64/7187679823f38a2a940e0043cdf9d637-common-args.resp
    
    builtin-ScanDependencies -o /Users/runner/Library/Developer/Xcode/DerivedData/Reel-eksnidxqjeiwfnbzsppehnrbqtac/Build/Intermediates.noindex/ArchiveIntermediates/Reel/IntermediateBuildFilesPath/AMSMB2.build/Release-iphoneos/libsmb2.build/Objects-normal/arm64/smb2-data-filesystem-info.o.scan -- /Applications/Xcode_26.6.app/Contents/Developer/Toolchains/XcodeDefault.xctoolchain/usr/bin/clang -x c -ivfsstatcache /Users/runner/Library/Developer/Xcode/DerivedData/SDKStatCaches.noindex/iphoneos26.5-23F81a-688ef53f1462e2c8f657fdc38a81448fee66e23052a0157c865c76b268046726.sdkstatcache -target arm64-apple-ios13.0 -fmessage-length\=0 -fdiagnostics-show-note-include-stack -fmacro-backtrace-limit\=0 -fno-color-diagnostics -fmodules-prune-interval\=86400 -fmodules-prune-after\=345600 -fbuild-session-file\=/Users/runner/Library/Developer/Xcode/DerivedData/ModuleCache.noindex/Session.modulevalidation -fmodules-validate-once-per-build-session -Wnon-modular-include-in-framework-module -Werror\=non-modular-include-in-framework-module -Wno-trigraphs -Wno-missing-field-initializers -Wno-missing-prototypes -Wno-return-type -Wno-missing-braces -Wparentheses -Wswitch -Wno-unused-function -Wno-unused-label -Wno-unused-parameter -Wno-unused-variable -Wunused-value -Wno-empty-body -Wno-uninitialized -Wno-unknown-pragmas -w -Wno-shadow -Wno-four-char-constants -Wno-conversion -Wno-constant-conversion -Wno-int-conversion -Wno-bool-conversion -Wno-enum-conversion -Wno-float-conversion -Wno-non-literal-null-conversion -Wno-objc-literal-conversion -Wshorten-64-to-32 -Wpointer-sign -Wno-newline-eof -Wno-implicit-fallthrough -isysroot /Applications/Xcode_26.6.app/Contents/Developer/Platforms/iPhoneOS.platform/Developer/SDKs/iPhoneOS26.5.sdk -fstrict-aliasing -Wdeprecated-declarations -Wno-sign-conversion -Wno-infinite-recursion -Wno-comma -Wno-block-capture-autoreleasing -Wno-strict-prototypes -Wno-semicolon-before-method-body @/Users/runner/Library/Developer/Xcode/DerivedData/Reel-eksnidxqjeiwfnbzsppehnrbqtac/Build/Intermediates.noindex/ArchiveIntermediates/Reel/IntermediateBuildFilesPath/AMSMB2.build/Release-iphoneos/libsmb2.build/Objects-normal/arm64/7187679823f38a2a940e0043cdf9d637-common-args.resp -MMD -MT dependencies -MF /Users/runner/Library/Developer/Xcode/DerivedData/Reel-eksnidxqjeiwfnbzsppehnrbqtac/Build/Intermediates.noindex/ArchiveIntermediates/Reel/IntermediateBuildFilesPath/AMSMB2.build/Release-iphoneos/libsmb2.build/Objects-normal/arm64/smb2-data-filesystem-info.d --serialize-diagnostics /Users/runner/Library/Developer/Xcode/DerivedData/Reel-eksnidxqjeiwfnbzsppehnrbqtac/Build/Intermediates.noindex/ArchiveIntermediates/Reel/IntermediateBuildFilesPath/AMSMB2.build/Release-iphoneos/libsmb2.build/Objects-normal/arm64/smb2-data-filesystem-info.dia -c /Users/runner/work/reel/reel/Packages/AMSMB2/Dependencies/libsmb2/lib/smb2-data-filesystem-info.c -o /Users/runner/Library/Developer/Xcode/DerivedData/Reel-eksnidxqjeiwfnbzsppehnrbqtac/Build/Intermediates.noindex/ArchiveIntermediates/Reel/IntermediateBuildFilesPath/AMSMB2.build/Release-iphoneos/libsmb2.build/Objects-normal/arm64/smb2-data-filesystem-info.o

ScanDependencies /Users/runner/Library/Developer/Xcode/DerivedData/Reel-eksnidxqjeiwfnbzsppehnrbqtac/Build/Intermediates.noindex/ArchiveIntermediates/Reel/IntermediateBuildFilesPath/AMSMB2.build/Release-iphoneos/libsmb2.build/Objects-normal/arm64/smb2-data-file-info.o /Users/runner/work/reel/reel/Packages/AMSMB2/Dependencies/libsmb2/lib/smb2-data-file-info.c normal arm64 c com.apple.compilers.llvm.clang.1_0.compiler (in target 'libsmb2' from project 'AMSMB2')
    cd /Users/runner/work/reel/reel/Reel.xcodeproj
    
    Using response file: /Users/runner/Library/Developer/Xcode/DerivedData/Reel-eksnidxqjeiwfnbzsppehnrbqtac/Build/Intermediates.noindex/ArchiveIntermediates/Reel/IntermediateBuildFilesPath/AMSMB2.build/Release-iphoneos/libsmb2.build/Objects-normal/arm64/7187679823f38a2a940e0043cdf9d637-common-args.resp
    
    builtin-ScanDependencies -o /Users/runner/Library/Developer/Xcode/DerivedData/Reel-eksnidxqjeiwfnbzsppehnrbqtac/Build/Intermediates.noindex/ArchiveIntermediates/Reel/IntermediateBuildFilesPath/AMSMB2.build/Release-iphoneos/libsmb2.build/Objects-normal/arm64/smb2-data-file-info.o.scan -- /Applications/Xcode_26.6.app/Contents/Developer/Toolchains/XcodeDefault.xctoolchain/usr/bin/clang -x c -ivfsstatcache /Users/runner/Library/Developer/Xcode/DerivedData/SDKStatCaches.noindex/iphoneos26.5-23F81a-688ef53f1462e2c8f657fdc38a81448fee66e23052a0157c865c76b268046726.sdkstatcache -target arm64-apple-ios13.0 -fmessage-length\=0 -fdiagnostics-show-note-include-stack -fmacro-backtrace-limit\=0 -fno-color-diagnostics -fmodules-prune-interval\=86400 -fmodules-prune-after\=345600 -fbuild-session-file\=/Users/runner/Library/Developer/Xcode/DerivedData/ModuleCache.noindex/Session.modulevalidation -fmodules-validate-once-per-build-session -Wnon-modular-include-in-framework-module -Werror\=non-modular-include-in-framework-module -Wno-trigraphs -Wno-missing-field-initializers -Wno-missing-prototypes -Wno-return-type -Wno-missing-braces -Wparentheses -Wswitch -Wno-unused-function -Wno-unused-label -Wno-unused-parameter -Wno-unused-variable -Wunused-value -Wno-empty-body -Wno-uninitialized -Wno-unknown-pragmas -w -Wno-shadow -Wno-four-char-constants -Wno-conversion -Wno-constant-conversion -Wno-int-conversion -Wno-bool-conversion -Wno-enum-conversion -Wno-float-conversion -Wno-non-literal-null-conversion -Wno-objc-literal-conversion -Wshorten-64-to-32 -Wpointer-sign -Wno-newline-eof -Wno-implicit-fallthrough -isysroot /Applications/Xcode_26.6.app/Contents/Developer/Platforms/iPhoneOS.platform/Developer/SDKs/iPhoneOS26.5.sdk -fstrict-aliasing -Wdeprecated-declarations -Wno-sign-conversion -Wno-infinite-recursion -Wno-comma -Wno-block-capture-autoreleasing -Wno-strict-prototypes -Wno-semicolon-before-method-body @/Users/runner/Library/Developer/Xcode/DerivedData/Reel-eksnidxqjeiwfnbzsppehnrbqtac/Build/Intermediates.noindex/ArchiveIntermediates/Reel/IntermediateBuildFilesPath/AMSMB2.build/Release-iphoneos/libsmb2.build/Objects-normal/arm64/7187679823f38a2a940e0043cdf9d637-common-args.resp -MMD -MT dependencies -MF /Users/runner/Library/Developer/Xcode/DerivedData/Reel-eksnidxqjeiwfnbzsppehnrbqtac/Build/Intermediates.noindex/ArchiveIntermediates/Reel/IntermediateBuildFilesPath/AMSMB2.build/Release-iphoneos/libsmb2.build/Objects-normal/arm64/smb2-data-file-info.d --serialize-diagnostics /Users/runner/Library/Developer/Xcode/DerivedData/Reel-eksnidxqjeiwfnbzsppehnrbqtac/Build/Intermediates.noindex/ArchiveIntermediates/Reel/IntermediateBuildFilesPath/AMSMB2.build/Release-iphoneos/libsmb2.build/Objects-normal/arm64/smb2-data-file-info.dia -c /Users/runner/work/reel/reel/Packages/AMSMB2/Dependencies/libsmb2/lib/smb2-data-file-info.c -o /Users/runner/Library/Developer/Xcode/DerivedData/Reel-eksnidxqjeiwfnbzsppehnrbqtac/Build/Intermediates.noindex/ArchiveIntermediates/Reel/IntermediateBuildFilesPath/AMSMB2.build/Release-iphoneos/libsmb2.build/Objects-normal/arm64/smb2-data-file-info.o

CompileC /Users/runner/Library/Developer/Xcode/DerivedData/Reel-eksnidxqjeiwfnbzsppehnrbqtac/Build/Intermediates.noindex/ArchiveIntermediates/Reel/IntermediateBuildFilesPath/AMSMB2.build/Release-iphoneos/libsmb2.build/Objects-normal/arm64/smb2-data-filesystem-info.o /Users/runner/work/reel/reel/Packages/AMSMB2/Dependencies/libsmb2/lib/smb2-data-filesystem-info.c normal arm64 c com.apple.compilers.llvm.clang.1_0.compiler (in target 'libsmb2' from project 'AMSMB2')
    cd /Users/runner/work/reel/reel/Reel.xcodeproj
    
    Using response file: /Users/runner/Library/Developer/Xcode/DerivedData/Reel-eksnidxqjeiwfnbzsppehnrbqtac/Build/Intermediates.noindex/ArchiveIntermediates/Reel/IntermediateBuildFilesPath/AMSMB2.build/Release-iphoneos/libsmb2.build/Objects-normal/arm64/7187679823f38a2a940e0043cdf9d637-common-args.resp
    
    /Applications/Xcode_26.6.app/Contents/Developer/Toolchains/XcodeDefault.xctoolchain/usr/bin/clang -x c -ivfsstatcache /Users/runner/Library/Developer/Xcode/DerivedData/SDKStatCaches.noindex/iphoneos26.5-23F81a-688ef53f1462e2c8f657fdc38a81448fee66e23052a0157c865c76b268046726.sdkstatcache -target arm64-apple-ios13.0 -fmessage-length\=0 -fdiagnostics-show-note-include-stack -fmacro-backtrace-limit\=0 -fno-color-diagnostics -fmodules-prune-interval\=86400 -fmodules-prune-after\=345600 -fbuild-session-file\=/Users/runner/Library/Developer/Xcode/DerivedData/ModuleCache.noindex/Session.modulevalidation -fmodules-validate-once-per-build-session -Wnon-modular-include-in-framework-module -Werror\=non-modular-include-in-framework-module -Wno-trigraphs -Wno-missing-field-initializers -Wno-missing-prototypes -Wno-return-type -Wno-missing-braces -Wparentheses -Wswitch -Wno-unused-function -Wno-unused-label -Wno-unused-parameter -Wno-unused-variable -Wunused-value -Wno-empty-body -Wno-uninitialized -Wno-unknown-pragmas -w -Wno-shadow -Wno-four-char-constants -Wno-conversion -Wno-constant-conversion -Wno-int-conversion -Wno-bool-conversion -Wno-enum-conversion -Wno-float-conversion -Wno-non-literal-null-conversion -Wno-objc-literal-conversion -Wshorten-64-to-32 -Wpointer-sign -Wno-newline-eof -Wno-implicit-fallthrough -isysroot /Applications/Xcode_26.6.app/Contents/Developer/Platforms/iPhoneOS.platform/Developer/SDKs/iPhoneOS26.5.sdk -fstrict-aliasing -Wdeprecated-declarations -Wno-sign-conversion -Wno-infinite-recursion -Wno-comma -Wno-block-capture-autoreleasing -Wno-strict-prototypes -Wno-semicolon-before-method-body @/Users/runner/Library/Developer/Xcode/DerivedData/Reel-eksnidxqjeiwfnbzsppehnrbqtac/Build/Intermediates.noindex/ArchiveIntermediates/Reel/IntermediateBuildFilesPath/AMSMB2.build/Release-iphoneos/libsmb2.build/Objects-normal/arm64/7187679823f38a2a940e0043cdf9d637-common-args.resp -MMD -MT dependencies -MF /Users/runner/Library/Developer/Xcode/DerivedData/Reel-eksnidxqjeiwfnbzsppehnrbqtac/Build/Intermediates.noindex/ArchiveIntermediates/Reel/IntermediateBuildFilesPath/AMSMB2.build/Release-iphoneos/libsmb2.build/Objects-normal/arm64/smb2-data-filesystem-info.d --serialize-diagnostics /Users/runner/Library/Developer/Xcode/DerivedData/Reel-eksnidxqjeiwfnbzsppehnrbqtac/Build/Intermediates.noindex/ArchiveIntermediates/Reel/IntermediateBuildFilesPath/AMSMB2.build/Release-iphoneos/libsmb2.build/Objects-normal/arm64/smb2-data-filesystem-info.dia -c /Users/runner/work/reel/reel/Packages/AMSMB2/Dependencies/libsmb2/lib/smb2-data-filesystem-info.c -o /Users/runner/Library/Developer/Xcode/DerivedData/Reel-eksnidxqjeiwfnbzsppehnrbqtac/Build/Intermediates.noindex/ArchiveIntermediates/Reel/IntermediateBuildFilesPath/AMSMB2.build/Release-iphoneos/libsmb2.build/Objects-normal/arm64/smb2-data-filesystem-info.o

CompileC /Users/runner/Library/Developer/Xcode/DerivedData/Reel-eksnidxqjeiwfnbzsppehnrbqtac/Build/Intermediates.noindex/ArchiveIntermediates/Reel/IntermediateBuildFilesPath/AMSMB2.build/Release-iphoneos/libsmb2.build/Objects-normal/arm64/smb2-data-file-info.o /Users/runner/work/reel/reel/Packages/AMSMB2/Dependencies/libsmb2/lib/smb2-data-file-info.c normal arm64 c com.apple.compilers.llvm.clang.1_0.compiler (in target 'libsmb2' from project 'AMSMB2')
    cd /Users/runner/work/reel/reel/Reel.xcodeproj
    
    Using response file: /Users/runner/Library/Developer/Xcode/DerivedData/Reel-eksnidxqjeiwfnbzsppehnrbqtac/Build/Intermediates.noindex/ArchiveIntermediates/Reel/IntermediateBuildFilesPath/AMSMB2.build/Release-iphoneos/libsmb2.build/Objects-normal/arm64/7187679823f38a2a940e0043cdf9d637-common-args.resp
    
    /Applications/Xcode_26.6.app/Contents/Developer/Toolchains/XcodeDefault.xctoolchain/usr/bin/clang -x c -ivfsstatcache /Users/runner/Library/Developer/Xcode/DerivedData/SDKStatCaches.noindex/iphoneos26.5-23F81a-688ef53f1462e2c8f657fdc38a81448fee66e23052a0157c865c76b268046726.sdkstatcache -target arm64-apple-ios13.0 -fmessage-length\=0 -fdiagnostics-show-note-include-stack -fmacro-backtrace-limit\=0 -fno-color-diagnostics -fmodules-prune-interval\=86400 -fmodules-prune-after\=345600 -fbuild-session-file\=/Users/runner/Library/Developer/Xcode/DerivedData/ModuleCache.noindex/Session.modulevalidation -fmodules-validate-once-per-build-session -Wnon-modular-include-in-framework-module -Werror\=non-modular-include-in-framework-module -Wno-trigraphs -Wno-missing-field-initializers -Wno-missing-prototypes -Wno-return-type -Wno-missing-braces -Wparentheses -Wswitch -Wno-unused-function -Wno-unused-label -Wno-unused-parameter -Wno-unused-variable -Wunused-value -Wno-empty-body -Wno-uninitialized -Wno-unknown-pragmas -w -Wno-shadow -Wno-four-char-constants -Wno-conversion -Wno-constant-conversion -Wno-int-conversion -Wno-bool-conversion -Wno-enum-conversion -Wno-float-conversion -Wno-non-literal-null-conversion -Wno-objc-literal-conversion -Wshorten-64-to-32 -Wpointer-sign -Wno-newline-eof -Wno-implicit-fallthrough -isysroot /Applications/Xcode_26.6.app/Contents/Developer/Platforms/iPhoneOS.platform/Developer/SDKs/iPhoneOS26.5.sdk -fstrict-aliasing -Wdeprecated-declarations -Wno-sign-conversion -Wno-infinite-recursion -Wno-comma -Wno-block-capture-autoreleasing -Wno-strict-prototypes -Wno-semicolon-before-method-body @/Users/runner/Library/Developer/Xcode/DerivedData/Reel-eksnidxqjeiwfnbzsppehnrbqtac/Build/Intermediates.noindex/ArchiveIntermediates/Reel/IntermediateBuildFilesPath/AMSMB2.build/Release-iphoneos/libsmb2.build/Objects-normal/arm64/7187679823f38a2a940e0043cdf9d637-common-args.resp -MMD -MT dependencies -MF /Users/runner/Library/Developer/Xcode/DerivedData/Reel-eksnidxqjeiwfnbzsppehnrbqtac/Build/Intermediates.noindex/ArchiveIntermediates/Reel/IntermediateBuildFilesPath/AMSMB2.build/Release-iphoneos/libsmb2.build/Objects-normal/arm64/smb2-data-file-info.d --serialize-diagnostics /Users/runner/Library/Developer/Xcode/DerivedData/Reel-eksnidxqjeiwfnbzsppehnrbqtac/Build/Intermediates.noindex/ArchiveIntermediates/Reel/IntermediateBuildFilesPath/AMSMB2.build/Release-iphoneos/libsmb2.build/Objects-normal/arm64/smb2-data-file-info.dia -c /Users/runner/work/reel/reel/Packages/AMSMB2/Dependencies/libsmb2/lib/smb2-data-file-info.c -o /Users/runner/Library/Developer/Xcode/DerivedData/Reel-eksnidxqjeiwfnbzsppehnrbqtac/Build/Intermediates.noindex/ArchiveIntermediates/Reel/IntermediateBuildFilesPath/AMSMB2.build/Release-iphoneos/libsmb2.build/Objects-normal/arm64/smb2-data-file-info.o

ScanDependencies /Users/runner/Library/Developer/Xcode/DerivedData/Reel-eksnidxqjeiwfnbzsppehnrbqtac/Build/Intermediates.noindex/ArchiveIntermediates/Reel/IntermediateBuildFilesPath/AMSMB2.build/Release-iphoneos/libsmb2.build/Objects-normal/arm64/smb2-cmd-write.o /Users/runner/work/reel/reel/Packages/AMSMB2/Dependencies/libsmb2/lib/smb2-cmd-write.c normal arm64 c com.apple.compilers.llvm.clang.1_0.compiler (in target 'libsmb2' from project 'AMSMB2')
    cd /Users/runner/work/reel/reel/Reel.xcodeproj
    
    Using response file: /Users/runner/Library/Developer/Xcode/DerivedData/Reel-eksnidxqjeiwfnbzsppehnrbqtac/Build/Intermediates.noindex/ArchiveIntermediates/Reel/IntermediateBuildFilesPath/AMSMB2.build/Release-iphoneos/libsmb2.build/Objects-normal/arm64/7187679823f38a2a940e0043cdf9d637-common-args.resp
    
    builtin-ScanDependencies -o /Users/runner/Library/Developer/Xcode/DerivedData/Reel-eksnidxqjeiwfnbzsppehnrbqtac/Build/Intermediates.noindex/ArchiveIntermediates/Reel/IntermediateBuildFilesPath/AMSMB2.build/Release-iphoneos/libsmb2.build/Objects-normal/arm64/smb2-cmd-write.o.scan -- /Applications/Xcode_26.6.app/Contents/Developer/Toolchains/XcodeDefault.xctoolchain/usr/bin/clang -x c -ivfsstatcache /Users/runner/Library/Developer/Xcode/DerivedData/SDKStatCaches.noindex/iphoneos26.5-23F81a-688ef53f1462e2c8f657fdc38a81448fee66e23052a0157c865c76b268046726.sdkstatcache -target arm64-apple-ios13.0 -fmessage-length\=0 -fdiagnostics-show-note-include-stack -fmacro-backtrace-limit\=0 -fno-color-diagnostics -fmodules-prune-interval\=86400 -fmodules-prune-after\=345600 -fbuild-session-file\=/Users/runner/Library/Developer/Xcode/DerivedData/ModuleCache.noindex/Session.modulevalidation -fmodules-validate-once-per-build-session -Wnon-modular-include-in-framework-module -Werror\=non-modular-include-in-framework-module -Wno-trigraphs -Wno-missing-field-initializers -Wno-missing-prototypes -Wno-return-type -Wno-missing-braces -Wparentheses -Wswitch -Wno-unused-function -Wno-unused-label -Wno-unused-parameter -Wno-unused-variable -Wunused-value -Wno-empty-body -Wno-uninitialized -Wno-unknown-pragmas -w -Wno-shadow -Wno-four-char-constants -Wno-conversion -Wno-constant-conversion -Wno-int-conversion -Wno-bool-conversion -Wno-enum-conversion -Wno-float-conversion -Wno-non-literal-null-conversion -Wno-objc-literal-conversion -Wshorten-64-to-32 -Wpointer-sign -Wno-newline-eof -Wno-implicit-fallthrough -isysroot /Applications/Xcode_26.6.app/Contents/Developer/Platforms/iPhoneOS.platform/Developer/SDKs/iPhoneOS26.5.sdk -fstrict-aliasing -Wdeprecated-declarations -Wno-sign-conversion -Wno-infinite-recursion -Wno-comma -Wno-block-capture-autoreleasing -Wno-strict-prototypes -Wno-semicolon-before-method-body @/Users/runner/Library/Developer/Xcode/DerivedData/Reel-eksnidxqjeiwfnbzsppehnrbqtac/Build/Intermediates.noindex/ArchiveIntermediates/Reel/IntermediateBuildFilesPath/AMSMB2.build/Release-iphoneos/libsmb2.build/Objects-normal/arm64/7187679823f38a2a940e0043cdf9d637-common-args.resp -MMD -MT dependencies -MF /Users/runner/Library/Developer/Xcode/DerivedData/Reel-eksnidxqjeiwfnbzsppehnrbqtac/Build/Intermediates.noindex/ArchiveIntermediates/Reel/IntermediateBuildFilesPath/AMSMB2.build/Release-iphoneos/libsmb2.build/Objects-normal/arm64/smb2-cmd-write.d --serialize-diagnostics /Users/runner/Library/Developer/Xcode/DerivedData/Reel-eksnidxqjeiwfnbzsppehnrbqtac/Build/Intermediates.noindex/ArchiveIntermediates/Reel/IntermediateBuildFilesPath/AMSMB2.build/Release-iphoneos/libsmb2.build/Objects-normal/arm64/smb2-cmd-write.dia -c /Users/runner/work/reel/reel/Packages/AMSMB2/Dependencies/libsmb2/lib/smb2-cmd-write.c -o /Users/runner/Library/Developer/Xcode/DerivedData/Reel-eksnidxqjeiwfnbzsppehnrbqtac/Build/Intermediates.noindex/ArchiveIntermediates/Reel/IntermediateBuildFilesPath/AMSMB2.build/Release-iphoneos/libsmb2.build/Objects-normal/arm64/smb2-cmd-write.o

ScanDependencies /Users/runner/Library/Developer/Xcode/DerivedData/Reel-eksnidxqjeiwfnbzsppehnrbqtac/Build/Intermediates.noindex/ArchiveIntermediates/Reel/IntermediateBuildFilesPath/AMSMB2.build/Release-iphoneos/libsmb2.build/Objects-normal/arm64/smb2-cmd-tree-disconnect.o /Users/runner/work/reel/reel/Packages/AMSMB2/Dependencies/libsmb2/lib/smb2-cmd-tree-disconnect.c normal arm64 c com.apple.compilers.llvm.clang.1_0.compiler (in target 'libsmb2' from project 'AMSMB2')
    cd /Users/runner/work/reel/reel/Reel.xcodeproj
    
    Using response file: /Users/runner/Library/Developer/Xcode/DerivedData/Reel-eksnidxqjeiwfnbzsppehnrbqtac/Build/Intermediates.noindex/ArchiveIntermediates/Reel/IntermediateBuildFilesPath/AMSMB2.build/Release-iphoneos/libsmb2.build/Objects-normal/arm64/7187679823f38a2a940e0043cdf9d637-common-args.resp
    
    builtin-ScanDependencies -o /Users/runner/Library/Developer/Xcode/DerivedData/Reel-eksnidxqjeiwfnbzsppehnrbqtac/Build/Intermediates.noindex/ArchiveIntermediates/Reel/IntermediateBuildFilesPath/AMSMB2.build/Release-iphoneos/libsmb2.build/Objects-normal/arm64/smb2-cmd-tree-disconnect.o.scan -- /Applications/Xcode_26.6.app/Contents/Developer/Toolchains/XcodeDefault.xctoolchain/usr/bin/clang -x c -ivfsstatcache /Users/runner/Library/Developer/Xcode/DerivedData/SDKStatCaches.noindex/iphoneos26.5-23F81a-688ef53f1462e2c8f657fdc38a81448fee66e23052a0157c865c76b268046726.sdkstatcache -target arm64-apple-ios13.0 -fmessage-length\=0 -fdiagnostics-show-note-include-stack -fmacro-backtrace-limit\=0 -fno-color-diagnostics -fmodules-prune-interval\=86400 -fmodules-prune-after\=345600 -fbuild-session-file\=/Users/runner/Library/Developer/Xcode/DerivedData/ModuleCache.noindex/Session.modulevalidation -fmodules-validate-once-per-build-session -Wnon-modular-include-in-framework-module -Werror\=non-modular-include-in-framework-module -Wno-trigraphs -Wno-missing-field-initializers -Wno-missing-prototypes -Wno-return-type -Wno-missing-braces -Wparentheses -Wswitch -Wno-unused-function -Wno-unused-label -Wno-unused-parameter -Wno-unused-variable -Wunused-value -Wno-empty-body -Wno-uninitialized -Wno-unknown-pragmas -w -Wno-shadow -Wno-four-char-constants -Wno-conversion -Wno-constant-conversion -Wno-int-conversion -Wno-bool-conversion -Wno-enum-conversion -Wno-float-conversion -Wno-non-literal-null-conversion -Wno-objc-literal-conversion -Wshorten-64-to-32 -Wpointer-sign -Wno-newline-eof -Wno-implicit-fallthrough -isysroot /Applications/Xcode_26.6.app/Contents/Developer/Platforms/iPhoneOS.platform/Developer/SDKs/iPhoneOS26.5.sdk -fstrict-aliasing -Wdeprecated-declarations -Wno-sign-conversion -Wno-infinite-recursion -Wno-comma -Wno-block-capture-autoreleasing -Wno-strict-prototypes -Wno-semicolon-before-method-body @/Users/runner/Library/Developer/Xcode/DerivedData/Reel-eksnidxqjeiwfnbzsppehnrbqtac/Build/Intermediates.noindex/ArchiveIntermediates/Reel/IntermediateBuildFilesPath/AMSMB2.build/Release-iphoneos/libsmb2.build/Objects-normal/arm64/7187679823f38a2a940e0043cdf9d637-common-args.resp -MMD -MT dependencies -MF /Users/runner/Library/Developer/Xcode/DerivedData/Reel-eksnidxqjeiwfnbzsppehnrbqtac/Build/Intermediates.noindex/ArchiveIntermediates/Reel/IntermediateBuildFilesPath/AMSMB2.build/Release-iphoneos/libsmb2.build/Objects-normal/arm64/smb2-cmd-tree-disconnect.d --serialize-diagnostics /Users/runner/Library/Developer/Xcode/DerivedData/Reel-eksnidxqjeiwfnbzsppehnrbqtac/Build/Intermediates.noindex/ArchiveIntermediates/Reel/IntermediateBuildFilesPath/AMSMB2.build/Release-iphoneos/libsmb2.build/Objects-normal/arm64/smb2-cmd-tree-disconnect.dia -c /Users/runner/work/reel/reel/Packages/AMSMB2/Dependencies/libsmb2/lib/smb2-cmd-tree-disconnect.c -o /Users/runner/Library/Developer/Xcode/DerivedData/Reel-eksnidxqjeiwfnbzsppehnrbqtac/Build/Intermediates.noindex/ArchiveIntermediates/Reel/IntermediateBuildFilesPath/AMSMB2.build/Release-iphoneos/libsmb2.build/Objects-normal/arm64/smb2-cmd-tree-disconnect.o

CompileC /Users/runner/Library/Developer/Xcode/DerivedData/Reel-eksnidxqjeiwfnbzsppehnrbqtac/Build/Intermediates.noindex/ArchiveIntermediates/Reel/IntermediateBuildFilesPath/AMSMB2.build/Release-iphoneos/libsmb2.build/Objects-normal/arm64/smb2-cmd-write.o /Users/runner/work/reel/reel/Packages/AMSMB2/Dependencies/libsmb2/lib/smb2-cmd-write.c normal arm64 c com.apple.compilers.llvm.clang.1_0.compiler (in target 'libsmb2' from project 'AMSMB2')
    cd /Users/runner/work/reel/reel/Reel.xcodeproj
    
    Using response file: /Users/runner/Library/Developer/Xcode/DerivedData/Reel-eksnidxqjeiwfnbzsppehnrbqtac/Build/Intermediates.noindex/ArchiveIntermediates/Reel/IntermediateBuildFilesPath/AMSMB2.build/Release-iphoneos/libsmb2.build/Objects-normal/arm64/7187679823f38a2a940e0043cdf9d637-common-args.resp
    
    /Applications/Xcode_26.6.app/Contents/Developer/Toolchains/XcodeDefault.xctoolchain/usr/bin/clang -x c -ivfsstatcache /Users/runner/Library/Developer/Xcode/DerivedData/SDKStatCaches.noindex/iphoneos26.5-23F81a-688ef53f1462e2c8f657fdc38a81448fee66e23052a0157c865c76b268046726.sdkstatcache -target arm64-apple-ios13.0 -fmessage-length\=0 -fdiagnostics-show-note-include-stack -fmacro-backtrace-limit\=0 -fno-color-diagnostics -fmodules-prune-interval\=86400 -fmodules-prune-after\=345600 -fbuild-session-file\=/Users/runner/Library/Developer/Xcode/DerivedData/ModuleCache.noindex/Session.modulevalidation -fmodules-validate-once-per-build-session -Wnon-modular-include-in-framework-module -Werror\=non-modular-include-in-framework-module -Wno-trigraphs -Wno-missing-field-initializers -Wno-missing-prototypes -Wno-return-type -Wno-missing-braces -Wparentheses -Wswitch -Wno-unused-function -Wno-unused-label -Wno-unused-parameter -Wno-unused-variable -Wunused-value -Wno-empty-body -Wno-uninitialized -Wno-unknown-pragmas -w -Wno-shadow -Wno-four-char-constants -Wno-conversion -Wno-constant-conversion -Wno-int-conversion -Wno-bool-conversion -Wno-enum-conversion -Wno-float-conversion -Wno-non-literal-null-conversion -Wno-objc-literal-conversion -Wshorten-64-to-32 -Wpointer-sign -Wno-newline-eof -Wno-implicit-fallthrough -isysroot /Applications/Xcode_26.6.app/Contents/Developer/Platforms/iPhoneOS.platform/Developer/SDKs/iPhoneOS26.5.sdk -fstrict-aliasing -Wdeprecated-declarations -Wno-sign-conversion -Wno-infinite-recursion -Wno-comma -Wno-block-capture-autoreleasing -Wno-strict-prototypes -Wno-semicolon-before-method-body @/Users/runner/Library/Developer/Xcode/DerivedData/Reel-eksnidxqjeiwfnbzsppehnrbqtac/Build/Intermediates.noindex/ArchiveIntermediates/Reel/IntermediateBuildFilesPath/AMSMB2.build/Release-iphoneos/libsmb2.build/Objects-normal/arm64/7187679823f38a2a940e0043cdf9d637-common-args.resp -MMD -MT dependencies -MF /Users/runner/Library/Developer/Xcode/DerivedData/Reel-eksnidxqjeiwfnbzsppehnrbqtac/Build/Intermediates.noindex/ArchiveIntermediates/Reel/IntermediateBuildFilesPath/AMSMB2.build/Release-iphoneos/libsmb2.build/Objects-normal/arm64/smb2-cmd-write.d --serialize-diagnostics /Users/runner/Library/Developer/Xcode/DerivedData/Reel-eksnidxqjeiwfnbzsppehnrbqtac/Build/Intermediates.noindex/ArchiveIntermediates/Reel/IntermediateBuildFilesPath/AMSMB2.build/Release-iphoneos/libsmb2.build/Objects-normal/arm64/smb2-cmd-write.dia -c /Users/runner/work/reel/reel/Packages/AMSMB2/Dependencies/libsmb2/lib/smb2-cmd-write.c -o /Users/runner/Library/Developer/Xcode/DerivedData/Reel-eksnidxqjeiwfnbzsppehnrbqtac/Build/Intermediates.noindex/ArchiveIntermediates/Reel/IntermediateBuildFilesPath/AMSMB2.build/Release-iphoneos/libsmb2.build/Objects-normal/arm64/smb2-cmd-write.o

CompileC /Users/runner/Library/Developer/Xcode/DerivedData/Reel-eksnidxqjeiwfnbzsppehnrbqtac/Build/Intermediates.noindex/ArchiveIntermediates/Reel/IntermediateBuildFilesPath/AMSMB2.build/Release-iphoneos/libsmb2.build/Objects-normal/arm64/smb2-cmd-tree-disconnect.o /Users/runner/work/reel/reel/Packages/AMSMB2/Dependencies/libsmb2/lib/smb2-cmd-tree-disconnect.c normal arm64 c com.apple.compilers.llvm.clang.1_0.compiler (in target 'libsmb2' from project 'AMSMB2')
    cd /Users/runner/work/reel/reel/Reel.xcodeproj
    
    Using response file: /Users/runner/Library/Developer/Xcode/DerivedData/Reel-eksnidxqjeiwfnbzsppehnrbqtac/Build/Intermediates.noindex/ArchiveIntermediates/Reel/IntermediateBuildFilesPath/AMSMB2.build/Release-iphoneos/libsmb2.build/Objects-normal/arm64/7187679823f38a2a940e0043cdf9d637-common-args.resp
    
    /Applications/Xcode_26.6.app/Contents/Developer/Toolchains/XcodeDefault.xctoolchain/usr/bin/clang -x c -ivfsstatcache /Users/runner/Library/Developer/Xcode/DerivedData/SDKStatCaches.noindex/iphoneos26.5-23F81a-688ef53f1462e2c8f657fdc38a81448fee66e23052a0157c865c76b268046726.sdkstatcache -target arm64-apple-ios13.0 -fmessage-length\=0 -fdiagnostics-show-note-include-stack -fmacro-backtrace-limit\=0 -fno-color-diagnostics -fmodules-prune-interval\=86400 -fmodules-prune-after\=345600 -fbuild-session-file\=/Users/runner/Library/Developer/Xcode/DerivedData/ModuleCache.noindex/Session.modulevalidation -fmodules-validate-once-per-build-session -Wnon-modular-include-in-framework-module -Werror\=non-modular-include-in-framework-module -Wno-trigraphs -Wno-missing-field-initializers -Wno-missing-prototypes -Wno-return-type -Wno-missing-braces -Wparentheses -Wswitch -Wno-unused-function -Wno-unused-label -Wno-unused-parameter -Wno-unused-variable -Wunused-value -Wno-empty-body -Wno-uninitialized -Wno-unknown-pragmas -w -Wno-shadow -Wno-four-char-constants -Wno-conversion -Wno-constant-conversion -Wno-int-conversion -Wno-bool-conversion -Wno-enum-conversion -Wno-float-conversion -Wno-non-literal-null-conversion -Wno-objc-literal-conversion -Wshorten-64-to-32 -Wpointer-sign -Wno-newline-eof -Wno-implicit-fallthrough -isysroot /Applications/Xcode_26.6.app/Contents/Developer/Platforms/iPhoneOS.platform/Developer/SDKs/iPhoneOS26.5.sdk -fstrict-aliasing -Wdeprecated-declarations -Wno-sign-conversion -Wno-infinite-recursion -Wno-comma -Wno-block-capture-autoreleasing -Wno-strict-prototypes -Wno-semicolon-before-method-body @/Users/runner/Library/Developer/Xcode/DerivedData/Reel-eksnidxqjeiwfnbzsppehnrbqtac/Build/Intermediates.noindex/ArchiveIntermediates/Reel/IntermediateBuildFilesPath/AMSMB2.build/Release-iphoneos/libsmb2.build/Objects-normal/arm64/7187679823f38a2a940e0043cdf9d637-common-args.resp -MMD -MT dependencies -MF /Users/runner/Library/Developer/Xcode/DerivedData/Reel-eksnidxqjeiwfnbzsppehnrbqtac/Build/Intermediates.noindex/ArchiveIntermediates/Reel/IntermediateBuildFilesPath/AMSMB2.build/Release-iphoneos/libsmb2.build/Objects-normal/arm64/smb2-cmd-tree-disconnect.d --serialize-diagnostics /Users/runner/Library/Developer/Xcode/DerivedData/Reel-eksnidxqjeiwfnbzsppehnrbqtac/Build/Intermediates.noindex/ArchiveIntermediates/Reel/IntermediateBuildFilesPath/AMSMB2.build/Release-iphoneos/libsmb2.build/Objects-normal/arm64/smb2-cmd-tree-disconnect.dia -c /Users/runner/work/reel/reel/Packages/AMSMB2/Dependencies/libsmb2/lib/smb2-cmd-tree-disconnect.c -o /Users/runner/Library/Developer/Xcode/DerivedData/Reel-eksnidxqjeiwfnbzsppehnrbqtac/Build/Intermediates.noindex/ArchiveIntermediates/Reel/IntermediateBuildFilesPath/AMSMB2.build/Release-iphoneos/libsmb2.build/Objects-normal/arm64/smb2-cmd-tree-disconnect.o

ScanDependencies /Users/runner/Library/Developer/Xcode/DerivedData/Reel-eksnidxqjeiwfnbzsppehnrbqtac/Build/Intermediates.noindex/ArchiveIntermediates/Reel/IntermediateBuildFilesPath/AMSMB2.build/Release-iphoneos/libsmb2.build/Objects-normal/arm64/smb2-cmd-tree-connect.o /Users/runner/work/reel/reel/Packages/AMSMB2/Dependencies/libsmb2/lib/smb2-cmd-tree-connect.c normal arm64 c com.apple.compilers.llvm.clang.1_0.compiler (in target 'libsmb2' from project 'AMSMB2')
    cd /Users/runner/work/reel/reel/Reel.xcodeproj
    
    Using response file: /Users/runner/Library/Developer/Xcode/DerivedData/Reel-eksnidxqjeiwfnbzsppehnrbqtac/Build/Intermediates.noindex/ArchiveIntermediates/Reel/IntermediateBuildFilesPath/AMSMB2.build/Release-iphoneos/libsmb2.build/Objects-normal/arm64/7187679823f38a2a940e0043cdf9d637-common-args.resp
    
    builtin-ScanDependencies -o /Users/runner/Library/Developer/Xcode/DerivedData/Reel-eksnidxqjeiwfnbzsppehnrbqtac/Build/Intermediates.noindex/ArchiveIntermediates/Reel/IntermediateBuildFilesPath/AMSMB2.build/Release-iphoneos/libsmb2.build/Objects-normal/arm64/smb2-cmd-tree-connect.o.scan -- /Applications/Xcode_26.6.app/Contents/Developer/Toolchains/XcodeDefault.xctoolchain/usr/bin/clang -x c -ivfsstatcache /Users/runner/Library/Developer/Xcode/DerivedData/SDKStatCaches.noindex/iphoneos26.5-23F81a-688ef53f1462e2c8f657fdc38a81448fee66e23052a0157c865c76b268046726.sdkstatcache -target arm64-apple-ios13.0 -fmessage-length\=0 -fdiagnostics-show-note-include-stack -fmacro-backtrace-limit\=0 -fno-color-diagnostics -fmodules-prune-interval\=86400 -fmodules-prune-after\=345600 -fbuild-session-file\=/Users/runner/Library/Developer/Xcode/DerivedData/ModuleCache.noindex/Session.modulevalidation -fmodules-validate-once-per-build-session -Wnon-modular-include-in-framework-module -Werror\=non-modular-include-in-framework-module -Wno-trigraphs -Wno-missing-field-initializers -Wno-missing-prototypes -Wno-return-type -Wno-missing-braces -Wparentheses -Wswitch -Wno-unused-function -Wno-unused-label -Wno-unused-parameter -Wno-unused-variable -Wunused-value -Wno-empty-body -Wno-uninitialized -Wno-unknown-pragmas -w -Wno-shadow -Wno-four-char-constants -Wno-conversion -Wno-constant-conversion -Wno-int-conversion -Wno-bool-conversion -Wno-enum-conversion -Wno-float-conversion -Wno-non-literal-null-conversion -Wno-objc-literal-conversion -Wshorten-64-to-32 -Wpointer-sign -Wno-newline-eof -Wno-implicit-fallthrough -isysroot /Applications/Xcode_26.6.app/Contents/Developer/Platforms/iPhoneOS.platform/Developer/SDKs/iPhoneOS26.5.sdk -fstrict-aliasing -Wdeprecated-declarations -Wno-sign-conversion -Wno-infinite-recursion -Wno-comma -Wno-block-capture-autoreleasing -Wno-strict-prototypes -Wno-semicolon-before-method-body @/Users/runner/Library/Developer/Xcode/DerivedData/Reel-eksnidxqjeiwfnbzsppehnrbqtac/Build/Intermediates.noindex/ArchiveIntermediates/Reel/IntermediateBuildFilesPath/AMSMB2.build/Release-iphoneos/libsmb2.build/Objects-normal/arm64/7187679823f38a2a940e0043cdf9d637-common-args.resp -MMD -MT dependencies -MF /Users/runner/Library/Developer/Xcode/DerivedData/Reel-eksnidxqjeiwfnbzsppehnrbqtac/Build/Intermediates.noindex/ArchiveIntermediates/Reel/IntermediateBuildFilesPath/AMSMB2.build/Release-iphoneos/libsmb2.build/Objects-normal/arm64/smb2-cmd-tree-connect.d --serialize-diagnostics /Users/runner/Library/Developer/Xcode/DerivedData/Reel-eksnidxqjeiwfnbzsppehnrbqtac/Build/Intermediates.noindex/ArchiveIntermediates/Reel/IntermediateBuildFilesPath/AMSMB2.build/Release-iphoneos/libsmb2.build/Objects-normal/arm64/smb2-cmd-tree-connect.dia -c /Users/runner/work/reel/reel/Packages/AMSMB2/Dependencies/libsmb2/lib/smb2-cmd-tree-connect.c -o /Users/runner/Library/Developer/Xcode/DerivedData/Reel-eksnidxqjeiwfnbzsppehnrbqtac/Build/Intermediates.noindex/ArchiveIntermediates/Reel/IntermediateBuildFilesPath/AMSMB2.build/Release-iphoneos/libsmb2.build/Objects-normal/arm64/smb2-cmd-tree-connect.o

ScanDependencies /Users/runner/Library/Developer/Xcode/DerivedData/Reel-eksnidxqjeiwfnbzsppehnrbqtac/Build/Intermediates.noindex/ArchiveIntermediates/Reel/IntermediateBuildFilesPath/AMSMB2.build/Release-iphoneos/libsmb2.build/Objects-normal/arm64/smb2-cmd-set-info.o /Users/runner/work/reel/reel/Packages/AMSMB2/Dependencies/libsmb2/lib/smb2-cmd-set-info.c normal arm64 c com.apple.compilers.llvm.clang.1_0.compiler (in target 'libsmb2' from project 'AMSMB2')
    cd /Users/runner/work/reel/reel/Reel.xcodeproj
    
    Using response file: /Users/runner/Library/Developer/Xcode/DerivedData/Reel-eksnidxqjeiwfnbzsppehnrbqtac/Build/Intermediates.noindex/ArchiveIntermediates/Reel/IntermediateBuildFilesPath/AMSMB2.build/Release-iphoneos/libsmb2.build/Objects-normal/arm64/7187679823f38a2a940e0043cdf9d637-common-args.resp
    
    builtin-ScanDependencies -o /Users/runner/Library/Developer/Xcode/DerivedData/Reel-eksnidxqjeiwfnbzsppehnrbqtac/Build/Intermediates.noindex/ArchiveIntermediates/Reel/IntermediateBuildFilesPath/AMSMB2.build/Release-iphoneos/libsmb2.build/Objects-normal/arm64/smb2-cmd-set-info.o.scan -- /Applications/Xcode_26.6.app/Contents/Developer/Toolchains/XcodeDefault.xctoolchain/usr/bin/clang -x c -ivfsstatcache /Users/runner/Library/Developer/Xcode/DerivedData/SDKStatCaches.noindex/iphoneos26.5-23F81a-688ef53f1462e2c8f657fdc38a81448fee66e23052a0157c865c76b268046726.sdkstatcache -target arm64-apple-ios13.0 -fmessage-length\=0 -fdiagnostics-show-note-include-stack -fmacro-backtrace-limit\=0 -fno-color-diagnostics -fmodules-prune-interval\=86400 -fmodules-prune-after\=345600 -fbuild-session-file\=/Users/runner/Library/Developer/Xcode/DerivedData/ModuleCache.noindex/Session.modulevalidation -fmodules-validate-once-per-build-session -Wnon-modular-include-in-framework-module -Werror\=non-modular-include-in-framework-module -Wno-trigraphs -Wno-missing-field-initializers -Wno-missing-prototypes -Wno-return-type -Wno-missing-braces -Wparentheses -Wswitch -Wno-unused-function -Wno-unused-label -Wno-unused-parameter -Wno-unused-variable -Wunused-value -Wno-empty-body -Wno-uninitialized -Wno-unknown-pragmas -w -Wno-shadow -Wno-four-char-constants -Wno-conversion -Wno-constant-conversion -Wno-int-conversion -Wno-bool-conversion -Wno-enum-conversion -Wno-float-conversion -Wno-non-literal-null-conversion -Wno-objc-literal-conversion -Wshorten-64-to-32 -Wpointer-sign -Wno-newline-eof -Wno-implicit-fallthrough -isysroot /Applications/Xcode_26.6.app/Contents/Developer/Platforms/iPhoneOS.platform/Developer/SDKs/iPhoneOS26.5.sdk -fstrict-aliasing -Wdeprecated-declarations -Wno-sign-conversion -Wno-infinite-recursion -Wno-comma -Wno-block-capture-autoreleasing -Wno-strict-prototypes -Wno-semicolon-before-method-body @/Users/runner/Library/Developer/Xcode/DerivedData/Reel-eksnidxqjeiwfnbzsppehnrbqtac/Build/Intermediates.noindex/ArchiveIntermediates/Reel/IntermediateBuildFilesPath/AMSMB2.build/Release-iphoneos/libsmb2.build/Objects-normal/arm64/7187679823f38a2a940e0043cdf9d637-common-args.resp -MMD -MT dependencies -MF /Users/runner/Library/Developer/Xcode/DerivedData/Reel-eksnidxqjeiwfnbzsppehnrbqtac/Build/Intermediates.noindex/ArchiveIntermediates/Reel/IntermediateBuildFilesPath/AMSMB2.build/Release-iphoneos/libsmb2.build/Objects-normal/arm64/smb2-cmd-set-info.d --serialize-diagnostics /Users/runner/Library/Developer/Xcode/DerivedData/Reel-eksnidxqjeiwfnbzsppehnrbqtac/Build/Intermediates.noindex/ArchiveIntermediates/Reel/IntermediateBuildFilesPath/AMSMB2.build/Release-iphoneos/libsmb2.build/Objects-normal/arm64/smb2-cmd-set-info.dia -c /Users/runner/work/reel/reel/Packages/AMSMB2/Dependencies/libsmb2/lib/smb2-cmd-set-info.c -o /Users/runner/Library/Developer/Xcode/DerivedData/Reel-eksnidxqjeiwfnbzsppehnrbqtac/Build/Intermediates.noindex/ArchiveIntermediates/Reel/IntermediateBuildFilesPath/AMSMB2.build/Release-iphoneos/libsmb2.build/Objects-normal/arm64/smb2-cmd-set-info.o

CompileC /Users/runner/Library/Developer/Xcode/DerivedData/Reel-eksnidxqjeiwfnbzsppehnrbqtac/Build/Intermediates.noindex/ArchiveIntermediates/Reel/IntermediateBuildFilesPath/AMSMB2.build/Release-iphoneos/libsmb2.build/Objects-normal/arm64/smb2-cmd-tree-connect.o /Users/runner/work/reel/reel/Packages/AMSMB2/Dependencies/libsmb2/lib/smb2-cmd-tree-connect.c normal arm64 c com.apple.compilers.llvm.clang.1_0.compiler (in target 'libsmb2' from project 'AMSMB2')
    cd /Users/runner/work/reel/reel/Reel.xcodeproj
    
    Using response file: /Users/runner/Library/Developer/Xcode/DerivedData/Reel-eksnidxqjeiwfnbzsppehnrbqtac/Build/Intermediates.noindex/ArchiveIntermediates/Reel/IntermediateBuildFilesPath/AMSMB2.build/Release-iphoneos/libsmb2.build/Objects-normal/arm64/7187679823f38a2a940e0043cdf9d637-common-args.resp
    
    /Applications/Xcode_26.6.app/Contents/Developer/Toolchains/XcodeDefault.xctoolchain/usr/bin/clang -x c -ivfsstatcache /Users/runner/Library/Developer/Xcode/DerivedData/SDKStatCaches.noindex/iphoneos26.5-23F81a-688ef53f1462e2c8f657fdc38a81448fee66e23052a0157c865c76b268046726.sdkstatcache -target arm64-apple-ios13.0 -fmessage-length\=0 -fdiagnostics-show-note-include-stack -fmacro-backtrace-limit\=0 -fno-color-diagnostics -fmodules-prune-interval\=86400 -fmodules-prune-after\=345600 -fbuild-session-file\=/Users/runner/Library/Developer/Xcode/DerivedData/ModuleCache.noindex/Session.modulevalidation -fmodules-validate-once-per-build-session -Wnon-modular-include-in-framework-module -Werror\=non-modular-include-in-framework-module -Wno-trigraphs -Wno-missing-field-initializers -Wno-missing-prototypes -Wno-return-type -Wno-missing-braces -Wparentheses -Wswitch -Wno-unused-function -Wno-unused-label -Wno-unused-parameter -Wno-unused-variable -Wunused-value -Wno-empty-body -Wno-uninitialized -Wno-unknown-pragmas -w -Wno-shadow -Wno-four-char-constants -Wno-conversion -Wno-constant-conversion -Wno-int-conversion -Wno-bool-conversion -Wno-enum-conversion -Wno-float-conversion -Wno-non-literal-null-conversion -Wno-objc-literal-conversion -Wshorten-64-to-32 -Wpointer-sign -Wno-newline-eof -Wno-implicit-fallthrough -isysroot /Applications/Xcode_26.6.app/Contents/Developer/Platforms/iPhoneOS.platform/Developer/SDKs/iPhoneOS26.5.sdk -fstrict-aliasing -Wdeprecated-declarations -Wno-sign-conversion -Wno-infinite-recursion -Wno-comma -Wno-block-capture-autoreleasing -Wno-strict-prototypes -Wno-semicolon-before-method-body @/Users/runner/Library/Developer/Xcode/DerivedData/Reel-eksnidxqjeiwfnbzsppehnrbqtac/Build/Intermediates.noindex/ArchiveIntermediates/Reel/IntermediateBuildFilesPath/AMSMB2.build/Release-iphoneos/libsmb2.build/Objects-normal/arm64/7187679823f38a2a940e0043cdf9d637-common-args.resp -MMD -MT dependencies -MF /Users/runner/Library/Developer/Xcode/DerivedData/Reel-eksnidxqjeiwfnbzsppehnrbqtac/Build/Intermediates.noindex/ArchiveIntermediates/Reel/IntermediateBuildFilesPath/AMSMB2.build/Release-iphoneos/libsmb2.build/Objects-normal/arm64/smb2-cmd-tree-connect.d --serialize-diagnostics /Users/runner/Library/Developer/Xcode/DerivedData/Reel-eksnidxqjeiwfnbzsppehnrbqtac/Build/Intermediates.noindex/ArchiveIntermediates/Reel/IntermediateBuildFilesPath/AMSMB2.build/Release-iphoneos/libsmb2.build/Objects-normal/arm64/smb2-cmd-tree-connect.dia -c /Users/runner/work/reel/reel/Packages/AMSMB2/Dependencies/libsmb2/lib/smb2-cmd-tree-connect.c -o /Users/runner/Library/Developer/Xcode/DerivedData/Reel-eksnidxqjeiwfnbzsppehnrbqtac/Build/Intermediates.noindex/ArchiveIntermediates/Reel/IntermediateBuildFilesPath/AMSMB2.build/Release-iphoneos/libsmb2.build/Objects-normal/arm64/smb2-cmd-tree-connect.o

CompileC /Users/runner/Library/Developer/Xcode/DerivedData/Reel-eksnidxqjeiwfnbzsppehnrbqtac/Build/Intermediates.noindex/ArchiveIntermediates/Reel/IntermediateBuildFilesPath/AMSMB2.build/Release-iphoneos/libsmb2.build/Objects-normal/arm64/smb2-cmd-set-info.o /Users/runner/work/reel/reel/Packages/AMSMB2/Dependencies/libsmb2/lib/smb2-cmd-set-info.c normal arm64 c com.apple.compilers.llvm.clang.1_0.compiler (in target 'libsmb2' from project 'AMSMB2')
    cd /Users/runner/work/reel/reel/Reel.xcodeproj
    
    Using response file: /Users/runner/Library/Developer/Xcode/DerivedData/Reel-eksnidxqjeiwfnbzsppehnrbqtac/Build/Intermediates.noindex/ArchiveIntermediates/Reel/IntermediateBuildFilesPath/AMSMB2.build/Release-iphoneos/libsmb2.build/Objects-normal/arm64/7187679823f38a2a940e0043cdf9d637-common-args.resp
    
    /Applications/Xcode_26.6.app/Contents/Developer/Toolchains/XcodeDefault.xctoolchain/usr/bin/clang -x c -ivfsstatcache /Users/runner/Library/Developer/Xcode/DerivedData/SDKStatCaches.noindex/iphoneos26.5-23F81a-688ef53f1462e2c8f657fdc38a81448fee66e23052a0157c865c76b268046726.sdkstatcache -target arm64-apple-ios13.0 -fmessage-length\=0 -fdiagnostics-show-note-include-stack -fmacro-backtrace-limit\=0 -fno-color-diagnostics -fmodules-prune-interval\=86400 -fmodules-prune-after\=345600 -fbuild-session-file\=/Users/runner/Library/Developer/Xcode/DerivedData/ModuleCache.noindex/Session.modulevalidation -fmodules-validate-once-per-build-session -Wnon-modular-include-in-framework-module -Werror\=non-modular-include-in-framework-module -Wno-trigraphs -Wno-missing-field-initializers -Wno-missing-prototypes -Wno-return-type -Wno-missing-braces -Wparentheses -Wswitch -Wno-unused-function -Wno-unused-label -Wno-unused-parameter -Wno-unused-variable -Wunused-value -Wno-empty-body -Wno-uninitialized -Wno-unknown-pragmas -w -Wno-shadow -Wno-four-char-constants -Wno-conversion -Wno-constant-conversion -Wno-int-conversion -Wno-bool-conversion -Wno-enum-conversion -Wno-float-conversion -Wno-non-literal-null-conversion -Wno-objc-literal-conversion -Wshorten-64-to-32 -Wpointer-sign -Wno-newline-eof -Wno-implicit-fallthrough -isysroot /Applications/Xcode_26.6.app/Contents/Developer/Platforms/iPhoneOS.platform/Developer/SDKs/iPhoneOS26.5.sdk -fstrict-aliasing -Wdeprecated-declarations -Wno-sign-conversion -Wno-infinite-recursion -Wno-comma -Wno-block-capture-autoreleasing -Wno-strict-prototypes -Wno-semicolon-before-method-body @/Users/runner/Library/Developer/Xcode/DerivedData/Reel-eksnidxqjeiwfnbzsppehnrbqtac/Build/Intermediates.noindex/ArchiveIntermediates/Reel/IntermediateBuildFilesPath/AMSMB2.build/Release-iphoneos/libsmb2.build/Objects-normal/arm64/7187679823f38a2a940e0043cdf9d637-common-args.resp -MMD -MT dependencies -MF /Users/runner/Library/Developer/Xcode/DerivedData/Reel-eksnidxqjeiwfnbzsppehnrbqtac/Build/Intermediates.noindex/ArchiveIntermediates/Reel/IntermediateBuildFilesPath/AMSMB2.build/Release-iphoneos/libsmb2.build/Objects-normal/arm64/smb2-cmd-set-info.d --serialize-diagnostics /Users/runner/Library/Developer/Xcode/DerivedData/Reel-eksnidxqjeiwfnbzsppehnrbqtac/Build/Intermediates.noindex/ArchiveIntermediates/Reel/IntermediateBuildFilesPath/AMSMB2.build/Release-iphoneos/libsmb2.build/Objects-normal/arm64/smb2-cmd-set-info.dia -c /Users/runner/work/reel/reel/Packages/AMSMB2/Dependencies/libsmb2/lib/smb2-cmd-set-info.c -o /Users/runner/Library/Developer/Xcode/DerivedData/Reel-eksnidxqjeiwfnbzsppehnrbqtac/Build/Intermediates.noindex/ArchiveIntermediates/Reel/IntermediateBuildFilesPath/AMSMB2.build/Release-iphoneos/libsmb2.build/Objects-normal/arm64/smb2-cmd-set-info.o

SwiftExplicitDependencyGeneratePcm arm64 /Users/runner/Library/Developer/Xcode/DerivedData/ModuleCache.noindex/DataDetection-3JFDP59CLYBUOZPG51OKN8CZ8.pcm

SwiftExplicitDependencyGeneratePcm arm64 /Users/runner/Library/Developer/Xcode/DerivedData/ModuleCache.noindex/Symbols-EU19KAZCK6D0C0JUPLFLKQ44.pcm

SwiftExplicitDependencyGeneratePcm arm64 /Users/runner/Library/Developer/Xcode/DerivedData/ModuleCache.noindex/UserNotifications-4CI6U0ZJSF5P11DSTZ74WB7AZ.pcm

SwiftExplicitDependencyGeneratePcm arm64 /Users/runner/Library/Developer/Xcode/DerivedData/ModuleCache.noindex/IOSurface-A3169492JTUXYFMDUBIK6M1PI.pcm

SwiftExplicitDependencyGeneratePcm arm64 /Users/runner/Library/Developer/Xcode/DerivedData/ModuleCache.noindex/FileProvider-DDJELMV59NVB1DQIBYVTN8HBP.pcm

SwiftExplicitDependencyGeneratePcm arm64 /Users/runner/Library/Developer/Xcode/DerivedData/ModuleCache.noindex/Accessibility-8L79PBU03IZEOH3MTKHZ8UL62.pcm

SwiftExplicitDependencyGeneratePcm arm64 /Users/runner/Library/Developer/Xcode/DerivedData/ModuleCache.noindex/Metal-HCUB9N8XKGZLDTP6IOLKFZP8.pcm

SwiftExplicitDependencyGeneratePcm arm64 /Users/runner/Library/Developer/Xcode/DerivedData/ModuleCache.noindex/OpenGLES-DVROR9QJV8Z7I8PACD8BZ1A4Q.pcm

SwiftExplicitDependencyGeneratePcm arm64 /Users/runner/Library/Developer/Xcode/DerivedData/ModuleCache.noindex/UniformTypeIdentifiers-98UT9EI3UE4T4KR1IVKI9PEEY.pcm

SwiftExplicitDependencyGeneratePcm arm64 /Users/runner/Library/Developer/Xcode/DerivedData/ModuleCache.noindex/OSLog-3LKE53LPWMO6H3RX65KD10VXD.pcm

SwiftExplicitDependencyGeneratePcm arm64 /Users/runner/Library/Developer/Xcode/DerivedData/ModuleCache.noindex/UIUtilities-DTDJI55PSJU07N62AGXQU6X65.pcm

SwiftExplicitDependencyGeneratePcm arm64 /Users/runner/Library/Developer/Xcode/DerivedData/ModuleCache.noindex/CoreVideo-3KSE89SSHYYL2OO5C1552Z1I5.pcm

SwiftExplicitDependencyGeneratePcm arm64 /Users/runner/Library/Developer/Xcode/DerivedData/ModuleCache.noindex/CoreTransferable-3XRVZEHLPIIRBE6PY29E51B33.pcm

ScanDependencies /Users/runner/Library/Developer/Xcode/DerivedData/Reel-eksnidxqjeiwfnbzsppehnrbqtac/Build/Intermediates.noindex/ArchiveIntermediates/Reel/IntermediateBuildFilesPath/AMSMB2.build/Release-iphoneos/libsmb2.build/Objects-normal/arm64/smb2-cmd-session-setup.o /Users/runner/work/reel/reel/Packages/AMSMB2/Dependencies/libsmb2/lib/smb2-cmd-session-setup.c normal arm64 c com.apple.compilers.llvm.clang.1_0.compiler (in target 'libsmb2' from project 'AMSMB2')
    cd /Users/runner/work/reel/reel/Reel.xcodeproj
    
    Using response file: /Users/runner/Library/Developer/Xcode/DerivedData/Reel-eksnidxqjeiwfnbzsppehnrbqtac/Build/Intermediates.noindex/ArchiveIntermediates/Reel/IntermediateBuildFilesPath/AMSMB2.build/Release-iphoneos/libsmb2.build/Objects-normal/arm64/7187679823f38a2a940e0043cdf9d637-common-args.resp
    
    builtin-ScanDependencies -o /Users/runner/Library/Developer/Xcode/DerivedData/Reel-eksnidxqjeiwfnbzsppehnrbqtac/Build/Intermediates.noindex/ArchiveIntermediates/Reel/IntermediateBuildFilesPath/AMSMB2.build/Release-iphoneos/libsmb2.build/Objects-normal/arm64/smb2-cmd-session-setup.o.scan -- /Applications/Xcode_26.6.app/Contents/Developer/Toolchains/XcodeDefault.xctoolchain/usr/bin/clang -x c -ivfsstatcache /Users/runner/Library/Developer/Xcode/DerivedData/SDKStatCaches.noindex/iphoneos26.5-23F81a-688ef53f1462e2c8f657fdc38a81448fee66e23052a0157c865c76b268046726.sdkstatcache -target arm64-apple-ios13.0 -fmessage-length\=0 -fdiagnostics-show-note-include-stack -fmacro-backtrace-limit\=0 -fno-color-diagnostics -fmodules-prune-interval\=86400 -fmodules-prune-after\=345600 -fbuild-session-file\=/Users/runner/Library/Developer/Xcode/DerivedData/ModuleCache.noindex/Session.modulevalidation -fmodules-validate-once-per-build-session -Wnon-modular-include-in-framework-module -Werror\=non-modular-include-in-framework-module -Wno-trigraphs -Wno-missing-field-initializers -Wno-missing-prototypes -Wno-return-type -Wno-missing-braces -Wparentheses -Wswitch -Wno-unused-function -Wno-unused-label -Wno-unused-parameter -Wno-unused-variable -Wunused-value -Wno-empty-body -Wno-uninitialized -Wno-unknown-pragmas -w -Wno-shadow -Wno-four-char-constants -Wno-conversion -Wno-constant-conversion -Wno-int-conversion -Wno-bool-conversion -Wno-enum-conversion -Wno-float-conversion -Wno-non-literal-null-conversion -Wno-objc-literal-conversion -Wshorten-64-to-32 -Wpointer-sign -Wno-newline-eof -Wno-implicit-fallthrough -isysroot /Applications/Xcode_26.6.app/Contents/Developer/Platforms/iPhoneOS.platform/Developer/SDKs/iPhoneOS26.5.sdk -fstrict-aliasing -Wdeprecated-declarations -Wno-sign-conversion -Wno-infinite-recursion -Wno-comma -Wno-block-capture-autoreleasing -Wno-strict-prototypes -Wno-semicolon-before-method-body @/Users/runner/Library/Developer/Xcode/DerivedData/Reel-eksnidxqjeiwfnbzsppehnrbqtac/Build/Intermediates.noindex/ArchiveIntermediates/Reel/IntermediateBuildFilesPath/AMSMB2.build/Release-iphoneos/libsmb2.build/Objects-normal/arm64/7187679823f38a2a940e0043cdf9d637-common-args.resp -MMD -MT dependencies -MF /Users/runner/Library/Developer/Xcode/DerivedData/Reel-eksnidxqjeiwfnbzsppehnrbqtac/Build/Intermediates.noindex/ArchiveIntermediates/Reel/IntermediateBuildFilesPath/AMSMB2.build/Release-iphoneos/libsmb2.build/Objects-normal/arm64/smb2-cmd-session-setup.d --serialize-diagnostics /Users/runner/Library/Developer/Xcode/DerivedData/Reel-eksnidxqjeiwfnbzsppehnrbqtac/Build/Intermediates.noindex/ArchiveIntermediates/Reel/IntermediateBuildFilesPath/AMSMB2.build/Release-iphoneos/libsmb2.build/Objects-normal/arm64/smb2-cmd-session-setup.dia -c /Users/runner/work/reel/reel/Packages/AMSMB2/Dependencies/libsmb2/lib/smb2-cmd-session-setup.c -o /Users/runner/Library/Developer/Xcode/DerivedData/Reel-eksnidxqjeiwfnbzsppehnrbqtac/Build/Intermediates.noindex/ArchiveIntermediates/Reel/IntermediateBuildFilesPath/AMSMB2.build/Release-iphoneos/libsmb2.build/Objects-normal/arm64/smb2-cmd-session-setup.o

ScanDependencies /Users/runner/Library/Developer/Xcode/DerivedData/Reel-eksnidxqjeiwfnbzsppehnrbqtac/Build/Intermediates.noindex/ArchiveIntermediates/Reel/IntermediateBuildFilesPath/AMSMB2.build/Release-iphoneos/libsmb2.build/Objects-normal/arm64/smb2-cmd-read.o /Users/runner/work/reel/reel/Packages/AMSMB2/Dependencies/libsmb2/lib/smb2-cmd-read.c normal arm64 c com.apple.compilers.llvm.clang.1_0.compiler (in target 'libsmb2' from project 'AMSMB2')
    cd /Users/runner/work/reel/reel/Reel.xcodeproj
    
    Using response file: /Users/runner/Library/Developer/Xcode/DerivedData/Reel-eksnidxqjeiwfnbzsppehnrbqtac/Build/Intermediates.noindex/ArchiveIntermediates/Reel/IntermediateBuildFilesPath/AMSMB2.build/Release-iphoneos/libsmb2.build/Objects-normal/arm64/7187679823f38a2a940e0043cdf9d637-common-args.resp
    
    builtin-ScanDependencies -o /Users/runner/Library/Developer/Xcode/DerivedData/Reel-eksnidxqjeiwfnbzsppehnrbqtac/Build/Intermediates.noindex/ArchiveIntermediates/Reel/IntermediateBuildFilesPath/AMSMB2.build/Release-iphoneos/libsmb2.build/Objects-normal/arm64/smb2-cmd-read.o.scan -- /Applications/Xcode_26.6.app/Contents/Developer/Toolchains/XcodeDefault.xctoolchain/usr/bin/clang -x c -ivfsstatcache /Users/runner/Library/Developer/Xcode/DerivedData/SDKStatCaches.noindex/iphoneos26.5-23F81a-688ef53f1462e2c8f657fdc38a81448fee66e23052a0157c865c76b268046726.sdkstatcache -target arm64-apple-ios13.0 -fmessage-length\=0 -fdiagnostics-show-note-include-stack -fmacro-backtrace-limit\=0 -fno-color-diagnostics -fmodules-prune-interval\=86400 -fmodules-prune-after\=345600 -fbuild-session-file\=/Users/runner/Library/Developer/Xcode/DerivedData/ModuleCache.noindex/Session.modulevalidation -fmodules-validate-once-per-build-session -Wnon-modular-include-in-framework-module -Werror\=non-modular-include-in-framework-module -Wno-trigraphs -Wno-missing-field-initializers -Wno-missing-prototypes -Wno-return-type -Wno-missing-braces -Wparentheses -Wswitch -Wno-unused-function -Wno-unused-label -Wno-unused-parameter -Wno-unused-variable -Wunused-value -Wno-empty-body -Wno-uninitialized -Wno-unknown-pragmas -w -Wno-shadow -Wno-four-char-constants -Wno-conversion -Wno-constant-conversion -Wno-int-conversion -Wno-bool-conversion -Wno-enum-conversion -Wno-float-conversion -Wno-non-literal-null-conversion -Wno-objc-literal-conversion -Wshorten-64-to-32 -Wpointer-sign -Wno-newline-eof -Wno-implicit-fallthrough -isysroot /Applications/Xcode_26.6.app/Contents/Developer/Platforms/iPhoneOS.platform/Developer/SDKs/iPhoneOS26.5.sdk -fstrict-aliasing -Wdeprecated-declarations -Wno-sign-conversion -Wno-infinite-recursion -Wno-comma -Wno-block-capture-autoreleasing -Wno-strict-prototypes -Wno-semicolon-before-method-body @/Users/runner/Library/Developer/Xcode/DerivedData/Reel-eksnidxqjeiwfnbzsppehnrbqtac/Build/Intermediates.noindex/ArchiveIntermediates/Reel/IntermediateBuildFilesPath/AMSMB2.build/Release-iphoneos/libsmb2.build/Objects-normal/arm64/7187679823f38a2a940e0043cdf9d637-common-args.resp -MMD -MT dependencies -MF /Users/runner/Library/Developer/Xcode/DerivedData/Reel-eksnidxqjeiwfnbzsppehnrbqtac/Build/Intermediates.noindex/ArchiveIntermediates/Reel/IntermediateBuildFilesPath/AMSMB2.build/Release-iphoneos/libsmb2.build/Objects-normal/arm64/smb2-cmd-read.d --serialize-diagnostics /Users/runner/Library/Developer/Xcode/DerivedData/Reel-eksnidxqjeiwfnbzsppehnrbqtac/Build/Intermediates.noindex/ArchiveIntermediates/Reel/IntermediateBuildFilesPath/AMSMB2.build/Release-iphoneos/libsmb2.build/Objects-normal/arm64/smb2-cmd-read.dia -c /Users/runner/work/reel/reel/Packages/AMSMB2/Dependencies/libsmb2/lib/smb2-cmd-read.c -o /Users/runner/Library/Developer/Xcode/DerivedData/Reel-eksnidxqjeiwfnbzsppehnrbqtac/Build/Intermediates.noindex/ArchiveIntermediates/Reel/IntermediateBuildFilesPath/AMSMB2.build/Release-iphoneos/libsmb2.build/Objects-normal/arm64/smb2-cmd-read.o

CompileC /Users/runner/Library/Developer/Xcode/DerivedData/Reel-eksnidxqjeiwfnbzsppehnrbqtac/Build/Intermediates.noindex/ArchiveIntermediates/Reel/IntermediateBuildFilesPath/AMSMB2.build/Release-iphoneos/libsmb2.build/Objects-normal/arm64/smb2-cmd-session-setup.o /Users/runner/work/reel/reel/Packages/AMSMB2/Dependencies/libsmb2/lib/smb2-cmd-session-setup.c normal arm64 c com.apple.compilers.llvm.clang.1_0.compiler (in target 'libsmb2' from project 'AMSMB2')
    cd /Users/runner/work/reel/reel/Reel.xcodeproj
    
    Using response file: /Users/runner/Library/Developer/Xcode/DerivedData/Reel-eksnidxqjeiwfnbzsppehnrbqtac/Build/Intermediates.noindex/ArchiveIntermediates/Reel/IntermediateBuildFilesPath/AMSMB2.build/Release-iphoneos/libsmb2.build/Objects-normal/arm64/7187679823f38a2a940e0043cdf9d637-common-args.resp
    
    /Applications/Xcode_26.6.app/Contents/Developer/Toolchains/XcodeDefault.xctoolchain/usr/bin/clang -x c -ivfsstatcache /Users/runner/Library/Developer/Xcode/DerivedData/SDKStatCaches.noindex/iphoneos26.5-23F81a-688ef53f1462e2c8f657fdc38a81448fee66e23052a0157c865c76b268046726.sdkstatcache -target arm64-apple-ios13.0 -fmessage-length\=0 -fdiagnostics-show-note-include-stack -fmacro-backtrace-limit\=0 -fno-color-diagnostics -fmodules-prune-interval\=86400 -fmodules-prune-after\=345600 -fbuild-session-file\=/Users/runner/Library/Developer/Xcode/DerivedData/ModuleCache.noindex/Session.modulevalidation -fmodules-validate-once-per-build-session -Wnon-modular-include-in-framework-module -Werror\=non-modular-include-in-framework-module -Wno-trigraphs -Wno-missing-field-initializers -Wno-missing-prototypes -Wno-return-type -Wno-missing-braces -Wparentheses -Wswitch -Wno-unused-function -Wno-unused-label -Wno-unused-parameter -Wno-unused-variable -Wunused-value -Wno-empty-body -Wno-uninitialized -Wno-unknown-pragmas -w -Wno-shadow -Wno-four-char-constants -Wno-conversion -Wno-constant-conversion -Wno-int-conversion -Wno-bool-conversion -Wno-enum-conversion -Wno-float-conversion -Wno-non-literal-null-conversion -Wno-objc-literal-conversion -Wshorten-64-to-32 -Wpointer-sign -Wno-newline-eof -Wno-implicit-fallthrough -isysroot /Applications/Xcode_26.6.app/Contents/Developer/Platforms/iPhoneOS.platform/Developer/SDKs/iPhoneOS26.5.sdk -fstrict-aliasing -Wdeprecated-declarations -Wno-sign-conversion -Wno-infinite-recursion -Wno-comma -Wno-block-capture-autoreleasing -Wno-strict-prototypes -Wno-semicolon-before-method-body @/Users/runner/Library/Developer/Xcode/DerivedData/Reel-eksnidxqjeiwfnbzsppehnrbqtac/Build/Intermediates.noindex/ArchiveIntermediates/Reel/IntermediateBuildFilesPath/AMSMB2.build/Release-iphoneos/libsmb2.build/Objects-normal/arm64/7187679823f38a2a940e0043cdf9d637-common-args.resp -MMD -MT dependencies -MF /Users/runner/Library/Developer/Xcode/DerivedData/Reel-eksnidxqjeiwfnbzsppehnrbqtac/Build/Intermediates.noindex/ArchiveIntermediates/Reel/IntermediateBuildFilesPath/AMSMB2.build/Release-iphoneos/libsmb2.build/Objects-normal/arm64/smb2-cmd-session-setup.d --serialize-diagnostics /Users/runner/Library/Developer/Xcode/DerivedData/Reel-eksnidxqjeiwfnbzsppehnrbqtac/Build/Intermediates.noindex/ArchiveIntermediates/Reel/IntermediateBuildFilesPath/AMSMB2.build/Release-iphoneos/libsmb2.build/Objects-normal/arm64/smb2-cmd-session-setup.dia -c /Users/runner/work/reel/reel/Packages/AMSMB2/Dependencies/libsmb2/lib/smb2-cmd-session-setup.c -o /Users/runner/Library/Developer/Xcode/DerivedData/Reel-eksnidxqjeiwfnbzsppehnrbqtac/Build/Intermediates.noindex/ArchiveIntermediates/Reel/IntermediateBuildFilesPath/AMSMB2.build/Release-iphoneos/libsmb2.build/Objects-normal/arm64/smb2-cmd-session-setup.o

SwiftExplicitDependencyGeneratePcm arm64 /Users/runner/Library/Developer/Xcode/DerivedData/ModuleCache.noindex/CoreImage-A7COKGC4YV5NU0VMEB0ZCECK4.pcm

SwiftExplicitDependencyGeneratePcm arm64 /Users/runner/Library/Developer/Xcode/DerivedData/ModuleCache.noindex/QuartzCore-1W4XAS1YQFN77V3MR3MCLUE2C.pcm

CompileC /Users/runner/Library/Developer/Xcode/DerivedData/Reel-eksnidxqjeiwfnbzsppehnrbqtac/Build/Intermediates.noindex/ArchiveIntermediates/Reel/IntermediateBuildFilesPath/AMSMB2.build/Release-iphoneos/libsmb2.build/Objects-normal/arm64/smb2-cmd-read.o /Users/runner/work/reel/reel/Packages/AMSMB2/Dependencies/libsmb2/lib/smb2-cmd-read.c normal arm64 c com.apple.compilers.llvm.clang.1_0.compiler (in target 'libsmb2' from project 'AMSMB2')
    cd /Users/runner/work/reel/reel/Reel.xcodeproj
    
    Using response file: /Users/runner/Library/Developer/Xcode/DerivedData/Reel-eksnidxqjeiwfnbzsppehnrbqtac/Build/Intermediates.noindex/ArchiveIntermediates/Reel/IntermediateBuildFilesPath/AMSMB2.build/Release-iphoneos/libsmb2.build/Objects-normal/arm64/7187679823f38a2a940e0043cdf9d637-common-args.resp
    
    /Applications/Xcode_26.6.app/Contents/Developer/Toolchains/XcodeDefault.xctoolchain/usr/bin/clang -x c -ivfsstatcache /Users/runner/Library/Developer/Xcode/DerivedData/SDKStatCaches.noindex/iphoneos26.5-23F81a-688ef53f1462e2c8f657fdc38a81448fee66e23052a0157c865c76b268046726.sdkstatcache -target arm64-apple-ios13.0 -fmessage-length\=0 -fdiagnostics-show-note-include-stack -fmacro-backtrace-limit\=0 -fno-color-diagnostics -fmodules-prune-interval\=86400 -fmodules-prune-after\=345600 -fbuild-session-file\=/Users/runner/Library/Developer/Xcode/DerivedData/ModuleCache.noindex/Session.modulevalidation -fmodules-validate-once-per-build-session -Wnon-modular-include-in-framework-module -Werror\=non-modular-include-in-framework-module -Wno-trigraphs -Wno-missing-field-initializers -Wno-missing-prototypes -Wno-return-type -Wno-missing-braces -Wparentheses -Wswitch -Wno-unused-function -Wno-unused-label -Wno-unused-parameter -Wno-unused-variable -Wunused-value -Wno-empty-body -Wno-uninitialized -Wno-unknown-pragmas -w -Wno-shadow -Wno-four-char-constants -Wno-conversion -Wno-constant-conversion -Wno-int-conversion -Wno-bool-conversion -Wno-enum-conversion -Wno-float-conversion -Wno-non-literal-null-conversion -Wno-objc-literal-conversion -Wshorten-64-to-32 -Wpointer-sign -Wno-newline-eof -Wno-implicit-fallthrough -isysroot /Applications/Xcode_26.6.app/Contents/Developer/Platforms/iPhoneOS.platform/Developer/SDKs/iPhoneOS26.5.sdk -fstrict-aliasing -Wdeprecated-declarations -Wno-sign-conversion -Wno-infinite-recursion -Wno-comma -Wno-block-capture-autoreleasing -Wno-strict-prototypes -Wno-semicolon-before-method-body @/Users/runner/Library/Developer/Xcode/DerivedData/Reel-eksnidxqjeiwfnbzsppehnrbqtac/Build/Intermediates.noindex/ArchiveIntermediates/Reel/IntermediateBuildFilesPath/AMSMB2.build/Release-iphoneos/libsmb2.build/Objects-normal/arm64/7187679823f38a2a940e0043cdf9d637-common-args.resp -MMD -MT dependencies -MF /Users/runner/Library/Developer/Xcode/DerivedData/Reel-eksnidxqjeiwfnbzsppehnrbqtac/Build/Intermediates.noindex/ArchiveIntermediates/Reel/IntermediateBuildFilesPath/AMSMB2.build/Release-iphoneos/libsmb2.build/Objects-normal/arm64/smb2-cmd-read.d --serialize-diagnostics /Users/runner/Library/Developer/Xcode/DerivedData/Reel-eksnidxqjeiwfnbzsppehnrbqtac/Build/Intermediates.noindex/ArchiveIntermediates/Reel/IntermediateBuildFilesPath/AMSMB2.build/Release-iphoneos/libsmb2.build/Objects-normal/arm64/smb2-cmd-read.dia -c /Users/runner/work/reel/reel/Packages/AMSMB2/Dependencies/libsmb2/lib/smb2-cmd-read.c -o /Users/runner/Library/Developer/Xcode/DerivedData/Reel-eksnidxqjeiwfnbzsppehnrbqtac/Build/Intermediates.noindex/ArchiveIntermediates/Reel/IntermediateBuildFilesPath/AMSMB2.build/Release-iphoneos/libsmb2.build/Objects-normal/arm64/smb2-cmd-read.o

ScanDependencies /Users/runner/Library/Developer/Xcode/DerivedData/Reel-eksnidxqjeiwfnbzsppehnrbqtac/Build/Intermediates.noindex/ArchiveIntermediates/Reel/IntermediateBuildFilesPath/AMSMB2.build/Release-iphoneos/libsmb2.build/Objects-normal/arm64/smb2-cmd-query-info.o /Users/runner/work/reel/reel/Packages/AMSMB2/Dependencies/libsmb2/lib/smb2-cmd-query-info.c normal arm64 c com.apple.compilers.llvm.clang.1_0.compiler (in target 'libsmb2' from project 'AMSMB2')
    cd /Users/runner/work/reel/reel/Reel.xcodeproj
    
    Using response file: /Users/runner/Library/Developer/Xcode/DerivedData/Reel-eksnidxqjeiwfnbzsppehnrbqtac/Build/Intermediates.noindex/ArchiveIntermediates/Reel/IntermediateBuildFilesPath/AMSMB2.build/Release-iphoneos/libsmb2.build/Objects-normal/arm64/7187679823f38a2a940e0043cdf9d637-common-args.resp
    
    builtin-ScanDependencies -o /Users/runner/Library/Developer/Xcode/DerivedData/Reel-eksnidxqjeiwfnbzsppehnrbqtac/Build/Intermediates.noindex/ArchiveIntermediates/Reel/IntermediateBuildFilesPath/AMSMB2.build/Release-iphoneos/libsmb2.build/Objects-normal/arm64/smb2-cmd-query-info.o.scan -- /Applications/Xcode_26.6.app/Contents/Developer/Toolchains/XcodeDefault.xctoolchain/usr/bin/clang -x c -ivfsstatcache /Users/runner/Library/Developer/Xcode/DerivedData/SDKStatCaches.noindex/iphoneos26.5-23F81a-688ef53f1462e2c8f657fdc38a81448fee66e23052a0157c865c76b268046726.sdkstatcache -target arm64-apple-ios13.0 -fmessage-length\=0 -fdiagnostics-show-note-include-stack -fmacro-backtrace-limit\=0 -fno-color-diagnostics -fmodules-prune-interval\=86400 -fmodules-prune-after\=345600 -fbuild-session-file\=/Users/runner/Library/Developer/Xcode/DerivedData/ModuleCache.noindex/Session.modulevalidation -fmodules-validate-once-per-build-session -Wnon-modular-include-in-framework-module -Werror\=non-modular-include-in-framework-module -Wno-trigraphs -Wno-missing-field-initializers -Wno-missing-prototypes -Wno-return-type -Wno-missing-braces -Wparentheses -Wswitch -Wno-unused-function -Wno-unused-label -Wno-unused-parameter -Wno-unused-variable -Wunused-value -Wno-empty-body -Wno-uninitialized -Wno-unknown-pragmas -w -Wno-shadow -Wno-four-char-constants -Wno-conversion -Wno-constant-conversion -Wno-int-conversion -Wno-bool-conversion -Wno-enum-conversion -Wno-float-conversion -Wno-non-literal-null-conversion -Wno-objc-literal-conversion -Wshorten-64-to-32 -Wpointer-sign -Wno-newline-eof -Wno-implicit-fallthrough -isysroot /Applications/Xcode_26.6.app/Contents/Developer/Platforms/iPhoneOS.platform/Developer/SDKs/iPhoneOS26.5.sdk -fstrict-aliasing -Wdeprecated-declarations -Wno-sign-conversion -Wno-infinite-recursion -Wno-comma -Wno-block-capture-autoreleasing -Wno-strict-prototypes -Wno-semicolon-before-method-body @/Users/runner/Library/Developer/Xcode/DerivedData/Reel-eksnidxqjeiwfnbzsppehnrbqtac/Build/Intermediates.noindex/ArchiveIntermediates/Reel/IntermediateBuildFilesPath/AMSMB2.build/Release-iphoneos/libsmb2.build/Objects-normal/arm64/7187679823f38a2a940e0043cdf9d637-common-args.resp -MMD -MT dependencies -MF /Users/runner/Library/Developer/Xcode/DerivedData/Reel-eksnidxqjeiwfnbzsppehnrbqtac/Build/Intermediates.noindex/ArchiveIntermediates/Reel/IntermediateBuildFilesPath/AMSMB2.build/Release-iphoneos/libsmb2.build/Objects-normal/arm64/smb2-cmd-query-info.d --serialize-diagnostics /Users/runner/Library/Developer/Xcode/DerivedData/Reel-eksnidxqjeiwfnbzsppehnrbqtac/Build/Intermediates.noindex/ArchiveIntermediates/Reel/IntermediateBuildFilesPath/AMSMB2.build/Release-iphoneos/libsmb2.build/Objects-normal/arm64/smb2-cmd-query-info.dia -c /Users/runner/work/reel/reel/Packages/AMSMB2/Dependencies/libsmb2/lib/smb2-cmd-query-info.c -o /Users/runner/Library/Developer/Xcode/DerivedData/Reel-eksnidxqjeiwfnbzsppehnrbqtac/Build/Intermediates.noindex/ArchiveIntermediates/Reel/IntermediateBuildFilesPath/AMSMB2.build/Release-iphoneos/libsmb2.build/Objects-normal/arm64/smb2-cmd-query-info.o

SwiftExplicitDependencyGeneratePcm arm64 /Users/runner/Library/Developer/Xcode/DerivedData/ModuleCache.noindex/UIKit-9PXRQO9029TZGQ4N5I4YN6IVY.pcm

SwiftExplicitDependencyGeneratePcm arm64 /Users/runner/Library/Developer/Xcode/DerivedData/ModuleCache.noindex/SwiftUICore-7CJ5QMFTX3QZ4QAJ0PIGDU3PL.pcm

CompileC /Users/runner/Library/Developer/Xcode/DerivedData/Reel-eksnidxqjeiwfnbzsppehnrbqtac/Build/Intermediates.noindex/ArchiveIntermediates/Reel/IntermediateBuildFilesPath/AMSMB2.build/Release-iphoneos/libsmb2.build/Objects-normal/arm64/smb2-cmd-query-info.o /Users/runner/work/reel/reel/Packages/AMSMB2/Dependencies/libsmb2/lib/smb2-cmd-query-info.c normal arm64 c com.apple.compilers.llvm.clang.1_0.compiler (in target 'libsmb2' from project 'AMSMB2')
    cd /Users/runner/work/reel/reel/Reel.xcodeproj
    
    Using response file: /Users/runner/Library/Developer/Xcode/DerivedData/Reel-eksnidxqjeiwfnbzsppehnrbqtac/Build/Intermediates.noindex/ArchiveIntermediates/Reel/IntermediateBuildFilesPath/AMSMB2.build/Release-iphoneos/libsmb2.build/Objects-normal/arm64/7187679823f38a2a940e0043cdf9d637-common-args.resp
    
    /Applications/Xcode_26.6.app/Contents/Developer/Toolchains/XcodeDefault.xctoolchain/usr/bin/clang -x c -ivfsstatcache /Users/runner/Library/Developer/Xcode/DerivedData/SDKStatCaches.noindex/iphoneos26.5-23F81a-688ef53f1462e2c8f657fdc38a81448fee66e23052a0157c865c76b268046726.sdkstatcache -target arm64-apple-ios13.0 -fmessage-length\=0 -fdiagnostics-show-note-include-stack -fmacro-backtrace-limit\=0 -fno-color-diagnostics -fmodules-prune-interval\=86400 -fmodules-prune-after\=345600 -fbuild-session-file\=/Users/runner/Library/Developer/Xcode/DerivedData/ModuleCache.noindex/Session.modulevalidation -fmodules-validate-once-per-build-session -Wnon-modular-include-in-framework-module -Werror\=non-modular-include-in-framework-module -Wno-trigraphs -Wno-missing-field-initializers -Wno-missing-prototypes -Wno-return-type -Wno-missing-braces -Wparentheses -Wswitch -Wno-unused-function -Wno-unused-label -Wno-unused-parameter -Wno-unused-variable -Wunused-value -Wno-empty-body -Wno-uninitialized -Wno-unknown-pragmas -w -Wno-shadow -Wno-four-char-constants -Wno-conversion -Wno-constant-conversion -Wno-int-conversion -Wno-bool-conversion -Wno-enum-conversion -Wno-float-conversion -Wno-non-literal-null-conversion -Wno-objc-literal-conversion -Wshorten-64-to-32 -Wpointer-sign -Wno-newline-eof -Wno-implicit-fallthrough -isysroot /Applications/Xcode_26.6.app/Contents/Developer/Platforms/iPhoneOS.platform/Developer/SDKs/iPhoneOS26.5.sdk -fstrict-aliasing -Wdeprecated-declarations -Wno-sign-conversion -Wno-infinite-recursion -Wno-comma -Wno-block-capture-autoreleasing -Wno-strict-prototypes -Wno-semicolon-before-method-body @/Users/runner/Library/Developer/Xcode/DerivedData/Reel-eksnidxqjeiwfnbzsppehnrbqtac/Build/Intermediates.noindex/ArchiveIntermediates/Reel/IntermediateBuildFilesPath/AMSMB2.build/Release-iphoneos/libsmb2.build/Objects-normal/arm64/7187679823f38a2a940e0043cdf9d637-common-args.resp -MMD -MT dependencies -MF /Users/runner/Library/Developer/Xcode/DerivedData/Reel-eksnidxqjeiwfnbzsppehnrbqtac/Build/Intermediates.noindex/ArchiveIntermediates/Reel/IntermediateBuildFilesPath/AMSMB2.build/Release-iphoneos/libsmb2.build/Objects-normal/arm64/smb2-cmd-query-info.d --serialize-diagnostics /Users/runner/Library/Developer/Xcode/DerivedData/Reel-eksnidxqjeiwfnbzsppehnrbqtac/Build/Intermediates.noindex/ArchiveIntermediates/Reel/IntermediateBuildFilesPath/AMSMB2.build/Release-iphoneos/libsmb2.build/Objects-normal/arm64/smb2-cmd-query-info.dia -c /Users/runner/work/reel/reel/Packages/AMSMB2/Dependencies/libsmb2/lib/smb2-cmd-query-info.c -o /Users/runner/Library/Developer/Xcode/DerivedData/Reel-eksnidxqjeiwfnbzsppehnrbqtac/Build/Intermediates.noindex/ArchiveIntermediates/Reel/IntermediateBuildFilesPath/AMSMB2.build/Release-iphoneos/libsmb2.build/Objects-normal/arm64/smb2-cmd-query-info.o

ScanDependencies /Users/runner/Library/Developer/Xcode/DerivedData/Reel-eksnidxqjeiwfnbzsppehnrbqtac/Build/Intermediates.noindex/ArchiveIntermediates/Reel/IntermediateBuildFilesPath/AMSMB2.build/Release-iphoneos/libsmb2.build/Objects-normal/arm64/smb2-cmd-query-directory.o /Users/runner/work/reel/reel/Packages/AMSMB2/Dependencies/libsmb2/lib/smb2-cmd-query-directory.c normal arm64 c com.apple.compilers.llvm.clang.1_0.compiler (in target 'libsmb2' from project 'AMSMB2')
    cd /Users/runner/work/reel/reel/Reel.xcodeproj
    
    Using response file: /Users/runner/Library/Developer/Xcode/DerivedData/Reel-eksnidxqjeiwfnbzsppehnrbqtac/Build/Intermediates.noindex/ArchiveIntermediates/Reel/IntermediateBuildFilesPath/AMSMB2.build/Release-iphoneos/libsmb2.build/Objects-normal/arm64/7187679823f38a2a940e0043cdf9d637-common-args.resp
    
    builtin-ScanDependencies -o /Users/runner/Library/Developer/Xcode/DerivedData/Reel-eksnidxqjeiwfnbzsppehnrbqtac/Build/Intermediates.noindex/ArchiveIntermediates/Reel/IntermediateBuildFilesPath/AMSMB2.build/Release-iphoneos/libsmb2.build/Objects-normal/arm64/smb2-cmd-query-directory.o.scan -- /Applications/Xcode_26.6.app/Contents/Developer/Toolchains/XcodeDefault.xctoolchain/usr/bin/clang -x c -ivfsstatcache /Users/runner/Library/Developer/Xcode/DerivedData/SDKStatCaches.noindex/iphoneos26.5-23F81a-688ef53f1462e2c8f657fdc38a81448fee66e23052a0157c865c76b268046726.sdkstatcache -target arm64-apple-ios13.0 -fmessage-length\=0 -fdiagnostics-show-note-include-stack -fmacro-backtrace-limit\=0 -fno-color-diagnostics -fmodules-prune-interval\=86400 -fmodules-prune-after\=345600 -fbuild-session-file\=/Users/runner/Library/Developer/Xcode/DerivedData/ModuleCache.noindex/Session.modulevalidation -fmodules-validate-once-per-build-session -Wnon-modular-include-in-framework-module -Werror\=non-modular-include-in-framework-module -Wno-trigraphs -Wno-missing-field-initializers -Wno-missing-prototypes -Wno-return-type -Wno-missing-braces -Wparentheses -Wswitch -Wno-unused-function -Wno-unused-label -Wno-unused-parameter -Wno-unused-variable -Wunused-value -Wno-empty-body -Wno-uninitialized -Wno-unknown-pragmas -w -Wno-shadow -Wno-four-char-constants -Wno-conversion -Wno-constant-conversion -Wno-int-conversion -Wno-bool-conversion -Wno-enum-conversion -Wno-float-conversion -Wno-non-literal-null-conversion -Wno-objc-literal-conversion -Wshorten-64-to-32 -Wpointer-sign -Wno-newline-eof -Wno-implicit-fallthrough -isysroot /Applications/Xcode_26.6.app/Contents/Developer/Platforms/iPhoneOS.platform/Developer/SDKs/iPhoneOS26.5.sdk -fstrict-aliasing -Wdeprecated-declarations -Wno-sign-conversion -Wno-infinite-recursion -Wno-comma -Wno-block-capture-autoreleasing -Wno-strict-prototypes -Wno-semicolon-before-method-body @/Users/runner/Library/Developer/Xcode/DerivedData/Reel-eksnidxqjeiwfnbzsppehnrbqtac/Build/Intermediates.noindex/ArchiveIntermediates/Reel/IntermediateBuildFilesPath/AMSMB2.build/Release-iphoneos/libsmb2.build/Objects-normal/arm64/7187679823f38a2a940e0043cdf9d637-common-args.resp -MMD -MT dependencies -MF /Users/runner/Library/Developer/Xcode/DerivedData/Reel-eksnidxqjeiwfnbzsppehnrbqtac/Build/Intermediates.noindex/ArchiveIntermediates/Reel/IntermediateBuildFilesPath/AMSMB2.build/Release-iphoneos/libsmb2.build/Objects-normal/arm64/smb2-cmd-query-directory.d --serialize-diagnostics /Users/runner/Library/Developer/Xcode/DerivedData/Reel-eksnidxqjeiwfnbzsppehnrbqtac/Build/Intermediates.noindex/ArchiveIntermediates/Reel/IntermediateBuildFilesPath/AMSMB2.build/Release-iphoneos/libsmb2.build/Objects-normal/arm64/smb2-cmd-query-directory.dia -c /Users/runner/work/reel/reel/Packages/AMSMB2/Dependencies/libsmb2/lib/smb2-cmd-query-directory.c -o /Users/runner/Library/Developer/Xcode/DerivedData/Reel-eksnidxqjeiwfnbzsppehnrbqtac/Build/Intermediates.noindex/ArchiveIntermediates/Reel/IntermediateBuildFilesPath/AMSMB2.build/Release-iphoneos/libsmb2.build/Objects-normal/arm64/smb2-cmd-query-directory.o

ScanDependencies /Users/runner/Library/Developer/Xcode/DerivedData/Reel-eksnidxqjeiwfnbzsppehnrbqtac/Build/Intermediates.noindex/ArchiveIntermediates/Reel/IntermediateBuildFilesPath/AMSMB2.build/Release-iphoneos/libsmb2.build/Objects-normal/arm64/smb2-cmd-oplock-break.o /Users/runner/work/reel/reel/Packages/AMSMB2/Dependencies/libsmb2/lib/smb2-cmd-oplock-break.c normal arm64 c com.apple.compilers.llvm.clang.1_0.compiler (in target 'libsmb2' from project 'AMSMB2')
    cd /Users/runner/work/reel/reel/Reel.xcodeproj
    
    Using response file: /Users/runner/Library/Developer/Xcode/DerivedData/Reel-eksnidxqjeiwfnbzsppehnrbqtac/Build/Intermediates.noindex/ArchiveIntermediates/Reel/IntermediateBuildFilesPath/AMSMB2.build/Release-iphoneos/libsmb2.build/Objects-normal/arm64/7187679823f38a2a940e0043cdf9d637-common-args.resp
    
    builtin-ScanDependencies -o /Users/runner/Library/Developer/Xcode/DerivedData/Reel-eksnidxqjeiwfnbzsppehnrbqtac/Build/Intermediates.noindex/ArchiveIntermediates/Reel/IntermediateBuildFilesPath/AMSMB2.build/Release-iphoneos/libsmb2.build/Objects-normal/arm64/smb2-cmd-oplock-break.o.scan -- /Applications/Xcode_26.6.app/Contents/Developer/Toolchains/XcodeDefault.xctoolchain/usr/bin/clang -x c -ivfsstatcache /Users/runner/Library/Developer/Xcode/DerivedData/SDKStatCaches.noindex/iphoneos26.5-23F81a-688ef53f1462e2c8f657fdc38a81448fee66e23052a0157c865c76b268046726.sdkstatcache -target arm64-apple-ios13.0 -fmessage-length\=0 -fdiagnostics-show-note-include-stack -fmacro-backtrace-limit\=0 -fno-color-diagnostics -fmodules-prune-interval\=86400 -fmodules-prune-after\=345600 -fbuild-session-file\=/Users/runner/Library/Developer/Xcode/DerivedData/ModuleCache.noindex/Session.modulevalidation -fmodules-validate-once-per-build-session -Wnon-modular-include-in-framework-module -Werror\=non-modular-include-in-framework-module -Wno-trigraphs -Wno-missing-field-initializers -Wno-missing-prototypes -Wno-return-type -Wno-missing-braces -Wparentheses -Wswitch -Wno-unused-function -Wno-unused-label -Wno-unused-parameter -Wno-unused-variable -Wunused-value -Wno-empty-body -Wno-uninitialized -Wno-unknown-pragmas -w -Wno-shadow -Wno-four-char-constants -Wno-conversion -Wno-constant-conversion -Wno-int-conversion -Wno-bool-conversion -Wno-enum-conversion -Wno-float-conversion -Wno-non-literal-null-conversion -Wno-objc-literal-conversion -Wshorten-64-to-32 -Wpointer-sign -Wno-newline-eof -Wno-implicit-fallthrough -isysroot /Applications/Xcode_26.6.app/Contents/Developer/Platforms/iPhoneOS.platform/Developer/SDKs/iPhoneOS26.5.sdk -fstrict-aliasing -Wdeprecated-declarations -Wno-sign-conversion -Wno-infinite-recursion -Wno-comma -Wno-block-capture-autoreleasing -Wno-strict-prototypes -Wno-semicolon-before-method-body @/Users/runner/Library/Developer/Xcode/DerivedData/Reel-eksnidxqjeiwfnbzsppehnrbqtac/Build/Intermediates.noindex/ArchiveIntermediates/Reel/IntermediateBuildFilesPath/AMSMB2.build/Release-iphoneos/libsmb2.build/Objects-normal/arm64/7187679823f38a2a940e0043cdf9d637-common-args.resp -MMD -MT dependencies -MF /Users/runner/Library/Developer/Xcode/DerivedData/Reel-eksnidxqjeiwfnbzsppehnrbqtac/Build/Intermediates.noindex/ArchiveIntermediates/Reel/IntermediateBuildFilesPath/AMSMB2.build/Release-iphoneos/libsmb2.build/Objects-normal/arm64/smb2-cmd-oplock-break.d --serialize-diagnostics /Users/runner/Library/Developer/Xcode/DerivedData/Reel-eksnidxqjeiwfnbzsppehnrbqtac/Build/Intermediates.noindex/ArchiveIntermediates/Reel/IntermediateBuildFilesPath/AMSMB2.build/Release-iphoneos/libsmb2.build/Objects-normal/arm64/smb2-cmd-oplock-break.dia -c /Users/runner/work/reel/reel/Packages/AMSMB2/Dependencies/libsmb2/lib/smb2-cmd-oplock-break.c -o /Users/runner/Library/Developer/Xcode/DerivedData/Reel-eksnidxqjeiwfnbzsppehnrbqtac/Build/Intermediates.noindex/ArchiveIntermediates/Reel/IntermediateBuildFilesPath/AMSMB2.build/Release-iphoneos/libsmb2.build/Objects-normal/arm64/smb2-cmd-oplock-break.o

CompileC /Users/runner/Library/Developer/Xcode/DerivedData/Reel-eksnidxqjeiwfnbzsppehnrbqtac/Build/Intermediates.noindex/ArchiveIntermediates/Reel/IntermediateBuildFilesPath/AMSMB2.build/Release-iphoneos/libsmb2.build/Objects-normal/arm64/smb2-cmd-query-directory.o /Users/runner/work/reel/reel/Packages/AMSMB2/Dependencies/libsmb2/lib/smb2-cmd-query-directory.c normal arm64 c com.apple.compilers.llvm.clang.1_0.compiler (in target 'libsmb2' from project 'AMSMB2')
    cd /Users/runner/work/reel/reel/Reel.xcodeproj
    
    Using response file: /Users/runner/Library/Developer/Xcode/DerivedData/Reel-eksnidxqjeiwfnbzsppehnrbqtac/Build/Intermediates.noindex/ArchiveIntermediates/Reel/IntermediateBuildFilesPath/AMSMB2.build/Release-iphoneos/libsmb2.build/Objects-normal/arm64/7187679823f38a2a940e0043cdf9d637-common-args.resp
    
    /Applications/Xcode_26.6.app/Contents/Developer/Toolchains/XcodeDefault.xctoolchain/usr/bin/clang -x c -ivfsstatcache /Users/runner/Library/Developer/Xcode/DerivedData/SDKStatCaches.noindex/iphoneos26.5-23F81a-688ef53f1462e2c8f657fdc38a81448fee66e23052a0157c865c76b268046726.sdkstatcache -target arm64-apple-ios13.0 -fmessage-length\=0 -fdiagnostics-show-note-include-stack -fmacro-backtrace-limit\=0 -fno-color-diagnostics -fmodules-prune-interval\=86400 -fmodules-prune-after\=345600 -fbuild-session-file\=/Users/runner/Library/Developer/Xcode/DerivedData/ModuleCache.noindex/Session.modulevalidation -fmodules-validate-once-per-build-session -Wnon-modular-include-in-framework-module -Werror\=non-modular-include-in-framework-module -Wno-trigraphs -Wno-missing-field-initializers -Wno-missing-prototypes -Wno-return-type -Wno-missing-braces -Wparentheses -Wswitch -Wno-unused-function -Wno-unused-label -Wno-unused-parameter -Wno-unused-variable -Wunused-value -Wno-empty-body -Wno-uninitialized -Wno-unknown-pragmas -w -Wno-shadow -Wno-four-char-constants -Wno-conversion -Wno-constant-conversion -Wno-int-conversion -Wno-bool-conversion -Wno-enum-conversion -Wno-float-conversion -Wno-non-literal-null-conversion -Wno-objc-literal-conversion -Wshorten-64-to-32 -Wpointer-sign -Wno-newline-eof -Wno-implicit-fallthrough -isysroot /Applications/Xcode_26.6.app/Contents/Developer/Platforms/iPhoneOS.platform/Developer/SDKs/iPhoneOS26.5.sdk -fstrict-aliasing -Wdeprecated-declarations -Wno-sign-conversion -Wno-infinite-recursion -Wno-comma -Wno-block-capture-autoreleasing -Wno-strict-prototypes -Wno-semicolon-before-method-body @/Users/runner/Library/Developer/Xcode/DerivedData/Reel-eksnidxqjeiwfnbzsppehnrbqtac/Build/Intermediates.noindex/ArchiveIntermediates/Reel/IntermediateBuildFilesPath/AMSMB2.build/Release-iphoneos/libsmb2.build/Objects-normal/arm64/7187679823f38a2a940e0043cdf9d637-common-args.resp -MMD -MT dependencies -MF /Users/runner/Library/Developer/Xcode/DerivedData/Reel-eksnidxqjeiwfnbzsppehnrbqtac/Build/Intermediates.noindex/ArchiveIntermediates/Reel/IntermediateBuildFilesPath/AMSMB2.build/Release-iphoneos/libsmb2.build/Objects-normal/arm64/smb2-cmd-query-directory.d --serialize-diagnostics /Users/runner/Library/Developer/Xcode/DerivedData/Reel-eksnidxqjeiwfnbzsppehnrbqtac/Build/Intermediates.noindex/ArchiveIntermediates/Reel/IntermediateBuildFilesPath/AMSMB2.build/Release-iphoneos/libsmb2.build/Objects-normal/arm64/smb2-cmd-query-directory.dia -c /Users/runner/work/reel/reel/Packages/AMSMB2/Dependencies/libsmb2/lib/smb2-cmd-query-directory.c -o /Users/runner/Library/Developer/Xcode/DerivedData/Reel-eksnidxqjeiwfnbzsppehnrbqtac/Build/Intermediates.noindex/ArchiveIntermediates/Reel/IntermediateBuildFilesPath/AMSMB2.build/Release-iphoneos/libsmb2.build/Objects-normal/arm64/smb2-cmd-query-directory.o

CompileC /Users/runner/Library/Developer/Xcode/DerivedData/Reel-eksnidxqjeiwfnbzsppehnrbqtac/Build/Intermediates.noindex/ArchiveIntermediates/Reel/IntermediateBuildFilesPath/AMSMB2.build/Release-iphoneos/libsmb2.build/Objects-normal/arm64/smb2-cmd-oplock-break.o /Users/runner/work/reel/reel/Packages/AMSMB2/Dependencies/libsmb2/lib/smb2-cmd-oplock-break.c normal arm64 c com.apple.compilers.llvm.clang.1_0.compiler (in target 'libsmb2' from project 'AMSMB2')
    cd /Users/runner/work/reel/reel/Reel.xcodeproj
    
    Using response file: /Users/runner/Library/Developer/Xcode/DerivedData/Reel-eksnidxqjeiwfnbzsppehnrbqtac/Build/Intermediates.noindex/ArchiveIntermediates/Reel/IntermediateBuildFilesPath/AMSMB2.build/Release-iphoneos/libsmb2.build/Objects-normal/arm64/7187679823f38a2a940e0043cdf9d637-common-args.resp
    
    /Applications/Xcode_26.6.app/Contents/Developer/Toolchains/XcodeDefault.xctoolchain/usr/bin/clang -x c -ivfsstatcache /Users/runner/Library/Developer/Xcode/DerivedData/SDKStatCaches.noindex/iphoneos26.5-23F81a-688ef53f1462e2c8f657fdc38a81448fee66e23052a0157c865c76b268046726.sdkstatcache -target arm64-apple-ios13.0 -fmessage-length\=0 -fdiagnostics-show-note-include-stack -fmacro-backtrace-limit\=0 -fno-color-diagnostics -fmodules-prune-interval\=86400 -fmodules-prune-after\=345600 -fbuild-session-file\=/Users/runner/Library/Developer/Xcode/DerivedData/ModuleCache.noindex/Session.modulevalidation -fmodules-validate-once-per-build-session -Wnon-modular-include-in-framework-module -Werror\=non-modular-include-in-framework-module -Wno-trigraphs -Wno-missing-field-initializers -Wno-missing-prototypes -Wno-return-type -Wno-missing-braces -Wparentheses -Wswitch -Wno-unused-function -Wno-unused-label -Wno-unused-parameter -Wno-unused-variable -Wunused-value -Wno-empty-body -Wno-uninitialized -Wno-unknown-pragmas -w -Wno-shadow -Wno-four-char-constants -Wno-conversion -Wno-constant-conversion -Wno-int-conversion -Wno-bool-conversion -Wno-enum-conversion -Wno-float-conversion -Wno-non-literal-null-conversion -Wno-objc-literal-conversion -Wshorten-64-to-32 -Wpointer-sign -Wno-newline-eof -Wno-implicit-fallthrough -isysroot /Applications/Xcode_26.6.app/Contents/Developer/Platforms/iPhoneOS.platform/Developer/SDKs/iPhoneOS26.5.sdk -fstrict-aliasing -Wdeprecated-declarations -Wno-sign-conversion -Wno-infinite-recursion -Wno-comma -Wno-block-capture-autoreleasing -Wno-strict-prototypes -Wno-semicolon-before-method-body @/Users/runner/Library/Developer/Xcode/DerivedData/Reel-eksnidxqjeiwfnbzsppehnrbqtac/Build/Intermediates.noindex/ArchiveIntermediates/Reel/IntermediateBuildFilesPath/AMSMB2.build/Release-iphoneos/libsmb2.build/Objects-normal/arm64/7187679823f38a2a940e0043cdf9d637-common-args.resp -MMD -MT dependencies -MF /Users/runner/Library/Developer/Xcode/DerivedData/Reel-eksnidxqjeiwfnbzsppehnrbqtac/Build/Intermediates.noindex/ArchiveIntermediates/Reel/IntermediateBuildFilesPath/AMSMB2.build/Release-iphoneos/libsmb2.build/Objects-normal/arm64/smb2-cmd-oplock-break.d --serialize-diagnostics /Users/runner/Library/Developer/Xcode/DerivedData/Reel-eksnidxqjeiwfnbzsppehnrbqtac/Build/Intermediates.noindex/ArchiveIntermediates/Reel/IntermediateBuildFilesPath/AMSMB2.build/Release-iphoneos/libsmb2.build/Objects-normal/arm64/smb2-cmd-oplock-break.dia -c /Users/runner/work/reel/reel/Packages/AMSMB2/Dependencies/libsmb2/lib/smb2-cmd-oplock-break.c -o /Users/runner/Library/Developer/Xcode/DerivedData/Reel-eksnidxqjeiwfnbzsppehnrbqtac/Build/Intermediates.noindex/ArchiveIntermediates/Reel/IntermediateBuildFilesPath/AMSMB2.build/Release-iphoneos/libsmb2.build/Objects-normal/arm64/smb2-cmd-oplock-break.o

ScanDependencies /Users/runner/Library/Developer/Xcode/DerivedData/Reel-eksnidxqjeiwfnbzsppehnrbqtac/Build/Intermediates.noindex/ArchiveIntermediates/Reel/IntermediateBuildFilesPath/AMSMB2.build/Release-iphoneos/libsmb2.build/Objects-normal/arm64/smb2-cmd-notify-change.o /Users/runner/work/reel/reel/Packages/AMSMB2/Dependencies/libsmb2/lib/smb2-cmd-notify-change.c normal arm64 c com.apple.compilers.llvm.clang.1_0.compiler (in target 'libsmb2' from project 'AMSMB2')
    cd /Users/runner/work/reel/reel/Reel.xcodeproj
    
    Using response file: /Users/runner/Library/Developer/Xcode/DerivedData/Reel-eksnidxqjeiwfnbzsppehnrbqtac/Build/Intermediates.noindex/ArchiveIntermediates/Reel/IntermediateBuildFilesPath/AMSMB2.build/Release-iphoneos/libsmb2.build/Objects-normal/arm64/7187679823f38a2a940e0043cdf9d637-common-args.resp
    
    builtin-ScanDependencies -o /Users/runner/Library/Developer/Xcode/DerivedData/Reel-eksnidxqjeiwfnbzsppehnrbqtac/Build/Intermediates.noindex/ArchiveIntermediates/Reel/IntermediateBuildFilesPath/AMSMB2.build/Release-iphoneos/libsmb2.build/Objects-normal/arm64/smb2-cmd-notify-change.o.scan -- /Applications/Xcode_26.6.app/Contents/Developer/Toolchains/XcodeDefault.xctoolchain/usr/bin/clang -x c -ivfsstatcache /Users/runner/Library/Developer/Xcode/DerivedData/SDKStatCaches.noindex/iphoneos26.5-23F81a-688ef53f1462e2c8f657fdc38a81448fee66e23052a0157c865c76b268046726.sdkstatcache -target arm64-apple-ios13.0 -fmessage-length\=0 -fdiagnostics-show-note-include-stack -fmacro-backtrace-limit\=0 -fno-color-diagnostics -fmodules-prune-interval\=86400 -fmodules-prune-after\=345600 -fbuild-session-file\=/Users/runner/Library/Developer/Xcode/DerivedData/ModuleCache.noindex/Session.modulevalidation -fmodules-validate-once-per-build-session -Wnon-modular-include-in-framework-module -Werror\=non-modular-include-in-framework-module -Wno-trigraphs -Wno-missing-field-initializers -Wno-missing-prototypes -Wno-return-type -Wno-missing-braces -Wparentheses -Wswitch -Wno-unused-function -Wno-unused-label -Wno-unused-parameter -Wno-unused-variable -Wunused-value -Wno-empty-body -Wno-uninitialized -Wno-unknown-pragmas -w -Wno-shadow -Wno-four-char-constants -Wno-conversion -Wno-constant-conversion -Wno-int-conversion -Wno-bool-conversion -Wno-enum-conversion -Wno-float-conversion -Wno-non-literal-null-conversion -Wno-objc-literal-conversion -Wshorten-64-to-32 -Wpointer-sign -Wno-newline-eof -Wno-implicit-fallthrough -isysroot /Applications/Xcode_26.6.app/Contents/Developer/Platforms/iPhoneOS.platform/Developer/SDKs/iPhoneOS26.5.sdk -fstrict-aliasing -Wdeprecated-declarations -Wno-sign-conversion -Wno-infinite-recursion -Wno-comma -Wno-block-capture-autoreleasing -Wno-strict-prototypes -Wno-semicolon-before-method-body @/Users/runner/Library/Developer/Xcode/DerivedData/Reel-eksnidxqjeiwfnbzsppehnrbqtac/Build/Intermediates.noindex/ArchiveIntermediates/Reel/IntermediateBuildFilesPath/AMSMB2.build/Release-iphoneos/libsmb2.build/Objects-normal/arm64/7187679823f38a2a940e0043cdf9d637-common-args.resp -MMD -MT dependencies -MF /Users/runner/Library/Developer/Xcode/DerivedData/Reel-eksnidxqjeiwfnbzsppehnrbqtac/Build/Intermediates.noindex/ArchiveIntermediates/Reel/IntermediateBuildFilesPath/AMSMB2.build/Release-iphoneos/libsmb2.build/Objects-normal/arm64/smb2-cmd-notify-change.d --serialize-diagnostics /Users/runner/Library/Developer/Xcode/DerivedData/Reel-eksnidxqjeiwfnbzsppehnrbqtac/Build/Intermediates.noindex/ArchiveIntermediates/Reel/IntermediateBuildFilesPath/AMSMB2.build/Release-iphoneos/libsmb2.build/Objects-normal/arm64/smb2-cmd-notify-change.dia -c /Users/runner/work/reel/reel/Packages/AMSMB2/Dependencies/libsmb2/lib/smb2-cmd-notify-change.c -o /Users/runner/Library/Developer/Xcode/DerivedData/Reel-eksnidxqjeiwfnbzsppehnrbqtac/Build/Intermediates.noindex/ArchiveIntermediates/Reel/IntermediateBuildFilesPath/AMSMB2.build/Release-iphoneos/libsmb2.build/Objects-normal/arm64/smb2-cmd-notify-change.o

ScanDependencies /Users/runner/Library/Developer/Xcode/DerivedData/Reel-eksnidxqjeiwfnbzsppehnrbqtac/Build/Intermediates.noindex/ArchiveIntermediates/Reel/IntermediateBuildFilesPath/AMSMB2.build/Release-iphoneos/libsmb2.build/Objects-normal/arm64/smb2-cmd-negotiate.o /Users/runner/work/reel/reel/Packages/AMSMB2/Dependencies/libsmb2/lib/smb2-cmd-negotiate.c normal arm64 c com.apple.compilers.llvm.clang.1_0.compiler (in target 'libsmb2' from project 'AMSMB2')
    cd /Users/runner/work/reel/reel/Reel.xcodeproj
    
    Using response file: /Users/runner/Library/Developer/Xcode/DerivedData/Reel-eksnidxqjeiwfnbzsppehnrbqtac/Build/Intermediates.noindex/ArchiveIntermediates/Reel/IntermediateBuildFilesPath/AMSMB2.build/Release-iphoneos/libsmb2.build/Objects-normal/arm64/7187679823f38a2a940e0043cdf9d637-common-args.resp
    
    builtin-ScanDependencies -o /Users/runner/Library/Developer/Xcode/DerivedData/Reel-eksnidxqjeiwfnbzsppehnrbqtac/Build/Intermediates.noindex/ArchiveIntermediates/Reel/IntermediateBuildFilesPath/AMSMB2.build/Release-iphoneos/libsmb2.build/Objects-normal/arm64/smb2-cmd-negotiate.o.scan -- /Applications/Xcode_26.6.app/Contents/Developer/Toolchains/XcodeDefault.xctoolchain/usr/bin/clang -x c -ivfsstatcache /Users/runner/Library/Developer/Xcode/DerivedData/SDKStatCaches.noindex/iphoneos26.5-23F81a-688ef53f1462e2c8f657fdc38a81448fee66e23052a0157c865c76b268046726.sdkstatcache -target arm64-apple-ios13.0 -fmessage-length\=0 -fdiagnostics-show-note-include-stack -fmacro-backtrace-limit\=0 -fno-color-diagnostics -fmodules-prune-interval\=86400 -fmodules-prune-after\=345600 -fbuild-session-file\=/Users/runner/Library/Developer/Xcode/DerivedData/ModuleCache.noindex/Session.modulevalidation -fmodules-validate-once-per-build-session -Wnon-modular-include-in-framework-module -Werror\=non-modular-include-in-framework-module -Wno-trigraphs -Wno-missing-field-initializers -Wno-missing-prototypes -Wno-return-type -Wno-missing-braces -Wparentheses -Wswitch -Wno-unused-function -Wno-unused-label -Wno-unused-parameter -Wno-unused-variable -Wunused-value -Wno-empty-body -Wno-uninitialized -Wno-unknown-pragmas -w -Wno-shadow -Wno-four-char-constants -Wno-conversion -Wno-constant-conversion -Wno-int-conversion -Wno-bool-conversion -Wno-enum-conversion -Wno-float-conversion -Wno-non-literal-null-conversion -Wno-objc-literal-conversion -Wshorten-64-to-32 -Wpointer-sign -Wno-newline-eof -Wno-implicit-fallthrough -isysroot /Applications/Xcode_26.6.app/Contents/Developer/Platforms/iPhoneOS.platform/Developer/SDKs/iPhoneOS26.5.sdk -fstrict-aliasing -Wdeprecated-declarations -Wno-sign-conversion -Wno-infinite-recursion -Wno-comma -Wno-block-capture-autoreleasing -Wno-strict-prototypes -Wno-semicolon-before-method-body @/Users/runner/Library/Developer/Xcode/DerivedData/Reel-eksnidxqjeiwfnbzsppehnrbqtac/Build/Intermediates.noindex/ArchiveIntermediates/Reel/IntermediateBuildFilesPath/AMSMB2.build/Release-iphoneos/libsmb2.build/Objects-normal/arm64/7187679823f38a2a940e0043cdf9d637-common-args.resp -MMD -MT dependencies -MF /Users/runner/Library/Developer/Xcode/DerivedData/Reel-eksnidxqjeiwfnbzsppehnrbqtac/Build/Intermediates.noindex/ArchiveIntermediates/Reel/IntermediateBuildFilesPath/AMSMB2.build/Release-iphoneos/libsmb2.build/Objects-normal/arm64/smb2-cmd-negotiate.d --serialize-diagnostics /Users/runner/Library/Developer/Xcode/DerivedData/Reel-eksnidxqjeiwfnbzsppehnrbqtac/Build/Intermediates.noindex/ArchiveIntermediates/Reel/IntermediateBuildFilesPath/AMSMB2.build/Release-iphoneos/libsmb2.build/Objects-normal/arm64/smb2-cmd-negotiate.dia -c /Users/runner/work/reel/reel/Packages/AMSMB2/Dependencies/libsmb2/lib/smb2-cmd-negotiate.c -o /Users/runner/Library/Developer/Xcode/DerivedData/Reel-eksnidxqjeiwfnbzsppehnrbqtac/Build/Intermediates.noindex/ArchiveIntermediates/Reel/IntermediateBuildFilesPath/AMSMB2.build/Release-iphoneos/libsmb2.build/Objects-normal/arm64/smb2-cmd-negotiate.o

CompileC /Users/runner/Library/Developer/Xcode/DerivedData/Reel-eksnidxqjeiwfnbzsppehnrbqtac/Build/Intermediates.noindex/ArchiveIntermediates/Reel/IntermediateBuildFilesPath/AMSMB2.build/Release-iphoneos/libsmb2.build/Objects-normal/arm64/smb2-cmd-notify-change.o /Users/runner/work/reel/reel/Packages/AMSMB2/Dependencies/libsmb2/lib/smb2-cmd-notify-change.c normal arm64 c com.apple.compilers.llvm.clang.1_0.compiler (in target 'libsmb2' from project 'AMSMB2')
    cd /Users/runner/work/reel/reel/Reel.xcodeproj
    
    Using response file: /Users/runner/Library/Developer/Xcode/DerivedData/Reel-eksnidxqjeiwfnbzsppehnrbqtac/Build/Intermediates.noindex/ArchiveIntermediates/Reel/IntermediateBuildFilesPath/AMSMB2.build/Release-iphoneos/libsmb2.build/Objects-normal/arm64/7187679823f38a2a940e0043cdf9d637-common-args.resp
    
    /Applications/Xcode_26.6.app/Contents/Developer/Toolchains/XcodeDefault.xctoolchain/usr/bin/clang -x c -ivfsstatcache /Users/runner/Library/Developer/Xcode/DerivedData/SDKStatCaches.noindex/iphoneos26.5-23F81a-688ef53f1462e2c8f657fdc38a81448fee66e23052a0157c865c76b268046726.sdkstatcache -target arm64-apple-ios13.0 -fmessage-length\=0 -fdiagnostics-show-note-include-stack -fmacro-backtrace-limit\=0 -fno-color-diagnostics -fmodules-prune-interval\=86400 -fmodules-prune-after\=345600 -fbuild-session-file\=/Users/runner/Library/Developer/Xcode/DerivedData/ModuleCache.noindex/Session.modulevalidation -fmodules-validate-once-per-build-session -Wnon-modular-include-in-framework-module -Werror\=non-modular-include-in-framework-module -Wno-trigraphs -Wno-missing-field-initializers -Wno-missing-prototypes -Wno-return-type -Wno-missing-braces -Wparentheses -Wswitch -Wno-unused-function -Wno-unused-label -Wno-unused-parameter -Wno-unused-variable -Wunused-value -Wno-empty-body -Wno-uninitialized -Wno-unknown-pragmas -w -Wno-shadow -Wno-four-char-constants -Wno-conversion -Wno-constant-conversion -Wno-int-conversion -Wno-bool-conversion -Wno-enum-conversion -Wno-float-conversion -Wno-non-literal-null-conversion -Wno-objc-literal-conversion -Wshorten-64-to-32 -Wpointer-sign -Wno-newline-eof -Wno-implicit-fallthrough -isysroot /Applications/Xcode_26.6.app/Contents/Developer/Platforms/iPhoneOS.platform/Developer/SDKs/iPhoneOS26.5.sdk -fstrict-aliasing -Wdeprecated-declarations -Wno-sign-conversion -Wno-infinite-recursion -Wno-comma -Wno-block-capture-autoreleasing -Wno-strict-prototypes -Wno-semicolon-before-method-body @/Users/runner/Library/Developer/Xcode/DerivedData/Reel-eksnidxqjeiwfnbzsppehnrbqtac/Build/Intermediates.noindex/ArchiveIntermediates/Reel/IntermediateBuildFilesPath/AMSMB2.build/Release-iphoneos/libsmb2.build/Objects-normal/arm64/7187679823f38a2a940e0043cdf9d637-common-args.resp -MMD -MT dependencies -MF /Users/runner/Library/Developer/Xcode/DerivedData/Reel-eksnidxqjeiwfnbzsppehnrbqtac/Build/Intermediates.noindex/ArchiveIntermediates/Reel/IntermediateBuildFilesPath/AMSMB2.build/Release-iphoneos/libsmb2.build/Objects-normal/arm64/smb2-cmd-notify-change.d --serialize-diagnostics /Users/runner/Library/Developer/Xcode/DerivedData/Reel-eksnidxqjeiwfnbzsppehnrbqtac/Build/Intermediates.noindex/ArchiveIntermediates/Reel/IntermediateBuildFilesPath/AMSMB2.build/Release-iphoneos/libsmb2.build/Objects-normal/arm64/smb2-cmd-notify-change.dia -c /Users/runner/work/reel/reel/Packages/AMSMB2/Dependencies/libsmb2/lib/smb2-cmd-notify-change.c -o /Users/runner/Library/Developer/Xcode/DerivedData/Reel-eksnidxqjeiwfnbzsppehnrbqtac/Build/Intermediates.noindex/ArchiveIntermediates/Reel/IntermediateBuildFilesPath/AMSMB2.build/Release-iphoneos/libsmb2.build/Objects-normal/arm64/smb2-cmd-notify-change.o

CompileC /Users/runner/Library/Developer/Xcode/DerivedData/Reel-eksnidxqjeiwfnbzsppehnrbqtac/Build/Intermediates.noindex/ArchiveIntermediates/Reel/IntermediateBuildFilesPath/AMSMB2.build/Release-iphoneos/libsmb2.build/Objects-normal/arm64/smb2-cmd-negotiate.o /Users/runner/work/reel/reel/Packages/AMSMB2/Dependencies/libsmb2/lib/smb2-cmd-negotiate.c normal arm64 c com.apple.compilers.llvm.clang.1_0.compiler (in target 'libsmb2' from project 'AMSMB2')
    cd /Users/runner/work/reel/reel/Reel.xcodeproj
    
    Using response file: /Users/runner/Library/Developer/Xcode/DerivedData/Reel-eksnidxqjeiwfnbzsppehnrbqtac/Build/Intermediates.noindex/ArchiveIntermediates/Reel/IntermediateBuildFilesPath/AMSMB2.build/Release-iphoneos/libsmb2.build/Objects-normal/arm64/7187679823f38a2a940e0043cdf9d637-common-args.resp
    
    /Applications/Xcode_26.6.app/Contents/Developer/Toolchains/XcodeDefault.xctoolchain/usr/bin/clang -x c -ivfsstatcache /Users/runner/Library/Developer/Xcode/DerivedData/SDKStatCaches.noindex/iphoneos26.5-23F81a-688ef53f1462e2c8f657fdc38a81448fee66e23052a0157c865c76b268046726.sdkstatcache -target arm64-apple-ios13.0 -fmessage-length\=0 -fdiagnostics-show-note-include-stack -fmacro-backtrace-limit\=0 -fno-color-diagnostics -fmodules-prune-interval\=86400 -fmodules-prune-after\=345600 -fbuild-session-file\=/Users/runner/Library/Developer/Xcode/DerivedData/ModuleCache.noindex/Session.modulevalidation -fmodules-validate-once-per-build-session -Wnon-modular-include-in-framework-module -Werror\=non-modular-include-in-framework-module -Wno-trigraphs -Wno-missing-field-initializers -Wno-missing-prototypes -Wno-return-type -Wno-missing-braces -Wparentheses -Wswitch -Wno-unused-function -Wno-unused-label -Wno-unused-parameter -Wno-unused-variable -Wunused-value -Wno-empty-body -Wno-uninitialized -Wno-unknown-pragmas -w -Wno-shadow -Wno-four-char-constants -Wno-conversion -Wno-constant-conversion -Wno-int-conversion -Wno-bool-conversion -Wno-enum-conversion -Wno-float-conversion -Wno-non-literal-null-conversion -Wno-objc-literal-conversion -Wshorten-64-to-32 -Wpointer-sign -Wno-newline-eof -Wno-implicit-fallthrough -isysroot /Applications/Xcode_26.6.app/Contents/Developer/Platforms/iPhoneOS.platform/Developer/SDKs/iPhoneOS26.5.sdk -fstrict-aliasing -Wdeprecated-declarations -Wno-sign-conversion -Wno-infinite-recursion -Wno-comma -Wno-block-capture-autoreleasing -Wno-strict-prototypes -Wno-semicolon-before-method-body @/Users/runner/Library/Developer/Xcode/DerivedData/Reel-eksnidxqjeiwfnbzsppehnrbqtac/Build/Intermediates.noindex/ArchiveIntermediates/Reel/IntermediateBuildFilesPath/AMSMB2.build/Release-iphoneos/libsmb2.build/Objects-normal/arm64/7187679823f38a2a940e0043cdf9d637-common-args.resp -MMD -MT dependencies -MF /Users/runner/Library/Developer/Xcode/DerivedData/Reel-eksnidxqjeiwfnbzsppehnrbqtac/Build/Intermediates.noindex/ArchiveIntermediates/Reel/IntermediateBuildFilesPath/AMSMB2.build/Release-iphoneos/libsmb2.build/Objects-normal/arm64/smb2-cmd-negotiate.d --serialize-diagnostics /Users/runner/Library/Developer/Xcode/DerivedData/Reel-eksnidxqjeiwfnbzsppehnrbqtac/Build/Intermediates.noindex/ArchiveIntermediates/Reel/IntermediateBuildFilesPath/AMSMB2.build/Release-iphoneos/libsmb2.build/Objects-normal/arm64/smb2-cmd-negotiate.dia -c /Users/runner/work/reel/reel/Packages/AMSMB2/Dependencies/libsmb2/lib/smb2-cmd-negotiate.c -o /Users/runner/Library/Developer/Xcode/DerivedData/Reel-eksnidxqjeiwfnbzsppehnrbqtac/Build/Intermediates.noindex/ArchiveIntermediates/Reel/IntermediateBuildFilesPath/AMSMB2.build/Release-iphoneos/libsmb2.build/Objects-normal/arm64/smb2-cmd-negotiate.o

ScanDependencies /Users/runner/Library/Developer/Xcode/DerivedData/Reel-eksnidxqjeiwfnbzsppehnrbqtac/Build/Intermediates.noindex/ArchiveIntermediates/Reel/IntermediateBuildFilesPath/AMSMB2.build/Release-iphoneos/libsmb2.build/Objects-normal/arm64/smb2-cmd-logoff.o /Users/runner/work/reel/reel/Packages/AMSMB2/Dependencies/libsmb2/lib/smb2-cmd-logoff.c normal arm64 c com.apple.compilers.llvm.clang.1_0.compiler (in target 'libsmb2' from project 'AMSMB2')
    cd /Users/runner/work/reel/reel/Reel.xcodeproj
    
    Using response file: /Users/runner/Library/Developer/Xcode/DerivedData/Reel-eksnidxqjeiwfnbzsppehnrbqtac/Build/Intermediates.noindex/ArchiveIntermediates/Reel/IntermediateBuildFilesPath/AMSMB2.build/Release-iphoneos/libsmb2.build/Objects-normal/arm64/7187679823f38a2a940e0043cdf9d637-common-args.resp
    
    builtin-ScanDependencies -o /Users/runner/Library/Developer/Xcode/DerivedData/Reel-eksnidxqjeiwfnbzsppehnrbqtac/Build/Intermediates.noindex/ArchiveIntermediates/Reel/IntermediateBuildFilesPath/AMSMB2.build/Release-iphoneos/libsmb2.build/Objects-normal/arm64/smb2-cmd-logoff.o.scan -- /Applications/Xcode_26.6.app/Contents/Developer/Toolchains/XcodeDefault.xctoolchain/usr/bin/clang -x c -ivfsstatcache /Users/runner/Library/Developer/Xcode/DerivedData/SDKStatCaches.noindex/iphoneos26.5-23F81a-688ef53f1462e2c8f657fdc38a81448fee66e23052a0157c865c76b268046726.sdkstatcache -target arm64-apple-ios13.0 -fmessage-length\=0 -fdiagnostics-show-note-include-stack -fmacro-backtrace-limit\=0 -fno-color-diagnostics -fmodules-prune-interval\=86400 -fmodules-prune-after\=345600 -fbuild-session-file\=/Users/runner/Library/Developer/Xcode/DerivedData/ModuleCache.noindex/Session.modulevalidation -fmodules-validate-once-per-build-session -Wnon-modular-include-in-framework-module -Werror\=non-modular-include-in-framework-module -Wno-trigraphs -Wno-missing-field-initializers -Wno-missing-prototypes -Wno-return-type -Wno-missing-braces -Wparentheses -Wswitch -Wno-unused-function -Wno-unused-label -Wno-unused-parameter -Wno-unused-variable -Wunused-value -Wno-empty-body -Wno-uninitialized -Wno-unknown-pragmas -w -Wno-shadow -Wno-four-char-constants -Wno-conversion -Wno-constant-conversion -Wno-int-conversion -Wno-bool-conversion -Wno-enum-conversion -Wno-float-conversion -Wno-non-literal-null-conversion -Wno-objc-literal-conversion -Wshorten-64-to-32 -Wpointer-sign -Wno-newline-eof -Wno-implicit-fallthrough -isysroot /Applications/Xcode_26.6.app/Contents/Developer/Platforms/iPhoneOS.platform/Developer/SDKs/iPhoneOS26.5.sdk -fstrict-aliasing -Wdeprecated-declarations -Wno-sign-conversion -Wno-infinite-recursion -Wno-comma -Wno-block-capture-autoreleasing -Wno-strict-prototypes -Wno-semicolon-before-method-body @/Users/runner/Library/Developer/Xcode/DerivedData/Reel-eksnidxqjeiwfnbzsppehnrbqtac/Build/Intermediates.noindex/ArchiveIntermediates/Reel/IntermediateBuildFilesPath/AMSMB2.build/Release-iphoneos/libsmb2.build/Objects-normal/arm64/7187679823f38a2a940e0043cdf9d637-common-args.resp -MMD -MT dependencies -MF /Users/runner/Library/Developer/Xcode/DerivedData/Reel-eksnidxqjeiwfnbzsppehnrbqtac/Build/Intermediates.noindex/ArchiveIntermediates/Reel/IntermediateBuildFilesPath/AMSMB2.build/Release-iphoneos/libsmb2.build/Objects-normal/arm64/smb2-cmd-logoff.d --serialize-diagnostics /Users/runner/Library/Developer/Xcode/DerivedData/Reel-eksnidxqjeiwfnbzsppehnrbqtac/Build/Intermediates.noindex/ArchiveIntermediates/Reel/IntermediateBuildFilesPath/AMSMB2.build/Release-iphoneos/libsmb2.build/Objects-normal/arm64/smb2-cmd-logoff.dia -c /Users/runner/work/reel/reel/Packages/AMSMB2/Dependencies/libsmb2/lib/smb2-cmd-logoff.c -o /Users/runner/Library/Developer/Xcode/DerivedData/Reel-eksnidxqjeiwfnbzsppehnrbqtac/Build/Intermediates.noindex/ArchiveIntermediates/Reel/IntermediateBuildFilesPath/AMSMB2.build/Release-iphoneos/libsmb2.build/Objects-normal/arm64/smb2-cmd-logoff.o

ScanDependencies /Users/runner/Library/Developer/Xcode/DerivedData/Reel-eksnidxqjeiwfnbzsppehnrbqtac/Build/Intermediates.noindex/ArchiveIntermediates/Reel/IntermediateBuildFilesPath/AMSMB2.build/Release-iphoneos/libsmb2.build/Objects-normal/arm64/smb2-cmd-lock.o /Users/runner/work/reel/reel/Packages/AMSMB2/Dependencies/libsmb2/lib/smb2-cmd-lock.c normal arm64 c com.apple.compilers.llvm.clang.1_0.compiler (in target 'libsmb2' from project 'AMSMB2')
    cd /Users/runner/work/reel/reel/Reel.xcodeproj
    
    Using response file: /Users/runner/Library/Developer/Xcode/DerivedData/Reel-eksnidxqjeiwfnbzsppehnrbqtac/Build/Intermediates.noindex/ArchiveIntermediates/Reel/IntermediateBuildFilesPath/AMSMB2.build/Release-iphoneos/libsmb2.build/Objects-normal/arm64/7187679823f38a2a940e0043cdf9d637-common-args.resp
    
    builtin-ScanDependencies -o /Users/runner/Library/Developer/Xcode/DerivedData/Reel-eksnidxqjeiwfnbzsppehnrbqtac/Build/Intermediates.noindex/ArchiveIntermediates/Reel/IntermediateBuildFilesPath/AMSMB2.build/Release-iphoneos/libsmb2.build/Objects-normal/arm64/smb2-cmd-lock.o.scan -- /Applications/Xcode_26.6.app/Contents/Developer/Toolchains/XcodeDefault.xctoolchain/usr/bin/clang -x c -ivfsstatcache /Users/runner/Library/Developer/Xcode/DerivedData/SDKStatCaches.noindex/iphoneos26.5-23F81a-688ef53f1462e2c8f657fdc38a81448fee66e23052a0157c865c76b268046726.sdkstatcache -target arm64-apple-ios13.0 -fmessage-length\=0 -fdiagnostics-show-note-include-stack -fmacro-backtrace-limit\=0 -fno-color-diagnostics -fmodules-prune-interval\=86400 -fmodules-prune-after\=345600 -fbuild-session-file\=/Users/runner/Library/Developer/Xcode/DerivedData/ModuleCache.noindex/Session.modulevalidation -fmodules-validate-once-per-build-session -Wnon-modular-include-in-framework-module -Werror\=non-modular-include-in-framework-module -Wno-trigraphs -Wno-missing-field-initializers -Wno-missing-prototypes -Wno-return-type -Wno-missing-braces -Wparentheses -Wswitch -Wno-unused-function -Wno-unused-label -Wno-unused-parameter -Wno-unused-variable -Wunused-value -Wno-empty-body -Wno-uninitialized -Wno-unknown-pragmas -w -Wno-shadow -Wno-four-char-constants -Wno-conversion -Wno-constant-conversion -Wno-int-conversion -Wno-bool-conversion -Wno-enum-conversion -Wno-float-conversion -Wno-non-literal-null-conversion -Wno-objc-literal-conversion -Wshorten-64-to-32 -Wpointer-sign -Wno-newline-eof -Wno-implicit-fallthrough -isysroot /Applications/Xcode_26.6.app/Contents/Developer/Platforms/iPhoneOS.platform/Developer/SDKs/iPhoneOS26.5.sdk -fstrict-aliasing -Wdeprecated-declarations -Wno-sign-conversion -Wno-infinite-recursion -Wno-comma -Wno-block-capture-autoreleasing -Wno-strict-prototypes -Wno-semicolon-before-method-body @/Users/runner/Library/Developer/Xcode/DerivedData/Reel-eksnidxqjeiwfnbzsppehnrbqtac/Build/Intermediates.noindex/ArchiveIntermediates/Reel/IntermediateBuildFilesPath/AMSMB2.build/Release-iphoneos/libsmb2.build/Objects-normal/arm64/7187679823f38a2a940e0043cdf9d637-common-args.resp -MMD -MT dependencies -MF /Users/runner/Library/Developer/Xcode/DerivedData/Reel-eksnidxqjeiwfnbzsppehnrbqtac/Build/Intermediates.noindex/ArchiveIntermediates/Reel/IntermediateBuildFilesPath/AMSMB2.build/Release-iphoneos/libsmb2.build/Objects-normal/arm64/smb2-cmd-lock.d --serialize-diagnostics /Users/runner/Library/Developer/Xcode/DerivedData/Reel-eksnidxqjeiwfnbzsppehnrbqtac/Build/Intermediates.noindex/ArchiveIntermediates/Reel/IntermediateBuildFilesPath/AMSMB2.build/Release-iphoneos/libsmb2.build/Objects-normal/arm64/smb2-cmd-lock.dia -c /Users/runner/work/reel/reel/Packages/AMSMB2/Dependencies/libsmb2/lib/smb2-cmd-lock.c -o /Users/runner/Library/Developer/Xcode/DerivedData/Reel-eksnidxqjeiwfnbzsppehnrbqtac/Build/Intermediates.noindex/ArchiveIntermediates/Reel/IntermediateBuildFilesPath/AMSMB2.build/Release-iphoneos/libsmb2.build/Objects-normal/arm64/smb2-cmd-lock.o

CompileC /Users/runner/Library/Developer/Xcode/DerivedData/Reel-eksnidxqjeiwfnbzsppehnrbqtac/Build/Intermediates.noindex/ArchiveIntermediates/Reel/IntermediateBuildFilesPath/AMSMB2.build/Release-iphoneos/libsmb2.build/Objects-normal/arm64/smb2-cmd-logoff.o /Users/runner/work/reel/reel/Packages/AMSMB2/Dependencies/libsmb2/lib/smb2-cmd-logoff.c normal arm64 c com.apple.compilers.llvm.clang.1_0.compiler (in target 'libsmb2' from project 'AMSMB2')
    cd /Users/runner/work/reel/reel/Reel.xcodeproj
    
    Using response file: /Users/runner/Library/Developer/Xcode/DerivedData/Reel-eksnidxqjeiwfnbzsppehnrbqtac/Build/Intermediates.noindex/ArchiveIntermediates/Reel/IntermediateBuildFilesPath/AMSMB2.build/Release-iphoneos/libsmb2.build/Objects-normal/arm64/7187679823f38a2a940e0043cdf9d637-common-args.resp
    
    /Applications/Xcode_26.6.app/Contents/Developer/Toolchains/XcodeDefault.xctoolchain/usr/bin/clang -x c -ivfsstatcache /Users/runner/Library/Developer/Xcode/DerivedData/SDKStatCaches.noindex/iphoneos26.5-23F81a-688ef53f1462e2c8f657fdc38a81448fee66e23052a0157c865c76b268046726.sdkstatcache -target arm64-apple-ios13.0 -fmessage-length\=0 -fdiagnostics-show-note-include-stack -fmacro-backtrace-limit\=0 -fno-color-diagnostics -fmodules-prune-interval\=86400 -fmodules-prune-after\=345600 -fbuild-session-file\=/Users/runner/Library/Developer/Xcode/DerivedData/ModuleCache.noindex/Session.modulevalidation -fmodules-validate-once-per-build-session -Wnon-modular-include-in-framework-module -Werror\=non-modular-include-in-framework-module -Wno-trigraphs -Wno-missing-field-initializers -Wno-missing-prototypes -Wno-return-type -Wno-missing-braces -Wparentheses -Wswitch -Wno-unused-function -Wno-unused-label -Wno-unused-parameter -Wno-unused-variable -Wunused-value -Wno-empty-body -Wno-uninitialized -Wno-unknown-pragmas -w -Wno-shadow -Wno-four-char-constants -Wno-conversion -Wno-constant-conversion -Wno-int-conversion -Wno-bool-conversion -Wno-enum-conversion -Wno-float-conversion -Wno-non-literal-null-conversion -Wno-objc-literal-conversion -Wshorten-64-to-32 -Wpointer-sign -Wno-newline-eof -Wno-implicit-fallthrough -isysroot /Applications/Xcode_26.6.app/Contents/Developer/Platforms/iPhoneOS.platform/Developer/SDKs/iPhoneOS26.5.sdk -fstrict-aliasing -Wdeprecated-declarations -Wno-sign-conversion -Wno-infinite-recursion -Wno-comma -Wno-block-capture-autoreleasing -Wno-strict-prototypes -Wno-semicolon-before-method-body @/Users/runner/Library/Developer/Xcode/DerivedData/Reel-eksnidxqjeiwfnbzsppehnrbqtac/Build/Intermediates.noindex/ArchiveIntermediates/Reel/IntermediateBuildFilesPath/AMSMB2.build/Release-iphoneos/libsmb2.build/Objects-normal/arm64/7187679823f38a2a940e0043cdf9d637-common-args.resp -MMD -MT dependencies -MF /Users/runner/Library/Developer/Xcode/DerivedData/Reel-eksnidxqjeiwfnbzsppehnrbqtac/Build/Intermediates.noindex/ArchiveIntermediates/Reel/IntermediateBuildFilesPath/AMSMB2.build/Release-iphoneos/libsmb2.build/Objects-normal/arm64/smb2-cmd-logoff.d --serialize-diagnostics /Users/runner/Library/Developer/Xcode/DerivedData/Reel-eksnidxqjeiwfnbzsppehnrbqtac/Build/Intermediates.noindex/ArchiveIntermediates/Reel/IntermediateBuildFilesPath/AMSMB2.build/Release-iphoneos/libsmb2.build/Objects-normal/arm64/smb2-cmd-logoff.dia -c /Users/runner/work/reel/reel/Packages/AMSMB2/Dependencies/libsmb2/lib/smb2-cmd-logoff.c -o /Users/runner/Library/Developer/Xcode/DerivedData/Reel-eksnidxqjeiwfnbzsppehnrbqtac/Build/Intermediates.noindex/ArchiveIntermediates/Reel/IntermediateBuildFilesPath/AMSMB2.build/Release-iphoneos/libsmb2.build/Objects-normal/arm64/smb2-cmd-logoff.o

CompileC /Users/runner/Library/Developer/Xcode/DerivedData/Reel-eksnidxqjeiwfnbzsppehnrbqtac/Build/Intermediates.noindex/ArchiveIntermediates/Reel/IntermediateBuildFilesPath/AMSMB2.build/Release-iphoneos/libsmb2.build/Objects-normal/arm64/smb2-cmd-lock.o /Users/runner/work/reel/reel/Packages/AMSMB2/Dependencies/libsmb2/lib/smb2-cmd-lock.c normal arm64 c com.apple.compilers.llvm.clang.1_0.compiler (in target 'libsmb2' from project 'AMSMB2')
    cd /Users/runner/work/reel/reel/Reel.xcodeproj
    
    Using response file: /Users/runner/Library/Developer/Xcode/DerivedData/Reel-eksnidxqjeiwfnbzsppehnrbqtac/Build/Intermediates.noindex/ArchiveIntermediates/Reel/IntermediateBuildFilesPath/AMSMB2.build/Release-iphoneos/libsmb2.build/Objects-normal/arm64/7187679823f38a2a940e0043cdf9d637-common-args.resp
    
    /Applications/Xcode_26.6.app/Contents/Developer/Toolchains/XcodeDefault.xctoolchain/usr/bin/clang -x c -ivfsstatcache /Users/runner/Library/Developer/Xcode/DerivedData/SDKStatCaches.noindex/iphoneos26.5-23F81a-688ef53f1462e2c8f657fdc38a81448fee66e23052a0157c865c76b268046726.sdkstatcache -target arm64-apple-ios13.0 -fmessage-length\=0 -fdiagnostics-show-note-include-stack -fmacro-backtrace-limit\=0 -fno-color-diagnostics -fmodules-prune-interval\=86400 -fmodules-prune-after\=345600 -fbuild-session-file\=/Users/runner/Library/Developer/Xcode/DerivedData/ModuleCache.noindex/Session.modulevalidation -fmodules-validate-once-per-build-session -Wnon-modular-include-in-framework-module -Werror\=non-modular-include-in-framework-module -Wno-trigraphs -Wno-missing-field-initializers -Wno-missing-prototypes -Wno-return-type -Wno-missing-braces -Wparentheses -Wswitch -Wno-unused-function -Wno-unused-label -Wno-unused-parameter -Wno-unused-variable -Wunused-value -Wno-empty-body -Wno-uninitialized -Wno-unknown-pragmas -w -Wno-shadow -Wno-four-char-constants -Wno-conversion -Wno-constant-conversion -Wno-int-conversion -Wno-bool-conversion -Wno-enum-conversion -Wno-float-conversion -Wno-non-literal-null-conversion -Wno-objc-literal-conversion -Wshorten-64-to-32 -Wpointer-sign -Wno-newline-eof -Wno-implicit-fallthrough -isysroot /Applications/Xcode_26.6.app/Contents/Developer/Platforms/iPhoneOS.platform/Developer/SDKs/iPhoneOS26.5.sdk -fstrict-aliasing -Wdeprecated-declarations -Wno-sign-conversion -Wno-infinite-recursion -Wno-comma -Wno-block-capture-autoreleasing -Wno-strict-prototypes -Wno-semicolon-before-method-body @/Users/runner/Library/Developer/Xcode/DerivedData/Reel-eksnidxqjeiwfnbzsppehnrbqtac/Build/Intermediates.noindex/ArchiveIntermediates/Reel/IntermediateBuildFilesPath/AMSMB2.build/Release-iphoneos/libsmb2.build/Objects-normal/arm64/7187679823f38a2a940e0043cdf9d637-common-args.resp -MMD -MT dependencies -MF /Users/runner/Library/Developer/Xcode/DerivedData/Reel-eksnidxqjeiwfnbzsppehnrbqtac/Build/Intermediates.noindex/ArchiveIntermediates/Reel/IntermediateBuildFilesPath/AMSMB2.build/Release-iphoneos/libsmb2.build/Objects-normal/arm64/smb2-cmd-lock.d --serialize-diagnostics /Users/runner/Library/Developer/Xcode/DerivedData/Reel-eksnidxqjeiwfnbzsppehnrbqtac/Build/Intermediates.noindex/ArchiveIntermediates/Reel/IntermediateBuildFilesPath/AMSMB2.build/Release-iphoneos/libsmb2.build/Objects-normal/arm64/smb2-cmd-lock.dia -c /Users/runner/work/reel/reel/Packages/AMSMB2/Dependencies/libsmb2/lib/smb2-cmd-lock.c -o /Users/runner/Library/Developer/Xcode/DerivedData/Reel-eksnidxqjeiwfnbzsppehnrbqtac/Build/Intermediates.noindex/ArchiveIntermediates/Reel/IntermediateBuildFilesPath/AMSMB2.build/Release-iphoneos/libsmb2.build/Objects-normal/arm64/smb2-cmd-lock.o

ScanDependencies /Users/runner/Library/Developer/Xcode/DerivedData/Reel-eksnidxqjeiwfnbzsppehnrbqtac/Build/Intermediates.noindex/ArchiveIntermediates/Reel/IntermediateBuildFilesPath/AMSMB2.build/Release-iphoneos/libsmb2.build/Objects-normal/arm64/smb2-cmd-ioctl.o /Users/runner/work/reel/reel/Packages/AMSMB2/Dependencies/libsmb2/lib/smb2-cmd-ioctl.c normal arm64 c com.apple.compilers.llvm.clang.1_0.compiler (in target 'libsmb2' from project 'AMSMB2')
    cd /Users/runner/work/reel/reel/Reel.xcodeproj
    
    Using response file: /Users/runner/Library/Developer/Xcode/DerivedData/Reel-eksnidxqjeiwfnbzsppehnrbqtac/Build/Intermediates.noindex/ArchiveIntermediates/Reel/IntermediateBuildFilesPath/AMSMB2.build/Release-iphoneos/libsmb2.build/Objects-normal/arm64/7187679823f38a2a940e0043cdf9d637-common-args.resp
    
    builtin-ScanDependencies -o /Users/runner/Library/Developer/Xcode/DerivedData/Reel-eksnidxqjeiwfnbzsppehnrbqtac/Build/Intermediates.noindex/ArchiveIntermediates/Reel/IntermediateBuildFilesPath/AMSMB2.build/Release-iphoneos/libsmb2.build/Objects-normal/arm64/smb2-cmd-ioctl.o.scan -- /Applications/Xcode_26.6.app/Contents/Developer/Toolchains/XcodeDefault.xctoolchain/usr/bin/clang -x c -ivfsstatcache /Users/runner/Library/Developer/Xcode/DerivedData/SDKStatCaches.noindex/iphoneos26.5-23F81a-688ef53f1462e2c8f657fdc38a81448fee66e23052a0157c865c76b268046726.sdkstatcache -target arm64-apple-ios13.0 -fmessage-length\=0 -fdiagnostics-show-note-include-stack -fmacro-backtrace-limit\=0 -fno-color-diagnostics -fmodules-prune-interval\=86400 -fmodules-prune-after\=345600 -fbuild-session-file\=/Users/runner/Library/Developer/Xcode/DerivedData/ModuleCache.noindex/Session.modulevalidation -fmodules-validate-once-per-build-session -Wnon-modular-include-in-framework-module -Werror\=non-modular-include-in-framework-module -Wno-trigraphs -Wno-missing-field-initializers -Wno-missing-prototypes -Wno-return-type -Wno-missing-braces -Wparentheses -Wswitch -Wno-unused-function -Wno-unused-label -Wno-unused-parameter -Wno-unused-variable -Wunused-value -Wno-empty-body -Wno-uninitialized -Wno-unknown-pragmas -w -Wno-shadow -Wno-four-char-constants -Wno-conversion -Wno-constant-conversion -Wno-int-conversion -Wno-bool-conversion -Wno-enum-conversion -Wno-float-conversion -Wno-non-literal-null-conversion -Wno-objc-literal-conversion -Wshorten-64-to-32 -Wpointer-sign -Wno-newline-eof -Wno-implicit-fallthrough -isysroot /Applications/Xcode_26.6.app/Contents/Developer/Platforms/iPhoneOS.platform/Developer/SDKs/iPhoneOS26.5.sdk -fstrict-aliasing -Wdeprecated-declarations -Wno-sign-conversion -Wno-infinite-recursion -Wno-comma -Wno-block-capture-autoreleasing -Wno-strict-prototypes -Wno-semicolon-before-method-body @/Users/runner/Library/Developer/Xcode/DerivedData/Reel-eksnidxqjeiwfnbzsppehnrbqtac/Build/Intermediates.noindex/ArchiveIntermediates/Reel/IntermediateBuildFilesPath/AMSMB2.build/Release-iphoneos/libsmb2.build/Objects-normal/arm64/7187679823f38a2a940e0043cdf9d637-common-args.resp -MMD -MT dependencies -MF /Users/runner/Library/Developer/Xcode/DerivedData/Reel-eksnidxqjeiwfnbzsppehnrbqtac/Build/Intermediates.noindex/ArchiveIntermediates/Reel/IntermediateBuildFilesPath/AMSMB2.build/Release-iphoneos/libsmb2.build/Objects-normal/arm64/smb2-cmd-ioctl.d --serialize-diagnostics /Users/runner/Library/Developer/Xcode/DerivedData/Reel-eksnidxqjeiwfnbzsppehnrbqtac/Build/Intermediates.noindex/ArchiveIntermediates/Reel/IntermediateBuildFilesPath/AMSMB2.build/Release-iphoneos/libsmb2.build/Objects-normal/arm64/smb2-cmd-ioctl.dia -c /Users/runner/work/reel/reel/Packages/AMSMB2/Dependencies/libsmb2/lib/smb2-cmd-ioctl.c -o /Users/runner/Library/Developer/Xcode/DerivedData/Reel-eksnidxqjeiwfnbzsppehnrbqtac/Build/Intermediates.noindex/ArchiveIntermediates/Reel/IntermediateBuildFilesPath/AMSMB2.build/Release-iphoneos/libsmb2.build/Objects-normal/arm64/smb2-cmd-ioctl.o

ScanDependencies /Users/runner/Library/Developer/Xcode/DerivedData/Reel-eksnidxqjeiwfnbzsppehnrbqtac/Build/Intermediates.noindex/ArchiveIntermediates/Reel/IntermediateBuildFilesPath/AMSMB2.build/Release-iphoneos/libsmb2.build/Objects-normal/arm64/smb2-cmd-flush.o /Users/runner/work/reel/reel/Packages/AMSMB2/Dependencies/libsmb2/lib/smb2-cmd-flush.c normal arm64 c com.apple.compilers.llvm.clang.1_0.compiler (in target 'libsmb2' from project 'AMSMB2')
    cd /Users/runner/work/reel/reel/Reel.xcodeproj
    
    Using response file: /Users/runner/Library/Developer/Xcode/DerivedData/Reel-eksnidxqjeiwfnbzsppehnrbqtac/Build/Intermediates.noindex/ArchiveIntermediates/Reel/IntermediateBuildFilesPath/AMSMB2.build/Release-iphoneos/libsmb2.build/Objects-normal/arm64/7187679823f38a2a940e0043cdf9d637-common-args.resp
    
    builtin-ScanDependencies -o /Users/runner/Library/Developer/Xcode/DerivedData/Reel-eksnidxqjeiwfnbzsppehnrbqtac/Build/Intermediates.noindex/ArchiveIntermediates/Reel/IntermediateBuildFilesPath/AMSMB2.build/Release-iphoneos/libsmb2.build/Objects-normal/arm64/smb2-cmd-flush.o.scan -- /Applications/Xcode_26.6.app/Contents/Developer/Toolchains/XcodeDefault.xctoolchain/usr/bin/clang -x c -ivfsstatcache /Users/runner/Library/Developer/Xcode/DerivedData/SDKStatCaches.noindex/iphoneos26.5-23F81a-688ef53f1462e2c8f657fdc38a81448fee66e23052a0157c865c76b268046726.sdkstatcache -target arm64-apple-ios13.0 -fmessage-length\=0 -fdiagnostics-show-note-include-stack -fmacro-backtrace-limit\=0 -fno-color-diagnostics -fmodules-prune-interval\=86400 -fmodules-prune-after\=345600 -fbuild-session-file\=/Users/runner/Library/Developer/Xcode/DerivedData/ModuleCache.noindex/Session.modulevalidation -fmodules-validate-once-per-build-session -Wnon-modular-include-in-framework-module -Werror\=non-modular-include-in-framework-module -Wno-trigraphs -Wno-missing-field-initializers -Wno-missing-prototypes -Wno-return-type -Wno-missing-braces -Wparentheses -Wswitch -Wno-unused-function -Wno-unused-label -Wno-unused-parameter -Wno-unused-variable -Wunused-value -Wno-empty-body -Wno-uninitialized -Wno-unknown-pragmas -w -Wno-shadow -Wno-four-char-constants -Wno-conversion -Wno-constant-conversion -Wno-int-conversion -Wno-bool-conversion -Wno-enum-conversion -Wno-float-conversion -Wno-non-literal-null-conversion -Wno-objc-literal-conversion -Wshorten-64-to-32 -Wpointer-sign -Wno-newline-eof -Wno-implicit-fallthrough -isysroot /Applications/Xcode_26.6.app/Contents/Developer/Platforms/iPhoneOS.platform/Developer/SDKs/iPhoneOS26.5.sdk -fstrict-aliasing -Wdeprecated-declarations -Wno-sign-conversion -Wno-infinite-recursion -Wno-comma -Wno-block-capture-autoreleasing -Wno-strict-prototypes -Wno-semicolon-before-method-body @/Users/runner/Library/Developer/Xcode/DerivedData/Reel-eksnidxqjeiwfnbzsppehnrbqtac/Build/Intermediates.noindex/ArchiveIntermediates/Reel/IntermediateBuildFilesPath/AMSMB2.build/Release-iphoneos/libsmb2.build/Objects-normal/arm64/7187679823f38a2a940e0043cdf9d637-common-args.resp -MMD -MT dependencies -MF /Users/runner/Library/Developer/Xcode/DerivedData/Reel-eksnidxqjeiwfnbzsppehnrbqtac/Build/Intermediates.noindex/ArchiveIntermediates/Reel/IntermediateBuildFilesPath/AMSMB2.build/Release-iphoneos/libsmb2.build/Objects-normal/arm64/smb2-cmd-flush.d --serialize-diagnostics /Users/runner/Library/Developer/Xcode/DerivedData/Reel-eksnidxqjeiwfnbzsppehnrbqtac/Build/Intermediates.noindex/ArchiveIntermediates/Reel/IntermediateBuildFilesPath/AMSMB2.build/Release-iphoneos/libsmb2.build/Objects-normal/arm64/smb2-cmd-flush.dia -c /Users/runner/work/reel/reel/Packages/AMSMB2/Dependencies/libsmb2/lib/smb2-cmd-flush.c -o /Users/runner/Library/Developer/Xcode/DerivedData/Reel-eksnidxqjeiwfnbzsppehnrbqtac/Build/Intermediates.noindex/ArchiveIntermediates/Reel/IntermediateBuildFilesPath/AMSMB2.build/Release-iphoneos/libsmb2.build/Objects-normal/arm64/smb2-cmd-flush.o

CompileC /Users/runner/Library/Developer/Xcode/DerivedData/Reel-eksnidxqjeiwfnbzsppehnrbqtac/Build/Intermediates.noindex/ArchiveIntermediates/Reel/IntermediateBuildFilesPath/AMSMB2.build/Release-iphoneos/libsmb2.build/Objects-normal/arm64/smb2-cmd-ioctl.o /Users/runner/work/reel/reel/Packages/AMSMB2/Dependencies/libsmb2/lib/smb2-cmd-ioctl.c normal arm64 c com.apple.compilers.llvm.clang.1_0.compiler (in target 'libsmb2' from project 'AMSMB2')
    cd /Users/runner/work/reel/reel/Reel.xcodeproj
    
    Using response file: /Users/runner/Library/Developer/Xcode/DerivedData/Reel-eksnidxqjeiwfnbzsppehnrbqtac/Build/Intermediates.noindex/ArchiveIntermediates/Reel/IntermediateBuildFilesPath/AMSMB2.build/Release-iphoneos/libsmb2.build/Objects-normal/arm64/7187679823f38a2a940e0043cdf9d637-common-args.resp
    
    /Applications/Xcode_26.6.app/Contents/Developer/Toolchains/XcodeDefault.xctoolchain/usr/bin/clang -x c -ivfsstatcache /Users/runner/Library/Developer/Xcode/DerivedData/SDKStatCaches.noindex/iphoneos26.5-23F81a-688ef53f1462e2c8f657fdc38a81448fee66e23052a0157c865c76b268046726.sdkstatcache -target arm64-apple-ios13.0 -fmessage-length\=0 -fdiagnostics-show-note-include-stack -fmacro-backtrace-limit\=0 -fno-color-diagnostics -fmodules-prune-interval\=86400 -fmodules-prune-after\=345600 -fbuild-session-file\=/Users/runner/Library/Developer/Xcode/DerivedData/ModuleCache.noindex/Session.modulevalidation -fmodules-validate-once-per-build-session -Wnon-modular-include-in-framework-module -Werror\=non-modular-include-in-framework-module -Wno-trigraphs -Wno-missing-field-initializers -Wno-missing-prototypes -Wno-return-type -Wno-missing-braces -Wparentheses -Wswitch -Wno-unused-function -Wno-unused-label -Wno-unused-parameter -Wno-unused-variable -Wunused-value -Wno-empty-body -Wno-uninitialized -Wno-unknown-pragmas -w -Wno-shadow -Wno-four-char-constants -Wno-conversion -Wno-constant-conversion -Wno-int-conversion -Wno-bool-conversion -Wno-enum-conversion -Wno-float-conversion -Wno-non-literal-null-conversion -Wno-objc-literal-conversion -Wshorten-64-to-32 -Wpointer-sign -Wno-newline-eof -Wno-implicit-fallthrough -isysroot /Applications/Xcode_26.6.app/Contents/Developer/Platforms/iPhoneOS.platform/Developer/SDKs/iPhoneOS26.5.sdk -fstrict-aliasing -Wdeprecated-declarations -Wno-sign-conversion -Wno-infinite-recursion -Wno-comma -Wno-block-capture-autoreleasing -Wno-strict-prototypes -Wno-semicolon-before-method-body @/Users/runner/Library/Developer/Xcode/DerivedData/Reel-eksnidxqjeiwfnbzsppehnrbqtac/Build/Intermediates.noindex/ArchiveIntermediates/Reel/IntermediateBuildFilesPath/AMSMB2.build/Release-iphoneos/libsmb2.build/Objects-normal/arm64/7187679823f38a2a940e0043cdf9d637-common-args.resp -MMD -MT dependencies -MF /Users/runner/Library/Developer/Xcode/DerivedData/Reel-eksnidxqjeiwfnbzsppehnrbqtac/Build/Intermediates.noindex/ArchiveIntermediates/Reel/IntermediateBuildFilesPath/AMSMB2.build/Release-iphoneos/libsmb2.build/Objects-normal/arm64/smb2-cmd-ioctl.d --serialize-diagnostics /Users/runner/Library/Developer/Xcode/DerivedData/Reel-eksnidxqjeiwfnbzsppehnrbqtac/Build/Intermediates.noindex/ArchiveIntermediates/Reel/IntermediateBuildFilesPath/AMSMB2.build/Release-iphoneos/libsmb2.build/Objects-normal/arm64/smb2-cmd-ioctl.dia -c /Users/runner/work/reel/reel/Packages/AMSMB2/Dependencies/libsmb2/lib/smb2-cmd-ioctl.c -o /Users/runner/Library/Developer/Xcode/DerivedData/Reel-eksnidxqjeiwfnbzsppehnrbqtac/Build/Intermediates.noindex/ArchiveIntermediates/Reel/IntermediateBuildFilesPath/AMSMB2.build/Release-iphoneos/libsmb2.build/Objects-normal/arm64/smb2-cmd-ioctl.o

CompileC /Users/runner/Library/Developer/Xcode/DerivedData/Reel-eksnidxqjeiwfnbzsppehnrbqtac/Build/Intermediates.noindex/ArchiveIntermediates/Reel/IntermediateBuildFilesPath/AMSMB2.build/Release-iphoneos/libsmb2.build/Objects-normal/arm64/smb2-cmd-flush.o /Users/runner/work/reel/reel/Packages/AMSMB2/Dependencies/libsmb2/lib/smb2-cmd-flush.c normal arm64 c com.apple.compilers.llvm.clang.1_0.compiler (in target 'libsmb2' from project 'AMSMB2')
    cd /Users/runner/work/reel/reel/Reel.xcodeproj
    
    Using response file: /Users/runner/Library/Developer/Xcode/DerivedData/Reel-eksnidxqjeiwfnbzsppehnrbqtac/Build/Intermediates.noindex/ArchiveIntermediates/Reel/IntermediateBuildFilesPath/AMSMB2.build/Release-iphoneos/libsmb2.build/Objects-normal/arm64/7187679823f38a2a940e0043cdf9d637-common-args.resp
    
    /Applications/Xcode_26.6.app/Contents/Developer/Toolchains/XcodeDefault.xctoolchain/usr/bin/clang -x c -ivfsstatcache /Users/runner/Library/Developer/Xcode/DerivedData/SDKStatCaches.noindex/iphoneos26.5-23F81a-688ef53f1462e2c8f657fdc38a81448fee66e23052a0157c865c76b268046726.sdkstatcache -target arm64-apple-ios13.0 -fmessage-length\=0 -fdiagnostics-show-note-include-stack -fmacro-backtrace-limit\=0 -fno-color-diagnostics -fmodules-prune-interval\=86400 -fmodules-prune-after\=345600 -fbuild-session-file\=/Users/runner/Library/Developer/Xcode/DerivedData/ModuleCache.noindex/Session.modulevalidation -fmodules-validate-once-per-build-session -Wnon-modular-include-in-framework-module -Werror\=non-modular-include-in-framework-module -Wno-trigraphs -Wno-missing-field-initializers -Wno-missing-prototypes -Wno-return-type -Wno-missing-braces -Wparentheses -Wswitch -Wno-unused-function -Wno-unused-label -Wno-unused-parameter -Wno-unused-variable -Wunused-value -Wno-empty-body -Wno-uninitialized -Wno-unknown-pragmas -w -Wno-shadow -Wno-four-char-constants -Wno-conversion -Wno-constant-conversion -Wno-int-conversion -Wno-bool-conversion -Wno-enum-conversion -Wno-float-conversion -Wno-non-literal-null-conversion -Wno-objc-literal-conversion -Wshorten-64-to-32 -Wpointer-sign -Wno-newline-eof -Wno-implicit-fallthrough -isysroot /Applications/Xcode_26.6.app/Contents/Developer/Platforms/iPhoneOS.platform/Developer/SDKs/iPhoneOS26.5.sdk -fstrict-aliasing -Wdeprecated-declarations -Wno-sign-conversion -Wno-infinite-recursion -Wno-comma -Wno-block-capture-autoreleasing -Wno-strict-prototypes -Wno-semicolon-before-method-body @/Users/runner/Library/Developer/Xcode/DerivedData/Reel-eksnidxqjeiwfnbzsppehnrbqtac/Build/Intermediates.noindex/ArchiveIntermediates/Reel/IntermediateBuildFilesPath/AMSMB2.build/Release-iphoneos/libsmb2.build/Objects-normal/arm64/7187679823f38a2a940e0043cdf9d637-common-args.resp -MMD -MT dependencies -MF /Users/runner/Library/Developer/Xcode/DerivedData/Reel-eksnidxqjeiwfnbzsppehnrbqtac/Build/Intermediates.noindex/ArchiveIntermediates/Reel/IntermediateBuildFilesPath/AMSMB2.build/Release-iphoneos/libsmb2.build/Objects-normal/arm64/smb2-cmd-flush.d --serialize-diagnostics /Users/runner/Library/Developer/Xcode/DerivedData/Reel-eksnidxqjeiwfnbzsppehnrbqtac/Build/Intermediates.noindex/ArchiveIntermediates/Reel/IntermediateBuildFilesPath/AMSMB2.build/Release-iphoneos/libsmb2.build/Objects-normal/arm64/smb2-cmd-flush.dia -c /Users/runner/work/reel/reel/Packages/AMSMB2/Dependencies/libsmb2/lib/smb2-cmd-flush.c -o /Users/runner/Library/Developer/Xcode/DerivedData/Reel-eksnidxqjeiwfnbzsppehnrbqtac/Build/Intermediates.noindex/ArchiveIntermediates/Reel/IntermediateBuildFilesPath/AMSMB2.build/Release-iphoneos/libsmb2.build/Objects-normal/arm64/smb2-cmd-flush.o

ScanDependencies /Users/runner/Library/Developer/Xcode/DerivedData/Reel-eksnidxqjeiwfnbzsppehnrbqtac/Build/Intermediates.noindex/ArchiveIntermediates/Reel/IntermediateBuildFilesPath/AMSMB2.build/Release-iphoneos/libsmb2.build/Objects-normal/arm64/smb2-cmd-error.o /Users/runner/work/reel/reel/Packages/AMSMB2/Dependencies/libsmb2/lib/smb2-cmd-error.c normal arm64 c com.apple.compilers.llvm.clang.1_0.compiler (in target 'libsmb2' from project 'AMSMB2')
    cd /Users/runner/work/reel/reel/Reel.xcodeproj
    
    Using response file: /Users/runner/Library/Developer/Xcode/DerivedData/Reel-eksnidxqjeiwfnbzsppehnrbqtac/Build/Intermediates.noindex/ArchiveIntermediates/Reel/IntermediateBuildFilesPath/AMSMB2.build/Release-iphoneos/libsmb2.build/Objects-normal/arm64/7187679823f38a2a940e0043cdf9d637-common-args.resp
    
    builtin-ScanDependencies -o /Users/runner/Library/Developer/Xcode/DerivedData/Reel-eksnidxqjeiwfnbzsppehnrbqtac/Build/Intermediates.noindex/ArchiveIntermediates/Reel/IntermediateBuildFilesPath/AMSMB2.build/Release-iphoneos/libsmb2.build/Objects-normal/arm64/smb2-cmd-error.o.scan -- /Applications/Xcode_26.6.app/Contents/Developer/Toolchains/XcodeDefault.xctoolchain/usr/bin/clang -x c -ivfsstatcache /Users/runner/Library/Developer/Xcode/DerivedData/SDKStatCaches.noindex/iphoneos26.5-23F81a-688ef53f1462e2c8f657fdc38a81448fee66e23052a0157c865c76b268046726.sdkstatcache -target arm64-apple-ios13.0 -fmessage-length\=0 -fdiagnostics-show-note-include-stack -fmacro-backtrace-limit\=0 -fno-color-diagnostics -fmodules-prune-interval\=86400 -fmodules-prune-after\=345600 -fbuild-session-file\=/Users/runner/Library/Developer/Xcode/DerivedData/ModuleCache.noindex/Session.modulevalidation -fmodules-validate-once-per-build-session -Wnon-modular-include-in-framework-module -Werror\=non-modular-include-in-framework-module -Wno-trigraphs -Wno-missing-field-initializers -Wno-missing-prototypes -Wno-return-type -Wno-missing-braces -Wparentheses -Wswitch -Wno-unused-function -Wno-unused-label -Wno-unused-parameter -Wno-unused-variable -Wunused-value -Wno-empty-body -Wno-uninitialized -Wno-unknown-pragmas -w -Wno-shadow -Wno-four-char-constants -Wno-conversion -Wno-constant-conversion -Wno-int-conversion -Wno-bool-conversion -Wno-enum-conversion -Wno-float-conversion -Wno-non-literal-null-conversion -Wno-objc-literal-conversion -Wshorten-64-to-32 -Wpointer-sign -Wno-newline-eof -Wno-implicit-fallthrough -isysroot /Applications/Xcode_26.6.app/Contents/Developer/Platforms/iPhoneOS.platform/Developer/SDKs/iPhoneOS26.5.sdk -fstrict-aliasing -Wdeprecated-declarations -Wno-sign-conversion -Wno-infinite-recursion -Wno-comma -Wno-block-capture-autoreleasing -Wno-strict-prototypes -Wno-semicolon-before-method-body @/Users/runner/Library/Developer/Xcode/DerivedData/Reel-eksnidxqjeiwfnbzsppehnrbqtac/Build/Intermediates.noindex/ArchiveIntermediates/Reel/IntermediateBuildFilesPath/AMSMB2.build/Release-iphoneos/libsmb2.build/Objects-normal/arm64/7187679823f38a2a940e0043cdf9d637-common-args.resp -MMD -MT dependencies -MF /Users/runner/Library/Developer/Xcode/DerivedData/Reel-eksnidxqjeiwfnbzsppehnrbqtac/Build/Intermediates.noindex/ArchiveIntermediates/Reel/IntermediateBuildFilesPath/AMSMB2.build/Release-iphoneos/libsmb2.build/Objects-normal/arm64/smb2-cmd-error.d --serialize-diagnostics /Users/runner/Library/Developer/Xcode/DerivedData/Reel-eksnidxqjeiwfnbzsppehnrbqtac/Build/Intermediates.noindex/ArchiveIntermediates/Reel/IntermediateBuildFilesPath/AMSMB2.build/Release-iphoneos/libsmb2.build/Objects-normal/arm64/smb2-cmd-error.dia -c /Users/runner/work/reel/reel/Packages/AMSMB2/Dependencies/libsmb2/lib/smb2-cmd-error.c -o /Users/runner/Library/Developer/Xcode/DerivedData/Reel-eksnidxqjeiwfnbzsppehnrbqtac/Build/Intermediates.noindex/ArchiveIntermediates/Reel/IntermediateBuildFilesPath/AMSMB2.build/Release-iphoneos/libsmb2.build/Objects-normal/arm64/smb2-cmd-error.o

SwiftExplicitDependencyGeneratePcm arm64 /Users/runner/Library/Developer/Xcode/DerivedData/Reel-eksnidxqjeiwfnbzsppehnrbqtac/Build/Intermediates.noindex/ArchiveIntermediates/Reel/IntermediateBuildFilesPath/SwiftExplicitPrecompiledModules/MobileVLCKit-D3AQ10E3O722FJNCF1G883PY1.pcm

ScanDependencies /Users/runner/Library/Developer/Xcode/DerivedData/Reel-eksnidxqjeiwfnbzsppehnrbqtac/Build/Intermediates.noindex/ArchiveIntermediates/Reel/IntermediateBuildFilesPath/AMSMB2.build/Release-iphoneos/libsmb2.build/Objects-normal/arm64/smb2-cmd-echo.o /Users/runner/work/reel/reel/Packages/AMSMB2/Dependencies/libsmb2/lib/smb2-cmd-echo.c normal arm64 c com.apple.compilers.llvm.clang.1_0.compiler (in target 'libsmb2' from project 'AMSMB2')
    cd /Users/runner/work/reel/reel/Reel.xcodeproj
    
    Using response file: /Users/runner/Library/Developer/Xcode/DerivedData/Reel-eksnidxqjeiwfnbzsppehnrbqtac/Build/Intermediates.noindex/ArchiveIntermediates/Reel/IntermediateBuildFilesPath/AMSMB2.build/Release-iphoneos/libsmb2.build/Objects-normal/arm64/7187679823f38a2a940e0043cdf9d637-common-args.resp
    
    builtin-ScanDependencies -o /Users/runner/Library/Developer/Xcode/DerivedData/Reel-eksnidxqjeiwfnbzsppehnrbqtac/Build/Intermediates.noindex/ArchiveIntermediates/Reel/IntermediateBuildFilesPath/AMSMB2.build/Release-iphoneos/libsmb2.build/Objects-normal/arm64/smb2-cmd-echo.o.scan -- /Applications/Xcode_26.6.app/Contents/Developer/Toolchains/XcodeDefault.xctoolchain/usr/bin/clang -x c -ivfsstatcache /Users/runner/Library/Developer/Xcode/DerivedData/SDKStatCaches.noindex/iphoneos26.5-23F81a-688ef53f1462e2c8f657fdc38a81448fee66e23052a0157c865c76b268046726.sdkstatcache -target arm64-apple-ios13.0 -fmessage-length\=0 -fdiagnostics-show-note-include-stack -fmacro-backtrace-limit\=0 -fno-color-diagnostics -fmodules-prune-interval\=86400 -fmodules-prune-after\=345600 -fbuild-session-file\=/Users/runner/Library/Developer/Xcode/DerivedData/ModuleCache.noindex/Session.modulevalidation -fmodules-validate-once-per-build-session -Wnon-modular-include-in-framework-module -Werror\=non-modular-include-in-framework-module -Wno-trigraphs -Wno-missing-field-initializers -Wno-missing-prototypes -Wno-return-type -Wno-missing-braces -Wparentheses -Wswitch -Wno-unused-function -Wno-unused-label -Wno-unused-parameter -Wno-unused-variable -Wunused-value -Wno-empty-body -Wno-uninitialized -Wno-unknown-pragmas -w -Wno-shadow -Wno-four-char-constants -Wno-conversion -Wno-constant-conversion -Wno-int-conversion -Wno-bool-conversion -Wno-enum-conversion -Wno-float-conversion -Wno-non-literal-null-conversion -Wno-objc-literal-conversion -Wshorten-64-to-32 -Wpointer-sign -Wno-newline-eof -Wno-implicit-fallthrough -isysroot /Applications/Xcode_26.6.app/Contents/Developer/Platforms/iPhoneOS.platform/Developer/SDKs/iPhoneOS26.5.sdk -fstrict-aliasing -Wdeprecated-declarations -Wno-sign-conversion -Wno-infinite-recursion -Wno-comma -Wno-block-capture-autoreleasing -Wno-strict-prototypes -Wno-semicolon-before-method-body @/Users/runner/Library/Developer/Xcode/DerivedData/Reel-eksnidxqjeiwfnbzsppehnrbqtac/Build/Intermediates.noindex/ArchiveIntermediates/Reel/IntermediateBuildFilesPath/AMSMB2.build/Release-iphoneos/libsmb2.build/Objects-normal/arm64/7187679823f38a2a940e0043cdf9d637-common-args.resp -MMD -MT dependencies -MF /Users/runner/Library/Developer/Xcode/DerivedData/Reel-eksnidxqjeiwfnbzsppehnrbqtac/Build/Intermediates.noindex/ArchiveIntermediates/Reel/IntermediateBuildFilesPath/AMSMB2.build/Release-iphoneos/libsmb2.build/Objects-normal/arm64/smb2-cmd-echo.d --serialize-diagnostics /Users/runner/Library/Developer/Xcode/DerivedData/Reel-eksnidxqjeiwfnbzsppehnrbqtac/Build/Intermediates.noindex/ArchiveIntermediates/Reel/IntermediateBuildFilesPath/AMSMB2.build/Release-iphoneos/libsmb2.build/Objects-normal/arm64/smb2-cmd-echo.dia -c /Users/runner/work/reel/reel/Packages/AMSMB2/Dependencies/libsmb2/lib/smb2-cmd-echo.c -o /Users/runner/Library/Developer/Xcode/DerivedData/Reel-eksnidxqjeiwfnbzsppehnrbqtac/Build/Intermediates.noindex/ArchiveIntermediates/Reel/IntermediateBuildFilesPath/AMSMB2.build/Release-iphoneos/libsmb2.build/Objects-normal/arm64/smb2-cmd-echo.o

CompileC /Users/runner/Library/Developer/Xcode/DerivedData/Reel-eksnidxqjeiwfnbzsppehnrbqtac/Build/Intermediates.noindex/ArchiveIntermediates/Reel/IntermediateBuildFilesPath/AMSMB2.build/Release-iphoneos/libsmb2.build/Objects-normal/arm64/smb2-cmd-error.o /Users/runner/work/reel/reel/Packages/AMSMB2/Dependencies/libsmb2/lib/smb2-cmd-error.c normal arm64 c com.apple.compilers.llvm.clang.1_0.compiler (in target 'libsmb2' from project 'AMSMB2')
    cd /Users/runner/work/reel/reel/Reel.xcodeproj
    
    Using response file: /Users/runner/Library/Developer/Xcode/DerivedData/Reel-eksnidxqjeiwfnbzsppehnrbqtac/Build/Intermediates.noindex/ArchiveIntermediates/Reel/IntermediateBuildFilesPath/AMSMB2.build/Release-iphoneos/libsmb2.build/Objects-normal/arm64/7187679823f38a2a940e0043cdf9d637-common-args.resp
    
    /Applications/Xcode_26.6.app/Contents/Developer/Toolchains/XcodeDefault.xctoolchain/usr/bin/clang -x c -ivfsstatcache /Users/runner/Library/Developer/Xcode/DerivedData/SDKStatCaches.noindex/iphoneos26.5-23F81a-688ef53f1462e2c8f657fdc38a81448fee66e23052a0157c865c76b268046726.sdkstatcache -target arm64-apple-ios13.0 -fmessage-length\=0 -fdiagnostics-show-note-include-stack -fmacro-backtrace-limit\=0 -fno-color-diagnostics -fmodules-prune-interval\=86400 -fmodules-prune-after\=345600 -fbuild-session-file\=/Users/runner/Library/Developer/Xcode/DerivedData/ModuleCache.noindex/Session.modulevalidation -fmodules-validate-once-per-build-session -Wnon-modular-include-in-framework-module -Werror\=non-modular-include-in-framework-module -Wno-trigraphs -Wno-missing-field-initializers -Wno-missing-prototypes -Wno-return-type -Wno-missing-braces -Wparentheses -Wswitch -Wno-unused-function -Wno-unused-label -Wno-unused-parameter -Wno-unused-variable -Wunused-value -Wno-empty-body -Wno-uninitialized -Wno-unknown-pragmas -w -Wno-shadow -Wno-four-char-constants -Wno-conversion -Wno-constant-conversion -Wno-int-conversion -Wno-bool-conversion -Wno-enum-conversion -Wno-float-conversion -Wno-non-literal-null-conversion -Wno-objc-literal-conversion -Wshorten-64-to-32 -Wpointer-sign -Wno-newline-eof -Wno-implicit-fallthrough -isysroot /Applications/Xcode_26.6.app/Contents/Developer/Platforms/iPhoneOS.platform/Developer/SDKs/iPhoneOS26.5.sdk -fstrict-aliasing -Wdeprecated-declarations -Wno-sign-conversion -Wno-infinite-recursion -Wno-comma -Wno-block-capture-autoreleasing -Wno-strict-prototypes -Wno-semicolon-before-method-body @/Users/runner/Library/Developer/Xcode/DerivedData/Reel-eksnidxqjeiwfnbzsppehnrbqtac/Build/Intermediates.noindex/ArchiveIntermediates/Reel/IntermediateBuildFilesPath/AMSMB2.build/Release-iphoneos/libsmb2.build/Objects-normal/arm64/7187679823f38a2a940e0043cdf9d637-common-args.resp -MMD -MT dependencies -MF /Users/runner/Library/Developer/Xcode/DerivedData/Reel-eksnidxqjeiwfnbzsppehnrbqtac/Build/Intermediates.noindex/ArchiveIntermediates/Reel/IntermediateBuildFilesPath/AMSMB2.build/Release-iphoneos/libsmb2.build/Objects-normal/arm64/smb2-cmd-error.d --serialize-diagnostics /Users/runner/Library/Developer/Xcode/DerivedData/Reel-eksnidxqjeiwfnbzsppehnrbqtac/Build/Intermediates.noindex/ArchiveIntermediates/Reel/IntermediateBuildFilesPath/AMSMB2.build/Release-iphoneos/libsmb2.build/Objects-normal/arm64/smb2-cmd-error.dia -c /Users/runner/work/reel/reel/Packages/AMSMB2/Dependencies/libsmb2/lib/smb2-cmd-error.c -o /Users/runner/Library/Developer/Xcode/DerivedData/Reel-eksnidxqjeiwfnbzsppehnrbqtac/Build/Intermediates.noindex/ArchiveIntermediates/Reel/IntermediateBuildFilesPath/AMSMB2.build/Release-iphoneos/libsmb2.build/Objects-normal/arm64/smb2-cmd-error.o

CompileC /Users/runner/Library/Developer/Xcode/DerivedData/Reel-eksnidxqjeiwfnbzsppehnrbqtac/Build/Intermediates.noindex/ArchiveIntermediates/Reel/IntermediateBuildFilesPath/AMSMB2.build/Release-iphoneos/libsmb2.build/Objects-normal/arm64/smb2-cmd-echo.o /Users/runner/work/reel/reel/Packages/AMSMB2/Dependencies/libsmb2/lib/smb2-cmd-echo.c normal arm64 c com.apple.compilers.llvm.clang.1_0.compiler (in target 'libsmb2' from project 'AMSMB2')
    cd /Users/runner/work/reel/reel/Reel.xcodeproj
    
    Using response file: /Users/runner/Library/Developer/Xcode/DerivedData/Reel-eksnidxqjeiwfnbzsppehnrbqtac/Build/Intermediates.noindex/ArchiveIntermediates/Reel/IntermediateBuildFilesPath/AMSMB2.build/Release-iphoneos/libsmb2.build/Objects-normal/arm64/7187679823f38a2a940e0043cdf9d637-common-args.resp
    
    /Applications/Xcode_26.6.app/Contents/Developer/Toolchains/XcodeDefault.xctoolchain/usr/bin/clang -x c -ivfsstatcache /Users/runner/Library/Developer/Xcode/DerivedData/SDKStatCaches.noindex/iphoneos26.5-23F81a-688ef53f1462e2c8f657fdc38a81448fee66e23052a0157c865c76b268046726.sdkstatcache -target arm64-apple-ios13.0 -fmessage-length\=0 -fdiagnostics-show-note-include-stack -fmacro-backtrace-limit\=0 -fno-color-diagnostics -fmodules-prune-interval\=86400 -fmodules-prune-after\=345600 -fbuild-session-file\=/Users/runner/Library/Developer/Xcode/DerivedData/ModuleCache.noindex/Session.modulevalidation -fmodules-validate-once-per-build-session -Wnon-modular-include-in-framework-module -Werror\=non-modular-include-in-framework-module -Wno-trigraphs -Wno-missing-field-initializers -Wno-missing-prototypes -Wno-return-type -Wno-missing-braces -Wparentheses -Wswitch -Wno-unused-function -Wno-unused-label -Wno-unused-parameter -Wno-unused-variable -Wunused-value -Wno-empty-body -Wno-uninitialized -Wno-unknown-pragmas -w -Wno-shadow -Wno-four-char-constants -Wno-conversion -Wno-constant-conversion -Wno-int-conversion -Wno-bool-conversion -Wno-enum-conversion -Wno-float-conversion -Wno-non-literal-null-conversion -Wno-objc-literal-conversion -Wshorten-64-to-32 -Wpointer-sign -Wno-newline-eof -Wno-implicit-fallthrough -isysroot /Applications/Xcode_26.6.app/Contents/Developer/Platforms/iPhoneOS.platform/Developer/SDKs/iPhoneOS26.5.sdk -fstrict-aliasing -Wdeprecated-declarations -Wno-sign-conversion -Wno-infinite-recursion -Wno-comma -Wno-block-capture-autoreleasing -Wno-strict-prototypes -Wno-semicolon-before-method-body @/Users/runner/Library/Developer/Xcode/DerivedData/Reel-eksnidxqjeiwfnbzsppehnrbqtac/Build/Intermediates.noindex/ArchiveIntermediates/Reel/IntermediateBuildFilesPath/AMSMB2.build/Release-iphoneos/libsmb2.build/Objects-normal/arm64/7187679823f38a2a940e0043cdf9d637-common-args.resp -MMD -MT dependencies -MF /Users/runner/Library/Developer/Xcode/DerivedData/Reel-eksnidxqjeiwfnbzsppehnrbqtac/Build/Intermediates.noindex/ArchiveIntermediates/Reel/IntermediateBuildFilesPath/AMSMB2.build/Release-iphoneos/libsmb2.build/Objects-normal/arm64/smb2-cmd-echo.d --serialize-diagnostics /Users/runner/Library/Developer/Xcode/DerivedData/Reel-eksnidxqjeiwfnbzsppehnrbqtac/Build/Intermediates.noindex/ArchiveIntermediates/Reel/IntermediateBuildFilesPath/AMSMB2.build/Release-iphoneos/libsmb2.build/Objects-normal/arm64/smb2-cmd-echo.dia -c /Users/runner/work/reel/reel/Packages/AMSMB2/Dependencies/libsmb2/lib/smb2-cmd-echo.c -o /Users/runner/Library/Developer/Xcode/DerivedData/Reel-eksnidxqjeiwfnbzsppehnrbqtac/Build/Intermediates.noindex/ArchiveIntermediates/Reel/IntermediateBuildFilesPath/AMSMB2.build/Release-iphoneos/libsmb2.build/Objects-normal/arm64/smb2-cmd-echo.o

ScanDependencies /Users/runner/Library/Developer/Xcode/DerivedData/Reel-eksnidxqjeiwfnbzsppehnrbqtac/Build/Intermediates.noindex/ArchiveIntermediates/Reel/IntermediateBuildFilesPath/AMSMB2.build/Release-iphoneos/libsmb2.build/Objects-normal/arm64/smb2-cmd-create.o /Users/runner/work/reel/reel/Packages/AMSMB2/Dependencies/libsmb2/lib/smb2-cmd-create.c normal arm64 c com.apple.compilers.llvm.clang.1_0.compiler (in target 'libsmb2' from project 'AMSMB2')
    cd /Users/runner/work/reel/reel/Reel.xcodeproj
    
    Using response file: /Users/runner/Library/Developer/Xcode/DerivedData/Reel-eksnidxqjeiwfnbzsppehnrbqtac/Build/Intermediates.noindex/ArchiveIntermediates/Reel/IntermediateBuildFilesPath/AMSMB2.build/Release-iphoneos/libsmb2.build/Objects-normal/arm64/7187679823f38a2a940e0043cdf9d637-common-args.resp
    
    builtin-ScanDependencies -o /Users/runner/Library/Developer/Xcode/DerivedData/Reel-eksnidxqjeiwfnbzsppehnrbqtac/Build/Intermediates.noindex/ArchiveIntermediates/Reel/IntermediateBuildFilesPath/AMSMB2.build/Release-iphoneos/libsmb2.build/Objects-normal/arm64/smb2-cmd-create.o.scan -- /Applications/Xcode_26.6.app/Contents/Developer/Toolchains/XcodeDefault.xctoolchain/usr/bin/clang -x c -ivfsstatcache /Users/runner/Library/Developer/Xcode/DerivedData/SDKStatCaches.noindex/iphoneos26.5-23F81a-688ef53f1462e2c8f657fdc38a81448fee66e23052a0157c865c76b268046726.sdkstatcache -target arm64-apple-ios13.0 -fmessage-length\=0 -fdiagnostics-show-note-include-stack -fmacro-backtrace-limit\=0 -fno-color-diagnostics -fmodules-prune-interval\=86400 -fmodules-prune-after\=345600 -fbuild-session-file\=/Users/runner/Library/Developer/Xcode/DerivedData/ModuleCache.noindex/Session.modulevalidation -fmodules-validate-once-per-build-session -Wnon-modular-include-in-framework-module -Werror\=non-modular-include-in-framework-module -Wno-trigraphs -Wno-missing-field-initializers -Wno-missing-prototypes -Wno-return-type -Wno-missing-braces -Wparentheses -Wswitch -Wno-unused-function -Wno-unused-label -Wno-unused-parameter -Wno-unused-variable -Wunused-value -Wno-empty-body -Wno-uninitialized -Wno-unknown-pragmas -w -Wno-shadow -Wno-four-char-constants -Wno-conversion -Wno-constant-conversion -Wno-int-conversion -Wno-bool-conversion -Wno-enum-conversion -Wno-float-conversion -Wno-non-literal-null-conversion -Wno-objc-literal-conversion -Wshorten-64-to-32 -Wpointer-sign -Wno-newline-eof -Wno-implicit-fallthrough -isysroot /Applications/Xcode_26.6.app/Contents/Developer/Platforms/iPhoneOS.platform/Developer/SDKs/iPhoneOS26.5.sdk -fstrict-aliasing -Wdeprecated-declarations -Wno-sign-conversion -Wno-infinite-recursion -Wno-comma -Wno-block-capture-autoreleasing -Wno-strict-prototypes -Wno-semicolon-before-method-body @/Users/runner/Library/Developer/Xcode/DerivedData/Reel-eksnidxqjeiwfnbzsppehnrbqtac/Build/Intermediates.noindex/ArchiveIntermediates/Reel/IntermediateBuildFilesPath/AMSMB2.build/Release-iphoneos/libsmb2.build/Objects-normal/arm64/7187679823f38a2a940e0043cdf9d637-common-args.resp -MMD -MT dependencies -MF /Users/runner/Library/Developer/Xcode/DerivedData/Reel-eksnidxqjeiwfnbzsppehnrbqtac/Build/Intermediates.noindex/ArchiveIntermediates/Reel/IntermediateBuildFilesPath/AMSMB2.build/Release-iphoneos/libsmb2.build/Objects-normal/arm64/smb2-cmd-create.d --serialize-diagnostics /Users/runner/Library/Developer/Xcode/DerivedData/Reel-eksnidxqjeiwfnbzsppehnrbqtac/Build/Intermediates.noindex/ArchiveIntermediates/Reel/IntermediateBuildFilesPath/AMSMB2.build/Release-iphoneos/libsmb2.build/Objects-normal/arm64/smb2-cmd-create.dia -c /Users/runner/work/reel/reel/Packages/AMSMB2/Dependencies/libsmb2/lib/smb2-cmd-create.c -o /Users/runner/Library/Developer/Xcode/DerivedData/Reel-eksnidxqjeiwfnbzsppehnrbqtac/Build/Intermediates.noindex/ArchiveIntermediates/Reel/IntermediateBuildFilesPath/AMSMB2.build/Release-iphoneos/libsmb2.build/Objects-normal/arm64/smb2-cmd-create.o

ScanDependencies /Users/runner/Library/Developer/Xcode/DerivedData/Reel-eksnidxqjeiwfnbzsppehnrbqtac/Build/Intermediates.noindex/ArchiveIntermediates/Reel/IntermediateBuildFilesPath/AMSMB2.build/Release-iphoneos/libsmb2.build/Objects-normal/arm64/smb2-cmd-close.o /Users/runner/work/reel/reel/Packages/AMSMB2/Dependencies/libsmb2/lib/smb2-cmd-close.c normal arm64 c com.apple.compilers.llvm.clang.1_0.compiler (in target 'libsmb2' from project 'AMSMB2')
    cd /Users/runner/work/reel/reel/Reel.xcodeproj
    
    Using response file: /Users/runner/Library/Developer/Xcode/DerivedData/Reel-eksnidxqjeiwfnbzsppehnrbqtac/Build/Intermediates.noindex/ArchiveIntermediates/Reel/IntermediateBuildFilesPath/AMSMB2.build/Release-iphoneos/libsmb2.build/Objects-normal/arm64/7187679823f38a2a940e0043cdf9d637-common-args.resp
    
    builtin-ScanDependencies -o /Users/runner/Library/Developer/Xcode/DerivedData/Reel-eksnidxqjeiwfnbzsppehnrbqtac/Build/Intermediates.noindex/ArchiveIntermediates/Reel/IntermediateBuildFilesPath/AMSMB2.build/Release-iphoneos/libsmb2.build/Objects-normal/arm64/smb2-cmd-close.o.scan -- /Applications/Xcode_26.6.app/Contents/Developer/Toolchains/XcodeDefault.xctoolchain/usr/bin/clang -x c -ivfsstatcache /Users/runner/Library/Developer/Xcode/DerivedData/SDKStatCaches.noindex/iphoneos26.5-23F81a-688ef53f1462e2c8f657fdc38a81448fee66e23052a0157c865c76b268046726.sdkstatcache -target arm64-apple-ios13.0 -fmessage-length\=0 -fdiagnostics-show-note-include-stack -fmacro-backtrace-limit\=0 -fno-color-diagnostics -fmodules-prune-interval\=86400 -fmodules-prune-after\=345600 -fbuild-session-file\=/Users/runner/Library/Developer/Xcode/DerivedData/ModuleCache.noindex/Session.modulevalidation -fmodules-validate-once-per-build-session -Wnon-modular-include-in-framework-module -Werror\=non-modular-include-in-framework-module -Wno-trigraphs -Wno-missing-field-initializers -Wno-missing-prototypes -Wno-return-type -Wno-missing-braces -Wparentheses -Wswitch -Wno-unused-function -Wno-unused-label -Wno-unused-parameter -Wno-unused-variable -Wunused-value -Wno-empty-body -Wno-uninitialized -Wno-unknown-pragmas -w -Wno-shadow -Wno-four-char-constants -Wno-conversion -Wno-constant-conversion -Wno-int-conversion -Wno-bool-conversion -Wno-enum-conversion -Wno-float-conversion -Wno-non-literal-null-conversion -Wno-objc-literal-conversion -Wshorten-64-to-32 -Wpointer-sign -Wno-newline-eof -Wno-implicit-fallthrough -isysroot /Applications/Xcode_26.6.app/Contents/Developer/Platforms/iPhoneOS.platform/Developer/SDKs/iPhoneOS26.5.sdk -fstrict-aliasing -Wdeprecated-declarations -Wno-sign-conversion -Wno-infinite-recursion -Wno-comma -Wno-block-capture-autoreleasing -Wno-strict-prototypes -Wno-semicolon-before-method-body @/Users/runner/Library/Developer/Xcode/DerivedData/Reel-eksnidxqjeiwfnbzsppehnrbqtac/Build/Intermediates.noindex/ArchiveIntermediates/Reel/IntermediateBuildFilesPath/AMSMB2.build/Release-iphoneos/libsmb2.build/Objects-normal/arm64/7187679823f38a2a940e0043cdf9d637-common-args.resp -MMD -MT dependencies -MF /Users/runner/Library/Developer/Xcode/DerivedData/Reel-eksnidxqjeiwfnbzsppehnrbqtac/Build/Intermediates.noindex/ArchiveIntermediates/Reel/IntermediateBuildFilesPath/AMSMB2.build/Release-iphoneos/libsmb2.build/Objects-normal/arm64/smb2-cmd-close.d --serialize-diagnostics /Users/runner/Library/Developer/Xcode/DerivedData/Reel-eksnidxqjeiwfnbzsppehnrbqtac/Build/Intermediates.noindex/ArchiveIntermediates/Reel/IntermediateBuildFilesPath/AMSMB2.build/Release-iphoneos/libsmb2.build/Objects-normal/arm64/smb2-cmd-close.dia -c /Users/runner/work/reel/reel/Packages/AMSMB2/Dependencies/libsmb2/lib/smb2-cmd-close.c -o /Users/runner/Library/Developer/Xcode/DerivedData/Reel-eksnidxqjeiwfnbzsppehnrbqtac/Build/Intermediates.noindex/ArchiveIntermediates/Reel/IntermediateBuildFilesPath/AMSMB2.build/Release-iphoneos/libsmb2.build/Objects-normal/arm64/smb2-cmd-close.o

CompileC /Users/runner/Library/Developer/Xcode/DerivedData/Reel-eksnidxqjeiwfnbzsppehnrbqtac/Build/Intermediates.noindex/ArchiveIntermediates/Reel/IntermediateBuildFilesPath/AMSMB2.build/Release-iphoneos/libsmb2.build/Objects-normal/arm64/smb2-cmd-create.o /Users/runner/work/reel/reel/Packages/AMSMB2/Dependencies/libsmb2/lib/smb2-cmd-create.c normal arm64 c com.apple.compilers.llvm.clang.1_0.compiler (in target 'libsmb2' from project 'AMSMB2')
    cd /Users/runner/work/reel/reel/Reel.xcodeproj
    
    Using response file: /Users/runner/Library/Developer/Xcode/DerivedData/Reel-eksnidxqjeiwfnbzsppehnrbqtac/Build/Intermediates.noindex/ArchiveIntermediates/Reel/IntermediateBuildFilesPath/AMSMB2.build/Release-iphoneos/libsmb2.build/Objects-normal/arm64/7187679823f38a2a940e0043cdf9d637-common-args.resp
    
    /Applications/Xcode_26.6.app/Contents/Developer/Toolchains/XcodeDefault.xctoolchain/usr/bin/clang -x c -ivfsstatcache /Users/runner/Library/Developer/Xcode/DerivedData/SDKStatCaches.noindex/iphoneos26.5-23F81a-688ef53f1462e2c8f657fdc38a81448fee66e23052a0157c865c76b268046726.sdkstatcache -target arm64-apple-ios13.0 -fmessage-length\=0 -fdiagnostics-show-note-include-stack -fmacro-backtrace-limit\=0 -fno-color-diagnostics -fmodules-prune-interval\=86400 -fmodules-prune-after\=345600 -fbuild-session-file\=/Users/runner/Library/Developer/Xcode/DerivedData/ModuleCache.noindex/Session.modulevalidation -fmodules-validate-once-per-build-session -Wnon-modular-include-in-framework-module -Werror\=non-modular-include-in-framework-module -Wno-trigraphs -Wno-missing-field-initializers -Wno-missing-prototypes -Wno-return-type -Wno-missing-braces -Wparentheses -Wswitch -Wno-unused-function -Wno-unused-label -Wno-unused-parameter -Wno-unused-variable -Wunused-value -Wno-empty-body -Wno-uninitialized -Wno-unknown-pragmas -w -Wno-shadow -Wno-four-char-constants -Wno-conversion -Wno-constant-conversion -Wno-int-conversion -Wno-bool-conversion -Wno-enum-conversion -Wno-float-conversion -Wno-non-literal-null-conversion -Wno-objc-literal-conversion -Wshorten-64-to-32 -Wpointer-sign -Wno-newline-eof -Wno-implicit-fallthrough -isysroot /Applications/Xcode_26.6.app/Contents/Developer/Platforms/iPhoneOS.platform/Developer/SDKs/iPhoneOS26.5.sdk -fstrict-aliasing -Wdeprecated-declarations -Wno-sign-conversion -Wno-infinite-recursion -Wno-comma -Wno-block-capture-autoreleasing -Wno-strict-prototypes -Wno-semicolon-before-method-body @/Users/runner/Library/Developer/Xcode/DerivedData/Reel-eksnidxqjeiwfnbzsppehnrbqtac/Build/Intermediates.noindex/ArchiveIntermediates/Reel/IntermediateBuildFilesPath/AMSMB2.build/Release-iphoneos/libsmb2.build/Objects-normal/arm64/7187679823f38a2a940e0043cdf9d637-common-args.resp -MMD -MT dependencies -MF /Users/runner/Library/Developer/Xcode/DerivedData/Reel-eksnidxqjeiwfnbzsppehnrbqtac/Build/Intermediates.noindex/ArchiveIntermediates/Reel/IntermediateBuildFilesPath/AMSMB2.build/Release-iphoneos/libsmb2.build/Objects-normal/arm64/smb2-cmd-create.d --serialize-diagnostics /Users/runner/Library/Developer/Xcode/DerivedData/Reel-eksnidxqjeiwfnbzsppehnrbqtac/Build/Intermediates.noindex/ArchiveIntermediates/Reel/IntermediateBuildFilesPath/AMSMB2.build/Release-iphoneos/libsmb2.build/Objects-normal/arm64/smb2-cmd-create.dia -c /Users/runner/work/reel/reel/Packages/AMSMB2/Dependencies/libsmb2/lib/smb2-cmd-create.c -o /Users/runner/Library/Developer/Xcode/DerivedData/Reel-eksnidxqjeiwfnbzsppehnrbqtac/Build/Intermediates.noindex/ArchiveIntermediates/Reel/IntermediateBuildFilesPath/AMSMB2.build/Release-iphoneos/libsmb2.build/Objects-normal/arm64/smb2-cmd-create.o

CompileC /Users/runner/Library/Developer/Xcode/DerivedData/Reel-eksnidxqjeiwfnbzsppehnrbqtac/Build/Intermediates.noindex/ArchiveIntermediates/Reel/IntermediateBuildFilesPath/AMSMB2.build/Release-iphoneos/libsmb2.build/Objects-normal/arm64/smb2-cmd-close.o /Users/runner/work/reel/reel/Packages/AMSMB2/Dependencies/libsmb2/lib/smb2-cmd-close.c normal arm64 c com.apple.compilers.llvm.clang.1_0.compiler (in target 'libsmb2' from project 'AMSMB2')
    cd /Users/runner/work/reel/reel/Reel.xcodeproj
    
    Using response file: /Users/runner/Library/Developer/Xcode/DerivedData/Reel-eksnidxqjeiwfnbzsppehnrbqtac/Build/Intermediates.noindex/ArchiveIntermediates/Reel/IntermediateBuildFilesPath/AMSMB2.build/Release-iphoneos/libsmb2.build/Objects-normal/arm64/7187679823f38a2a940e0043cdf9d637-common-args.resp
    
    /Applications/Xcode_26.6.app/Contents/Developer/Toolchains/XcodeDefault.xctoolchain/usr/bin/clang -x c -ivfsstatcache /Users/runner/Library/Developer/Xcode/DerivedData/SDKStatCaches.noindex/iphoneos26.5-23F81a-688ef53f1462e2c8f657fdc38a81448fee66e23052a0157c865c76b268046726.sdkstatcache -target arm64-apple-ios13.0 -fmessage-length\=0 -fdiagnostics-show-note-include-stack -fmacro-backtrace-limit\=0 -fno-color-diagnostics -fmodules-prune-interval\=86400 -fmodules-prune-after\=345600 -fbuild-session-file\=/Users/runner/Library/Developer/Xcode/DerivedData/ModuleCache.noindex/Session.modulevalidation -fmodules-validate-once-per-build-session -Wnon-modular-include-in-framework-module -Werror\=non-modular-include-in-framework-module -Wno-trigraphs -Wno-missing-field-initializers -Wno-missing-prototypes -Wno-return-type -Wno-missing-braces -Wparentheses -Wswitch -Wno-unused-function -Wno-unused-label -Wno-unused-parameter -Wno-unused-variable -Wunused-value -Wno-empty-body -Wno-uninitialized -Wno-unknown-pragmas -w -Wno-shadow -Wno-four-char-constants -Wno-conversion -Wno-constant-conversion -Wno-int-conversion -Wno-bool-conversion -Wno-enum-conversion -Wno-float-conversion -Wno-non-literal-null-conversion -Wno-objc-literal-conversion -Wshorten-64-to-32 -Wpointer-sign -Wno-newline-eof -Wno-implicit-fallthrough -isysroot /Applications/Xcode_26.6.app/Contents/Developer/Platforms/iPhoneOS.platform/Developer/SDKs/iPhoneOS26.5.sdk -fstrict-aliasing -Wdeprecated-declarations -Wno-sign-conversion -Wno-infinite-recursion -Wno-comma -Wno-block-capture-autoreleasing -Wno-strict-prototypes -Wno-semicolon-before-method-body @/Users/runner/Library/Developer/Xcode/DerivedData/Reel-eksnidxqjeiwfnbzsppehnrbqtac/Build/Intermediates.noindex/ArchiveIntermediates/Reel/IntermediateBuildFilesPath/AMSMB2.build/Release-iphoneos/libsmb2.build/Objects-normal/arm64/7187679823f38a2a940e0043cdf9d637-common-args.resp -MMD -MT dependencies -MF /Users/runner/Library/Developer/Xcode/DerivedData/Reel-eksnidxqjeiwfnbzsppehnrbqtac/Build/Intermediates.noindex/ArchiveIntermediates/Reel/IntermediateBuildFilesPath/AMSMB2.build/Release-iphoneos/libsmb2.build/Objects-normal/arm64/smb2-cmd-close.d --serialize-diagnostics /Users/runner/Library/Developer/Xcode/DerivedData/Reel-eksnidxqjeiwfnbzsppehnrbqtac/Build/Intermediates.noindex/ArchiveIntermediates/Reel/IntermediateBuildFilesPath/AMSMB2.build/Release-iphoneos/libsmb2.build/Objects-normal/arm64/smb2-cmd-close.dia -c /Users/runner/work/reel/reel/Packages/AMSMB2/Dependencies/libsmb2/lib/smb2-cmd-close.c -o /Users/runner/Library/Developer/Xcode/DerivedData/Reel-eksnidxqjeiwfnbzsppehnrbqtac/Build/Intermediates.noindex/ArchiveIntermediates/Reel/IntermediateBuildFilesPath/AMSMB2.build/Release-iphoneos/libsmb2.build/Objects-normal/arm64/smb2-cmd-close.o

SwiftCompile normal arm64 Compiling\ VLCKit.swift /Users/runner/work/reel/reel/.spm/checkouts/vlckit-spm/Sources/VLCKitSPM/VLCKit.swift /Applications/Xcode_26.6.app/Contents/Developer/Toolchains/XcodeDefault.xctoolchain/usr/lib/swift/iphoneos/prebuilt-modules/26.5/UIKit.swiftmodule/arm64e-apple-ios.swiftmodule /Applications/Xcode_26.6.app/Contents/Developer/Toolchains/XcodeDefault.xctoolchain/usr/lib/swift/iphoneos/prebuilt-modules/26.5/SwiftUICore.swiftmodule/arm64e-apple-ios.swiftmodule /Applications/Xcode_26.6.app/Contents/Developer/Toolchains/XcodeDefault.xctoolchain/usr/lib/swift/iphoneos/prebuilt-modules/26.5/CoreImage.swiftmodule/arm64e-apple-ios.swiftmodule /Applications/Xcode_26.6.app/Contents/Developer/Toolchains/XcodeDefault.xctoolchain/usr/lib/swift/iphoneos/prebuilt-modules/26.5/Metal.swiftmodule/arm64e-apple-ios.swiftmodule /Applications/Xcode_26.6.app/Contents/Developer/Toolchains/XcodeDefault.xctoolchain/usr/lib/swift/iphoneos/prebuilt-modules/26.5/_DarwinFoundation3.swiftmodule/arm64e-apple-ios.swiftmodule /Applications/Xcode_26.6.app/Contents/Developer/Toolchains/XcodeDefault.xctoolchain/usr/lib/swift/iphoneos/prebuilt-modules/26.5/CoreTransferable.swiftmodule/arm64e-apple-ios.swiftmodule /Applications/Xcode_26.6.app/Contents/Developer/Toolchains/XcodeDefault.xctoolchain/usr/lib/swift/iphoneos/prebuilt-modules/26.5/QuartzCore.swiftmodule/arm64e-apple-ios.swiftmodule /Applications/Xcode_26.6.app/Contents/Developer/Toolchains/XcodeDefault.xctoolchain/usr/lib/swift/iphoneos/prebuilt-modules/26.5/os.swiftmodule/arm64e-apple-ios.swiftmodule /Applications/Xcode_26.6.app/Contents/Developer/Toolchains/XcodeDefault.xctoolchain/usr/lib/swift/iphoneos/prebuilt-modules/26.5/CoreText.swiftmodule/arm64e-apple-ios.swiftmodule /Applications/Xcode_26.6.app/Contents/Developer/Toolchains/XcodeDefault.xctoolchain/usr/lib/swift/iphoneos/prebuilt-modules/26.5/_StringProcessing.swiftmodule/arm64e-apple-ios.swiftmodule /Applications/Xcode_26.6.app/Contents/Developer/Toolchains/XcodeDefault.xctoolchain/usr/lib/swift/iphoneos/prebuilt-modules/26.5/OSLog.swiftmodule/arm64e-apple-ios.swiftmodule /Applications/Xcode_26.6.app/Contents/Developer/Toolchains/XcodeDefault.xctoolchain/usr/lib/swift/iphoneos/prebuilt-modules/26.5/ObjectiveC.swiftmodule/arm64e-apple-ios.swiftmodule /Applications/Xcode_26.6.app/Contents/Developer/Toolchains/XcodeDefault.xctoolchain/usr/lib/swift/iphoneos/prebuilt-modules/26.5/_Builtin_float.swiftmodule/arm64e-apple-ios.swiftmodule /Applications/Xcode_26.6.app/Contents/Developer/Toolchains/XcodeDefault.xctoolchain/usr/lib/swift/iphoneos/prebuilt-modules/26.5/Foundation.swiftmodule/arm64e-apple-ios.swiftmodule /Applications/Xcode_26.6.app/Contents/Developer/Toolchains/XcodeDefault.xctoolchain/usr/lib/swift/iphoneos/prebuilt-modules/26.5/simd.swiftmodule/arm64e-apple-ios.swiftmodule /Applications/Xcode_26.6.app/Contents/Developer/Toolchains/XcodeDefault.xctoolchain/usr/lib/swift/iphoneos/prebuilt-modules/26.5/DeveloperToolsSupport.swiftmodule/arm64e-apple-ios.swiftmodule /Applications/Xcode_26.6.app/Contents/Developer/Toolchains/XcodeDefault.xctoolchain/usr/lib/swift/iphoneos/prebuilt-modules/26.5/Swift.swiftmodule/arm64e-apple-ios.swiftmodule /Applications/Xcode_26.6.app/Contents/Developer/Toolchains/XcodeDefault.xctoolchain/usr/lib/swift/iphoneos/prebuilt-modules/26.5/Spatial.swiftmodule/arm64e-apple-ios.swiftmodule /Applications/Xcode_26.6.app/Contents/Developer/Toolchains/XcodeDefault.xctoolchain/usr/lib/swift/iphoneos/prebuilt-modules/26.5/_Concurrency.swiftmodule/arm64e-apple-ios.swiftmodule /Applications/Xcode_26.6.app/Contents/Developer/Toolchains/XcodeDefault.xctoolchain/usr/lib/swift/iphoneos/prebuilt-modules/26.5/_DarwinFoundation2.swiftmodule/arm64e-apple-ios.swiftmodule /Applications/Xcode_26.6.app/Contents/Developer/Toolchains/XcodeDefault.xctoolchain/usr/lib/swift/iphoneos/prebuilt-modules/26.5/FileProvider.swiftmodule/arm64e-apple-ios.swiftmodule /Applications/Xcode_26.6.app/Contents/Developer/Toolchains/XcodeDefault.xctoolchain/usr/lib/swift/iphoneos/prebuilt-modules/26.5/System.swiftmodule/arm64e-apple-ios.swiftmodule /Applications/Xcode_26.6.app/Contents/Developer/Toolchains/XcodeDefault.xctoolchain/usr/lib/swift/iphoneos/prebuilt-modules/26.5/CoreVideo.swiftmodule/arm64e-apple-ios.swiftmodule /Applications/Xcode_26.6.app/Contents/Developer/Toolchains/XcodeDefault.xctoolchain/usr/lib/swift/iphoneos/prebuilt-modules/26.5/Observation.swiftmodule/arm64e-apple-ios.swiftmodule /Applications/Xcode_26.6.app/Contents/Developer/Toolchains/XcodeDefault.xctoolchain/usr/lib/swift/iphoneos/prebuilt-modules/26.5/Symbols.swiftmodule/arm64e-apple-ios.swiftmodule /Applications/Xcode_26.6.app/Contents/Developer/Toolchains/XcodeDefault.xctoolchain/usr/lib/swift/iphoneos/prebuilt-modules/26.5/Dispatch.swiftmodule/arm64e-apple-ios.swiftmodule /Applications/Xcode_26.6.app/Contents/Developer/Toolchains/XcodeDefault.xctoolchain/usr/lib/swift/iphoneos/prebuilt-modules/26.5/Accessibility.swiftmodule/arm64e-apple-ios.swiftmodule /Applications/Xcode_26.6.app/Contents/Developer/Toolchains/XcodeDefault.xctoolchain/usr/lib/swift/iphoneos/prebuilt-modules/26.5/UniformTypeIdentifiers.swiftmodule/arm64e-apple-ios.swiftmodule /Applications/Xcode_26.6.app/Contents/Developer/Toolchains/XcodeDefault.xctoolchain/usr/lib/swift/iphoneos/prebuilt-modules/26.5/_DarwinFoundation1.swiftmodule/arm64e-apple-ios.swiftmodule /Applications/Xcode_26.6.app/Contents/Developer/Toolchains/XcodeDefault.xctoolchain/usr/lib/swift/iphoneos/prebuilt-modules/26.5/CoreFoundation.swiftmodule/arm64e-apple-ios.swiftmodule /Applications/Xcode_26.6.app/Contents/Developer/Toolchains/XcodeDefault.xctoolchain/usr/lib/swift/iphoneos/prebuilt-modules/26.5/Combine.swiftmodule/arm64e-apple-ios.swiftmodule /Applications/Xcode_26.6.app/Contents/Developer/Toolchains/XcodeDefault.xctoolchain/usr/lib/swift/iphoneos/prebuilt-modules/26.5/Darwin.swiftmodule/arm64e-apple-ios.swiftmodule /Applications/Xcode_26.6.app/Contents/Developer/Toolchains/XcodeDefault.xctoolchain/usr/lib/swift/iphoneos/prebuilt-modules/26.5/XPC.swiftmodule/arm64e-apple-ios.swiftmodule /Applications/Xcode_26.6.app/Contents/Developer/Toolchains/XcodeDefault.xctoolchain/usr/lib/swift/iphoneos/prebuilt-modules/26.5/CoreGraphics.swiftmodule/arm64e-apple-ios.swiftmodule /Applications/Xcode_26.6.app/Contents/Developer/Toolchains/XcodeDefault.xctoolchain/usr/lib/swift/iphoneos/prebuilt-modules/26.5/DataDetection.swiftmodule/arm64e-apple-ios.swiftmodule /Users/runner/Library/Developer/Xcode/DerivedData/ModuleCache.noindex/_Builtin_stdbool-77FQHXEDHJJ5LR78OJZFL3ESV.pcm /Users/runner/Library/Developer/Xcode/DerivedData/ModuleCache.noindex/SwiftUICore-7CJ5QMFTX3QZ4QAJ0PIGDU3PL.pcm /Users/runner/Library/Developer/Xcode/DerivedData/ModuleCache.noindex/CoreText-EKXNGX9U3WB0W213YT81IPTTA.pcm /Users/runner/Library/Developer/Xcode/DerivedData/ModuleCache.noindex/Symbols-EU19KAZCK6D0C0JUPLFLKQ44.pcm /Users/runner/Library/Developer/Xcode/DerivedData/ModuleCache.noindex/_Builtin_intrinsics-DMARYMBXXGZM0Q38TZZMOQW8D.pcm /Users/runner/Library/Developer/Xcode/DerivedData/ModuleCache.noindex/UIKit-9PXRQO9029TZGQ4N5I4YN6IVY.pcm /Users/runner/Library/Developer/Xcode/DerivedData/ModuleCache.noindex/ObjectiveC-3CV5H2N98APNDCIC5G1BTGC4R.pcm /Users/runner/Library/Developer/Xcode/DerivedData/ModuleCache.noindex/Spatial-4LZYHS7445WDR47UCVNCXV4LK.pcm /Users/runner/Library/Developer/Xcode/DerivedData/ModuleCache.noindex/Security-52QF9RH27YX0RP9EB9DW6J6ER.pcm /Users/runner/Library/Developer/Xcode/DerivedData/ModuleCache.noindex/_Builtin_limits-8GAG1SMFSA3JGYHE8DFCLSKBW.pcm /Users/runner/Library/Developer/Xcode/DerivedData/ModuleCache.noindex/ptrcheck-CPFBHC98T0YO5BMJL4XPQ5DVJ.pcm /Users/runner/Library/Developer/Xcode/DerivedData/ModuleCache.noindex/CoreImage-A7COKGC4YV5NU0VMEB0ZCECK4.pcm /Users/runner/Library/Developer/Xcode/DerivedData/ModuleCache.noindex/Foundation-4SECALFMSRMLBHX5HU0S5AKYC.pcm /Users/runner/Library/Developer/Xcode/DerivedData/ModuleCache.noindex/UIUtilities-DTDJI55PSJU07N62AGXQU6X65.pcm /Users/runner/Library/Developer/Xcode/DerivedData/ModuleCache.noindex/IOSurface-A3169492JTUXYFMDUBIK6M1PI.pcm /Users/runner/Library/Developer/Xcode/DerivedData/ModuleCache.noindex/Dispatch-3DQCX18X5AV2BIOD4WCYNOK4G.pcm /Users/runner/Library/Developer/Xcode/DerivedData/ModuleCache.noindex/FileProvider-DDJELMV59NVB1DQIBYVTN8HBP.pcm /Users/runner/Library/Developer/Xcode/DerivedData/ModuleCache.noindex/Accessibility-8L79PBU03IZEOH3MTKHZ8UL62.pcm /Users/runner/Library/Developer/Xcode/DerivedData/ModuleCache.noindex/OSLog-3LKE53LPWMO6H3RX65KD10VXD.pcm /Users/runner/Library/Developer/Xcode/DerivedData/Reel-eksnidxqjeiwfnbzsppehnrbqtac/Build/Intermediates.noindex/ArchiveIntermediates/Reel/IntermediateBuildFilesPath/SwiftExplicitPrecompiledModules/MobileVLCKit-D3AQ10E3O722FJNCF1G883PY1.pcm /Users/runner/Library/Developer/Xcode/DerivedData/ModuleCache.noindex/UserNotifications-4CI6U0ZJSF5P11DSTZ74WB7AZ.pcm /Users/runner/Library/Developer/Xcode/DerivedData/ModuleCache.noindex/os_workgroup-CE7977O20A383DSAPAP1MHRRB.pcm /Users/runner/Library/Developer/Xcode/DerivedData/ModuleCache.noindex/Darwin-65WM8VPK397D97H068127QY5O.pcm /Users/runner/Library/Developer/Xcode/DerivedData/ModuleCache.noindex/CoreGraphics-E6KVS2MH59D16Y6Z4W5D2915I.pcm /Users/runner/Library/Developer/Xcode/DerivedData/ModuleCache.noindex/simd-C8R11QAJSWUI0SDV4H8N1AJPA.pcm /Users/runner/Library/Developer/Xcode/DerivedData/ModuleCache.noindex/_DarwinFoundation3-ELTV2I42SPSDMPAUN6R858CGP.pcm /Users/runner/Library/Developer/Xcode/DerivedData/ModuleCache.noindex/sys_types-PD12HKBGCS7I3OBLUYFEM91I.pcm /Users/runner/Library/Developer/Xcode/DerivedData/ModuleCache.noindex/os_object-D2LOHRIYDFC0AOQ4FJSAJFW40.pcm /Users/runner/Library/Developer/Xcode/DerivedData/ModuleCache.noindex/_Builtin_stdatomic-7ICCR1EERZQRTCK8DK4OCZGDS.pcm /Users/runner/Library/Developer/Xcode/DerivedData/ModuleCache.noindex/QuartzCore-1W4XAS1YQFN77V3MR3MCLUE2C.pcm /Users/runner/Library/Developer/Xcode/DerivedData/ModuleCache.noindex/CoreTransferable-3XRVZEHLPIIRBE6PY29E51B33.pcm /Users/runner/Library/Developer/Xcode/DerivedData/ModuleCache.noindex/_Builtin_stddef-EZS4ZNRM8Q2C78X23DUBCD7YH.pcm /Users/runner/Library/Developer/Xcode/DerivedData/ModuleCache.noindex/_Builtin_float-C2XYXATN22CCJKOBJXFM515SB.pcm /Users/runner/Library/Developer/Xcode/DerivedData/ModuleCache.noindex/SwiftShims-726JJO2L9PNSQ7U4XETGG7EE9.pcm /Users/runner/Library/Developer/Xcode/DerivedData/ModuleCache.noindex/_Builtin_tgmath-58640SAGBG6W1YPPM9JZXQVEU.pcm /Users/runner/Library/Developer/Xcode/DerivedData/ModuleCache.noindex/CFNetwork-1FN5YXNMQBAKI9HNEB7TSXT6J.pcm /Users/runner/Library/Developer/Xcode/DerivedData/ModuleCache.noindex/_Builtin_stdint-615ELPXO79BLW33W9285OFC4J.pcm /Users/runner/Library/Developer/Xcode/DerivedData/ModuleCache.noindex/_DarwinFoundation1-D0HH3AJXTD7OKMTUR2FXWNRVQ.pcm /Users/runner/Library/Developer/Xcode/DerivedData/ModuleCache.noindex/CoreVideo-3KSE89SSHYYL2OO5C1552Z1I5.pcm /Users/runner/Library/Developer/Xcode/DerivedData/ModuleCache.noindex/_Builtin_inttypes-24MMY0B1C8U8SGX8SA5DOMH7E.pcm /Users/runner/Library/Developer/Xcode/DerivedData/ModuleCache.noindex/Metal-HCUB9N8XKGZLDTP6IOLKFZP8.pcm /Users/runner/Library/Developer/Xcode/DerivedData/ModuleCache.noindex/ptrauth-E1M8RH4XGX41AS9L3T48B2VC8.pcm /Users/runner/Library/Developer/Xcode/DerivedData/ModuleCache.noindex/_DarwinFoundation2-EXJBHLC8V2ZY8CF0BNQD97LYN.pcm /Users/runner/Library/Developer/Xcode/DerivedData/ModuleCache.noindex/CoreFoundation-7Z67H59FM1XPURJ1CATKTTWEG.pcm /Users/runner/Library/Developer/Xcode/DerivedData/ModuleCache.noindex/_Builtin_stdarg-4LSG676VX6ZX2XHZ6XO9V8K9F.pcm /Users/runner/Library/Developer/Xcode/DerivedData/ModuleCache.noindex/OpenGLES-DVROR9QJV8Z7I8PACD8BZ1A4Q.pcm /Users/runner/Library/Developer/Xcode/DerivedData/ModuleCache.noindex/os-BCLGSKCD5L8ZIIKRL1OO8DAB2.pcm /Users/runner/Library/Developer/Xcode/DerivedData/ModuleCache.noindex/_SwiftConcurrencyShims-72MI7WHN08305D73FERVYXX8Q.pcm /Users/runner/Library/Developer/Xcode/DerivedData/ModuleCache.noindex/DeveloperToolsSupport-8NJPN9L3GNG0ZV6Z3A51ZLRAU.pcm /Users/runner/Library/Developer/Xcode/DerivedData/ModuleCache.noindex/DataDetection-3JFDP59CLYBUOZPG51OKN8CZ8.pcm /Users/runner/Library/Developer/Xcode/DerivedData/ModuleCache.noindex/ImageIO-8T1BF1U3WSYVC4FGIG8BKZALR.pcm /Users/runner/Library/Developer/Xcode/DerivedData/ModuleCache.noindex/_AvailabilityInternal-6LVX40WLXKF2N0RR7RLLLI88G.pcm /Users/runner/Library/Developer/Xcode/DerivedData/ModuleCache.noindex/UniformTypeIdentifiers-98UT9EI3UE4T4KR1IVKI9PEEY.pcm /Users/runner/Library/Developer/Xcode/DerivedData/ModuleCache.noindex/XPC-4OI848FPRQOOYJFA96XIRFLWJ.pcm /Users/runner/Library/Developer/Xcode/DerivedData/ModuleCache.noindex/MachO-109XEX11H094BQ4HDI8OAV3Q9.pcm /Users/runner/Library/Developer/Xcode/DerivedData/Reel-eksnidxqjeiwfnbzsppehnrbqtac/Build/Intermediates.noindex/ArchiveIntermediates/Reel/IntermediateBuildFilesPath/vlckit-spm.build/Release-iphoneos/VLCKitSPM.build/Objects-normal/arm64/VLCKitSPM-dependencies-1.json (in target 'VLCKitSPM' from project 'vlckit-spm')

SwiftCompile normal arm64 /Users/runner/work/reel/reel/.spm/checkouts/vlckit-spm/Sources/VLCKitSPM/VLCKit.swift (in target 'VLCKitSPM' from project 'vlckit-spm')
    cd /Users/runner/work/reel/reel/Reel.xcodeproj
    

ScanDependencies /Users/runner/Library/Developer/Xcode/DerivedData/Reel-eksnidxqjeiwfnbzsppehnrbqtac/Build/Intermediates.noindex/ArchiveIntermediates/Reel/IntermediateBuildFilesPath/AMSMB2.build/Release-iphoneos/libsmb2.build/Objects-normal/arm64/sha384-512.o /Users/runner/work/reel/reel/Packages/AMSMB2/Dependencies/libsmb2/lib/sha384-512.c normal arm64 c com.apple.compilers.llvm.clang.1_0.compiler (in target 'libsmb2' from project 'AMSMB2')
    cd /Users/runner/work/reel/reel/Reel.xcodeproj
    
    Using response file: /Users/runner/Library/Developer/Xcode/DerivedData/Reel-eksnidxqjeiwfnbzsppehnrbqtac/Build/Intermediates.noindex/ArchiveIntermediates/Reel/IntermediateBuildFilesPath/AMSMB2.build/Release-iphoneos/libsmb2.build/Objects-normal/arm64/7187679823f38a2a940e0043cdf9d637-common-args.resp
    
    builtin-ScanDependencies -o /Users/runner/Library/Developer/Xcode/DerivedData/Reel-eksnidxqjeiwfnbzsppehnrbqtac/Build/Intermediates.noindex/ArchiveIntermediates/Reel/IntermediateBuildFilesPath/AMSMB2.build/Release-iphoneos/libsmb2.build/Objects-normal/arm64/sha384-512.o.scan -- /Applications/Xcode_26.6.app/Contents/Developer/Toolchains/XcodeDefault.xctoolchain/usr/bin/clang -x c -ivfsstatcache /Users/runner/Library/Developer/Xcode/DerivedData/SDKStatCaches.noindex/iphoneos26.5-23F81a-688ef53f1462e2c8f657fdc38a81448fee66e23052a0157c865c76b268046726.sdkstatcache -target arm64-apple-ios13.0 -fmessage-length\=0 -fdiagnostics-show-note-include-stack -fmacro-backtrace-limit\=0 -fno-color-diagnostics -fmodules-prune-interval\=86400 -fmodules-prune-after\=345600 -fbuild-session-file\=/Users/runner/Library/Developer/Xcode/DerivedData/ModuleCache.noindex/Session.modulevalidation -fmodules-validate-once-per-build-session -Wnon-modular-include-in-framework-module -Werror\=non-modular-include-in-framework-module -Wno-trigraphs -Wno-missing-field-initializers -Wno-missing-prototypes -Wno-return-type -Wno-missing-braces -Wparentheses -Wswitch -Wno-unused-function -Wno-unused-label -Wno-unused-parameter -Wno-unused-variable -Wunused-value -Wno-empty-body -Wno-uninitialized -Wno-unknown-pragmas -w -Wno-shadow -Wno-four-char-constants -Wno-conversion -Wno-constant-conversion -Wno-int-conversion -Wno-bool-conversion -Wno-enum-conversion -Wno-float-conversion -Wno-non-literal-null-conversion -Wno-objc-literal-conversion -Wshorten-64-to-32 -Wpointer-sign -Wno-newline-eof -Wno-implicit-fallthrough -isysroot /Applications/Xcode_26.6.app/Contents/Developer/Platforms/iPhoneOS.platform/Developer/SDKs/iPhoneOS26.5.sdk -fstrict-aliasing -Wdeprecated-declarations -Wno-sign-conversion -Wno-infinite-recursion -Wno-comma -Wno-block-capture-autoreleasing -Wno-strict-prototypes -Wno-semicolon-before-method-body @/Users/runner/Library/Developer/Xcode/DerivedData/Reel-eksnidxqjeiwfnbzsppehnrbqtac/Build/Intermediates.noindex/ArchiveIntermediates/Reel/IntermediateBuildFilesPath/AMSMB2.build/Release-iphoneos/libsmb2.build/Objects-normal/arm64/7187679823f38a2a940e0043cdf9d637-common-args.resp -MMD -MT dependencies -MF /Users/runner/Library/Developer/Xcode/DerivedData/Reel-eksnidxqjeiwfnbzsppehnrbqtac/Build/Intermediates.noindex/ArchiveIntermediates/Reel/IntermediateBuildFilesPath/AMSMB2.build/Release-iphoneos/libsmb2.build/Objects-normal/arm64/sha384-512.d --serialize-diagnostics /Users/runner/Library/Developer/Xcode/DerivedData/Reel-eksnidxqjeiwfnbzsppehnrbqtac/Build/Intermediates.noindex/ArchiveIntermediates/Reel/IntermediateBuildFilesPath/AMSMB2.build/Release-iphoneos/libsmb2.build/Objects-normal/arm64/sha384-512.dia -c /Users/runner/work/reel/reel/Packages/AMSMB2/Dependencies/libsmb2/lib/sha384-512.c -o /Users/runner/Library/Developer/Xcode/DerivedData/Reel-eksnidxqjeiwfnbzsppehnrbqtac/Build/Intermediates.noindex/ArchiveIntermediates/Reel/IntermediateBuildFilesPath/AMSMB2.build/Release-iphoneos/libsmb2.build/Objects-normal/arm64/sha384-512.o

ScanDependencies /Users/runner/Library/Developer/Xcode/DerivedData/Reel-eksnidxqjeiwfnbzsppehnrbqtac/Build/Intermediates.noindex/ArchiveIntermediates/Reel/IntermediateBuildFilesPath/AMSMB2.build/Release-iphoneos/libsmb2.build/Objects-normal/arm64/sha224-256.o /Users/runner/work/reel/reel/Packages/AMSMB2/Dependencies/libsmb2/lib/sha224-256.c normal arm64 c com.apple.compilers.llvm.clang.1_0.compiler (in target 'libsmb2' from project 'AMSMB2')
    cd /Users/runner/work/reel/reel/Reel.xcodeproj
    
    Using response file: /Users/runner/Library/Developer/Xcode/DerivedData/Reel-eksnidxqjeiwfnbzsppehnrbqtac/Build/Intermediates.noindex/ArchiveIntermediates/Reel/IntermediateBuildFilesPath/AMSMB2.build/Release-iphoneos/libsmb2.build/Objects-normal/arm64/7187679823f38a2a940e0043cdf9d637-common-args.resp
    
    builtin-ScanDependencies -o /Users/runner/Library/Developer/Xcode/DerivedData/Reel-eksnidxqjeiwfnbzsppehnrbqtac/Build/Intermediates.noindex/ArchiveIntermediates/Reel/IntermediateBuildFilesPath/AMSMB2.build/Release-iphoneos/libsmb2.build/Objects-normal/arm64/sha224-256.o.scan -- /Applications/Xcode_26.6.app/Contents/Developer/Toolchains/XcodeDefault.xctoolchain/usr/bin/clang -x c -ivfsstatcache /Users/runner/Library/Developer/Xcode/DerivedData/SDKStatCaches.noindex/iphoneos26.5-23F81a-688ef53f1462e2c8f657fdc38a81448fee66e23052a0157c865c76b268046726.sdkstatcache -target arm64-apple-ios13.0 -fmessage-length\=0 -fdiagnostics-show-note-include-stack -fmacro-backtrace-limit\=0 -fno-color-diagnostics -fmodules-prune-interval\=86400 -fmodules-prune-after\=345600 -fbuild-session-file\=/Users/runner/Library/Developer/Xcode/DerivedData/ModuleCache.noindex/Session.modulevalidation -fmodules-validate-once-per-build-session -Wnon-modular-include-in-framework-module -Werror\=non-modular-include-in-framework-module -Wno-trigraphs -Wno-missing-field-initializers -Wno-missing-prototypes -Wno-return-type -Wno-missing-braces -Wparentheses -Wswitch -Wno-unused-function -Wno-unused-label -Wno-unused-parameter -Wno-unused-variable -Wunused-value -Wno-empty-body -Wno-uninitialized -Wno-unknown-pragmas -w -Wno-shadow -Wno-four-char-constants -Wno-conversion -Wno-constant-conversion -Wno-int-conversion -Wno-bool-conversion -Wno-enum-conversion -Wno-float-conversion -Wno-non-literal-null-conversion -Wno-objc-literal-conversion -Wshorten-64-to-32 -Wpointer-sign -Wno-newline-eof -Wno-implicit-fallthrough -isysroot /Applications/Xcode_26.6.app/Contents/Developer/Platforms/iPhoneOS.platform/Developer/SDKs/iPhoneOS26.5.sdk -fstrict-aliasing -Wdeprecated-declarations -Wno-sign-conversion -Wno-infinite-recursion -Wno-comma -Wno-block-capture-autoreleasing -Wno-strict-prototypes -Wno-semicolon-before-method-body @/Users/runner/Library/Developer/Xcode/DerivedData/Reel-eksnidxqjeiwfnbzsppehnrbqtac/Build/Intermediates.noindex/ArchiveIntermediates/Reel/IntermediateBuildFilesPath/AMSMB2.build/Release-iphoneos/libsmb2.build/Objects-normal/arm64/7187679823f38a2a940e0043cdf9d637-common-args.resp -MMD -MT dependencies -MF /Users/runner/Library/Developer/Xcode/DerivedData/Reel-eksnidxqjeiwfnbzsppehnrbqtac/Build/Intermediates.noindex/ArchiveIntermediates/Reel/IntermediateBuildFilesPath/AMSMB2.build/Release-iphoneos/libsmb2.build/Objects-normal/arm64/sha224-256.d --serialize-diagnostics /Users/runner/Library/Developer/Xcode/DerivedData/Reel-eksnidxqjeiwfnbzsppehnrbqtac/Build/Intermediates.noindex/ArchiveIntermediates/Reel/IntermediateBuildFilesPath/AMSMB2.build/Release-iphoneos/libsmb2.build/Objects-normal/arm64/sha224-256.dia -c /Users/runner/work/reel/reel/Packages/AMSMB2/Dependencies/libsmb2/lib/sha224-256.c -o /Users/runner/Library/Developer/Xcode/DerivedData/Reel-eksnidxqjeiwfnbzsppehnrbqtac/Build/Intermediates.noindex/ArchiveIntermediates/Reel/IntermediateBuildFilesPath/AMSMB2.build/Release-iphoneos/libsmb2.build/Objects-normal/arm64/sha224-256.o

CompileC /Users/runner/Library/Developer/Xcode/DerivedData/Reel-eksnidxqjeiwfnbzsppehnrbqtac/Build/Intermediates.noindex/ArchiveIntermediates/Reel/IntermediateBuildFilesPath/AMSMB2.build/Release-iphoneos/libsmb2.build/Objects-normal/arm64/sha384-512.o /Users/runner/work/reel/reel/Packages/AMSMB2/Dependencies/libsmb2/lib/sha384-512.c normal arm64 c com.apple.compilers.llvm.clang.1_0.compiler (in target 'libsmb2' from project 'AMSMB2')
    cd /Users/runner/work/reel/reel/Reel.xcodeproj
    
    Using response file: /Users/runner/Library/Developer/Xcode/DerivedData/Reel-eksnidxqjeiwfnbzsppehnrbqtac/Build/Intermediates.noindex/ArchiveIntermediates/Reel/IntermediateBuildFilesPath/AMSMB2.build/Release-iphoneos/libsmb2.build/Objects-normal/arm64/7187679823f38a2a940e0043cdf9d637-common-args.resp
    
    /Applications/Xcode_26.6.app/Contents/Developer/Toolchains/XcodeDefault.xctoolchain/usr/bin/clang -x c -ivfsstatcache /Users/runner/Library/Developer/Xcode/DerivedData/SDKStatCaches.noindex/iphoneos26.5-23F81a-688ef53f1462e2c8f657fdc38a81448fee66e23052a0157c865c76b268046726.sdkstatcache -target arm64-apple-ios13.0 -fmessage-length\=0 -fdiagnostics-show-note-include-stack -fmacro-backtrace-limit\=0 -fno-color-diagnostics -fmodules-prune-interval\=86400 -fmodules-prune-after\=345600 -fbuild-session-file\=/Users/runner/Library/Developer/Xcode/DerivedData/ModuleCache.noindex/Session.modulevalidation -fmodules-validate-once-per-build-session -Wnon-modular-include-in-framework-module -Werror\=non-modular-include-in-framework-module -Wno-trigraphs -Wno-missing-field-initializers -Wno-missing-prototypes -Wno-return-type -Wno-missing-braces -Wparentheses -Wswitch -Wno-unused-function -Wno-unused-label -Wno-unused-parameter -Wno-unused-variable -Wunused-value -Wno-empty-body -Wno-uninitialized -Wno-unknown-pragmas -w -Wno-shadow -Wno-four-char-constants -Wno-conversion -Wno-constant-conversion -Wno-int-conversion -Wno-bool-conversion -Wno-enum-conversion -Wno-float-conversion -Wno-non-literal-null-conversion -Wno-objc-literal-conversion -Wshorten-64-to-32 -Wpointer-sign -Wno-newline-eof -Wno-implicit-fallthrough -isysroot /Applications/Xcode_26.6.app/Contents/Developer/Platforms/iPhoneOS.platform/Developer/SDKs/iPhoneOS26.5.sdk -fstrict-aliasing -Wdeprecated-declarations -Wno-sign-conversion -Wno-infinite-recursion -Wno-comma -Wno-block-capture-autoreleasing -Wno-strict-prototypes -Wno-semicolon-before-method-body @/Users/runner/Library/Developer/Xcode/DerivedData/Reel-eksnidxqjeiwfnbzsppehnrbqtac/Build/Intermediates.noindex/ArchiveIntermediates/Reel/IntermediateBuildFilesPath/AMSMB2.build/Release-iphoneos/libsmb2.build/Objects-normal/arm64/7187679823f38a2a940e0043cdf9d637-common-args.resp -MMD -MT dependencies -MF /Users/runner/Library/Developer/Xcode/DerivedData/Reel-eksnidxqjeiwfnbzsppehnrbqtac/Build/Intermediates.noindex/ArchiveIntermediates/Reel/IntermediateBuildFilesPath/AMSMB2.build/Release-iphoneos/libsmb2.build/Objects-normal/arm64/sha384-512.d --serialize-diagnostics /Users/runner/Library/Developer/Xcode/DerivedData/Reel-eksnidxqjeiwfnbzsppehnrbqtac/Build/Intermediates.noindex/ArchiveIntermediates/Reel/IntermediateBuildFilesPath/AMSMB2.build/Release-iphoneos/libsmb2.build/Objects-normal/arm64/sha384-512.dia -c /Users/runner/work/reel/reel/Packages/AMSMB2/Dependencies/libsmb2/lib/sha384-512.c -o /Users/runner/Library/Developer/Xcode/DerivedData/Reel-eksnidxqjeiwfnbzsppehnrbqtac/Build/Intermediates.noindex/ArchiveIntermediates/Reel/IntermediateBuildFilesPath/AMSMB2.build/Release-iphoneos/libsmb2.build/Objects-normal/arm64/sha384-512.o

CompileC /Users/runner/Library/Developer/Xcode/DerivedData/Reel-eksnidxqjeiwfnbzsppehnrbqtac/Build/Intermediates.noindex/ArchiveIntermediates/Reel/IntermediateBuildFilesPath/AMSMB2.build/Release-iphoneos/libsmb2.build/Objects-normal/arm64/sha224-256.o /Users/runner/work/reel/reel/Packages/AMSMB2/Dependencies/libsmb2/lib/sha224-256.c normal arm64 c com.apple.compilers.llvm.clang.1_0.compiler (in target 'libsmb2' from project 'AMSMB2')
    cd /Users/runner/work/reel/reel/Reel.xcodeproj
    
    Using response file: /Users/runner/Library/Developer/Xcode/DerivedData/Reel-eksnidxqjeiwfnbzsppehnrbqtac/Build/Intermediates.noindex/ArchiveIntermediates/Reel/IntermediateBuildFilesPath/AMSMB2.build/Release-iphoneos/libsmb2.build/Objects-normal/arm64/7187679823f38a2a940e0043cdf9d637-common-args.resp
    
    /Applications/Xcode_26.6.app/Contents/Developer/Toolchains/XcodeDefault.xctoolchain/usr/bin/clang -x c -ivfsstatcache /Users/runner/Library/Developer/Xcode/DerivedData/SDKStatCaches.noindex/iphoneos26.5-23F81a-688ef53f1462e2c8f657fdc38a81448fee66e23052a0157c865c76b268046726.sdkstatcache -target arm64-apple-ios13.0 -fmessage-length\=0 -fdiagnostics-show-note-include-stack -fmacro-backtrace-limit\=0 -fno-color-diagnostics -fmodules-prune-interval\=86400 -fmodules-prune-after\=345600 -fbuild-session-file\=/Users/runner/Library/Developer/Xcode/DerivedData/ModuleCache.noindex/Session.modulevalidation -fmodules-validate-once-per-build-session -Wnon-modular-include-in-framework-module -Werror\=non-modular-include-in-framework-module -Wno-trigraphs -Wno-missing-field-initializers -Wno-missing-prototypes -Wno-return-type -Wno-missing-braces -Wparentheses -Wswitch -Wno-unused-function -Wno-unused-label -Wno-unused-parameter -Wno-unused-variable -Wunused-value -Wno-empty-body -Wno-uninitialized -Wno-unknown-pragmas -w -Wno-shadow -Wno-four-char-constants -Wno-conversion -Wno-constant-conversion -Wno-int-conversion -Wno-bool-conversion -Wno-enum-conversion -Wno-float-conversion -Wno-non-literal-null-conversion -Wno-objc-literal-conversion -Wshorten-64-to-32 -Wpointer-sign -Wno-newline-eof -Wno-implicit-fallthrough -isysroot /Applications/Xcode_26.6.app/Contents/Developer/Platforms/iPhoneOS.platform/Developer/SDKs/iPhoneOS26.5.sdk -fstrict-aliasing -Wdeprecated-declarations -Wno-sign-conversion -Wno-infinite-recursion -Wno-comma -Wno-block-capture-autoreleasing -Wno-strict-prototypes -Wno-semicolon-before-method-body @/Users/runner/Library/Developer/Xcode/DerivedData/Reel-eksnidxqjeiwfnbzsppehnrbqtac/Build/Intermediates.noindex/ArchiveIntermediates/Reel/IntermediateBuildFilesPath/AMSMB2.build/Release-iphoneos/libsmb2.build/Objects-normal/arm64/7187679823f38a2a940e0043cdf9d637-common-args.resp -MMD -MT dependencies -MF /Users/runner/Library/Developer/Xcode/DerivedData/Reel-eksnidxqjeiwfnbzsppehnrbqtac/Build/Intermediates.noindex/ArchiveIntermediates/Reel/IntermediateBuildFilesPath/AMSMB2.build/Release-iphoneos/libsmb2.build/Objects-normal/arm64/sha224-256.d --serialize-diagnostics /Users/runner/Library/Developer/Xcode/DerivedData/Reel-eksnidxqjeiwfnbzsppehnrbqtac/Build/Intermediates.noindex/ArchiveIntermediates/Reel/IntermediateBuildFilesPath/AMSMB2.build/Release-iphoneos/libsmb2.build/Objects-normal/arm64/sha224-256.dia -c /Users/runner/work/reel/reel/Packages/AMSMB2/Dependencies/libsmb2/lib/sha224-256.c -o /Users/runner/Library/Developer/Xcode/DerivedData/Reel-eksnidxqjeiwfnbzsppehnrbqtac/Build/Intermediates.noindex/ArchiveIntermediates/Reel/IntermediateBuildFilesPath/AMSMB2.build/Release-iphoneos/libsmb2.build/Objects-normal/arm64/sha224-256.o

SwiftDriverJobDiscovery normal arm64 Compiling VLCKit.swift (in target 'VLCKitSPM' from project 'vlckit-spm')

SwiftDriver\ Compilation\ Requirements VLCKitSPM normal arm64 com.apple.xcode.tools.swift.compiler (in target 'VLCKitSPM' from project 'vlckit-spm')
    cd /Users/runner/work/reel/reel/Reel.xcodeproj
    builtin-Swift-Compilation-Requirements -- /Applications/Xcode_26.6.app/Contents/Developer/Toolchains/XcodeDefault.xctoolchain/usr/bin/swiftc -module-name VLCKitSPM -O -whole-module-optimization @/Users/runner/Library/Developer/Xcode/DerivedData/Reel-eksnidxqjeiwfnbzsppehnrbqtac/Build/Intermediates.noindex/ArchiveIntermediates/Reel/IntermediateBuildFilesPath/vlckit-spm.build/Release-iphoneos/VLCKitSPM.build/Objects-normal/arm64/VLCKitSPM.SwiftFileList -DSWIFT_PACKAGE -DSWIFT_MODULE_RESOURCE_BUNDLE_UNAVAILABLE -DXcode -plugin-path /Applications/Xcode_26.6.app/Contents/Developer/Toolchains/XcodeDefault.xctoolchain/usr/lib/swift/host/plugins/testing -enable-experimental-feature DebugDescriptionMacro -sdk /Applications/Xcode_26.6.app/Contents/Developer/Platforms/iPhoneOS.platform/Developer/SDKs/iPhoneOS26.5.sdk -target arm64-apple-ios12.0 -g -module-cache-path /Users/runner/Library/Developer/Xcode/DerivedData/ModuleCache.noindex -Xfrontend -serialize-debugging-options -suppress-warnings -swift-version 5 -I /Users/runner/Library/Developer/Xcode/DerivedData/Reel-eksnidxqjeiwfnbzsppehnrbqtac/Build/Intermediates.noindex/ArchiveIntermediates/Reel/BuildProductsPath/Release-iphoneos -Isystem /Applications/Xcode_26.6.app/Contents/Developer/Platforms/iPhoneOS.platform/Developer/usr/lib -F /Users/runner/Library/Developer/Xcode/DerivedData/Reel-eksnidxqjeiwfnbzsppehnrbqtac/Build/Intermediates.noindex/ArchiveIntermediates/Reel/BuildProductsPath/Release-iphoneos -F /Applications/Xcode_26.6.app/Contents/Developer/Platforms/iPhoneOS.platform/Developer/Library/Frameworks -F /Applications/Xcode_26.6.app/Contents/Developer/Platforms/iPhoneOS.platform/Developer/SDKs/iPhoneOS26.5.sdk/Developer/Library/Frameworks -parse-as-library -c -num-threads 3 -Xcc -ivfsstatcache -Xcc /Users/runner/Library/Developer/Xcode/DerivedData/SDKStatCaches.noindex/iphoneos26.5-23F81a-688ef53f1462e2c8f657fdc38a81448fee66e23052a0157c865c76b268046726.sdkstatcache -output-file-map /Users/runner/Library/Developer/Xcode/DerivedData/Reel-eksnidxqjeiwfnbzsppehnrbqtac/Build/Intermediates.noindex/ArchiveIntermediates/Reel/IntermediateBuildFilesPath/vlckit-spm.build/Release-iphoneos/VLCKitSPM.build/Objects-normal/arm64/VLCKitSPM-OutputFileMap.json -use-frontend-parseable-output -save-temps -no-color-diagnostics -explicit-module-build -module-cache-path /Users/runner/Library/Developer/Xcode/DerivedData/Reel-eksnidxqjeiwfnbzsppehnrbqtac/Build/Intermediates.noindex/ArchiveIntermediates/Reel/IntermediateBuildFilesPath/SwiftExplicitPrecompiledModules -clang-scanner-module-cache-path /Users/runner/Library/Developer/Xcode/DerivedData/ModuleCache.noindex -sdk-module-cache-path /Users/runner/Library/Developer/Xcode/DerivedData/ModuleCache.noindex -serialize-diagnostics -emit-dependencies -emit-module -emit-module-path /Users/runner/Library/Developer/Xcode/DerivedData/Reel-eksnidxqjeiwfnbzsppehnrbqtac/Build/Intermediates.noindex/ArchiveIntermediates/Reel/IntermediateBuildFilesPath/vlckit-spm.build/Release-iphoneos/VLCKitSPM.build/Objects-normal/arm64/VLCKitSPM.swiftmodule -validate-clang-modules-once -clang-build-session-file /Users/runner/Library/Developer/Xcode/DerivedData/ModuleCache.noindex/Session.modulevalidation -Xcc -I/Users/runner/Library/Developer/Xcode/DerivedData/Reel-eksnidxqjeiwfnbzsppehnrbqtac/Build/Intermediates.noindex/ArchiveIntermediates/Reel/IntermediateBuildFilesPath/vlckit-spm.build/Release-iphoneos/VLCKitSPM.build/swift-overrides.hmap -emit-const-values -Xfrontend -const-gather-protocols-file -Xfrontend /Users/runner/Library/Developer/Xcode/DerivedData/Reel-eksnidxqjeiwfnbzsppehnrbqtac/Build/Intermediates.noindex/ArchiveIntermediates/Reel/IntermediateBuildFilesPath/vlckit-spm.build/Release-iphoneos/VLCKitSPM.build/Objects-normal/arm64/VLCKitSPM_const_extract_protocols.json -Xcc -I/Users/runner/Library/Developer/Xcode/DerivedData/Reel-eksnidxqjeiwfnbzsppehnrbqtac/Build/Intermediates.noindex/ArchiveIntermediates/Reel/BuildProductsPath/Release-iphoneos/include -Xcc -I/Users/runner/Library/Developer/Xcode/DerivedData/Reel-eksnidxqjeiwfnbzsppehnrbqtac/Build/Intermediates.noindex/ArchiveIntermediates/Reel/IntermediateBuildFilesPath/vlckit-spm.build/Release-iphoneos/VLCKitSPM.build/DerivedSources-normal/arm64 -Xcc -I/Users/runner/Library/Developer/Xcode/DerivedData/Reel-eksnidxqjeiwfnbzsppehnrbqtac/Build/Intermediates.noindex/ArchiveIntermediates/Reel/IntermediateBuildFilesPath/vlckit-spm.build/Release-iphoneos/VLCKitSPM.build/DerivedSources/arm64 -Xcc -I/Users/runner/Library/Developer/Xcode/DerivedData/Reel-eksnidxqjeiwfnbzsppehnrbqtac/Build/Intermediates.noindex/ArchiveIntermediates/Reel/IntermediateBuildFilesPath/vlckit-spm.build/Release-iphoneos/VLCKitSPM.build/DerivedSources -Xcc -DSWIFT_PACKAGE -emit-objc-header -emit-objc-header-path /Users/runner/Library/Developer/Xcode/DerivedData/Reel-eksnidxqjeiwfnbzsppehnrbqtac/Build/Intermediates.noindex/ArchiveIntermediates/Reel/IntermediateBuildFilesPath/vlckit-spm.build/Release-iphoneos/VLCKitSPM.build/Objects-normal/arm64/VLCKitSPM-Swift.h -working-directory /Users/runner/work/reel/reel/Reel.xcodeproj -no-emit-module-separately-wmo

ScanDependencies /Users/runner/Library/Developer/Xcode/DerivedData/Reel-eksnidxqjeiwfnbzsppehnrbqtac/Build/Intermediates.noindex/ArchiveIntermediates/Reel/IntermediateBuildFilesPath/AMSMB2.build/Release-iphoneos/libsmb2.build/Objects-normal/arm64/sha1.o /Users/runner/work/reel/reel/Packages/AMSMB2/Dependencies/libsmb2/lib/sha1.c normal arm64 c com.apple.compilers.llvm.clang.1_0.compiler (in target 'libsmb2' from project 'AMSMB2')
    cd /Users/runner/work/reel/reel/Reel.xcodeproj
    
    Using response file: /Users/runner/Library/Developer/Xcode/DerivedData/Reel-eksnidxqjeiwfnbzsppehnrbqtac/Build/Intermediates.noindex/ArchiveIntermediates/Reel/IntermediateBuildFilesPath/AMSMB2.build/Release-iphoneos/libsmb2.build/Objects-normal/arm64/7187679823f38a2a940e0043cdf9d637-common-args.resp
    
    builtin-ScanDependencies -o /Users/runner/Library/Developer/Xcode/DerivedData/Reel-eksnidxqjeiwfnbzsppehnrbqtac/Build/Intermediates.noindex/ArchiveIntermediates/Reel/IntermediateBuildFilesPath/AMSMB2.build/Release-iphoneos/libsmb2.build/Objects-normal/arm64/sha1.o.scan -- /Applications/Xcode_26.6.app/Contents/Developer/Toolchains/XcodeDefault.xctoolchain/usr/bin/clang -x c -ivfsstatcache /Users/runner/Library/Developer/Xcode/DerivedData/SDKStatCaches.noindex/iphoneos26.5-23F81a-688ef53f1462e2c8f657fdc38a81448fee66e23052a0157c865c76b268046726.sdkstatcache -target arm64-apple-ios13.0 -fmessage-length\=0 -fdiagnostics-show-note-include-stack -fmacro-backtrace-limit\=0 -fno-color-diagnostics -fmodules-prune-interval\=86400 -fmodules-prune-after\=345600 -fbuild-session-file\=/Users/runner/Library/Developer/Xcode/DerivedData/ModuleCache.noindex/Session.modulevalidation -fmodules-validate-once-per-build-session -Wnon-modular-include-in-framework-module -Werror\=non-modular-include-in-framework-module -Wno-trigraphs -Wno-missing-field-initializers -Wno-missing-prototypes -Wno-return-type -Wno-missing-braces -Wparentheses -Wswitch -Wno-unused-function -Wno-unused-label -Wno-unused-parameter -Wno-unused-variable -Wunused-value -Wno-empty-body -Wno-uninitialized -Wno-unknown-pragmas -w -Wno-shadow -Wno-four-char-constants -Wno-conversion -Wno-constant-conversion -Wno-int-conversion -Wno-bool-conversion -Wno-enum-conversion -Wno-float-conversion -Wno-non-literal-null-conversion -Wno-objc-literal-conversion -Wshorten-64-to-32 -Wpointer-sign -Wno-newline-eof -Wno-implicit-fallthrough -isysroot /Applications/Xcode_26.6.app/Contents/Developer/Platforms/iPhoneOS.platform/Developer/SDKs/iPhoneOS26.5.sdk -fstrict-aliasing -Wdeprecated-declarations -Wno-sign-conversion -Wno-infinite-recursion -Wno-comma -Wno-block-capture-autoreleasing -Wno-strict-prototypes -Wno-semicolon-before-method-body @/Users/runner/Library/Developer/Xcode/DerivedData/Reel-eksnidxqjeiwfnbzsppehnrbqtac/Build/Intermediates.noindex/ArchiveIntermediates/Reel/IntermediateBuildFilesPath/AMSMB2.build/Release-iphoneos/libsmb2.build/Objects-normal/arm64/7187679823f38a2a940e0043cdf9d637-common-args.resp -MMD -MT dependencies -MF /Users/runner/Library/Developer/Xcode/DerivedData/Reel-eksnidxqjeiwfnbzsppehnrbqtac/Build/Intermediates.noindex/ArchiveIntermediates/Reel/IntermediateBuildFilesPath/AMSMB2.build/Release-iphoneos/libsmb2.build/Objects-normal/arm64/sha1.d --serialize-diagnostics /Users/runner/Library/Developer/Xcode/DerivedData/Reel-eksnidxqjeiwfnbzsppehnrbqtac/Build/Intermediates.noindex/ArchiveIntermediates/Reel/IntermediateBuildFilesPath/AMSMB2.build/Release-iphoneos/libsmb2.build/Objects-normal/arm64/sha1.dia -c /Users/runner/work/reel/reel/Packages/AMSMB2/Dependencies/libsmb2/lib/sha1.c -o /Users/runner/Library/Developer/Xcode/DerivedData/Reel-eksnidxqjeiwfnbzsppehnrbqtac/Build/Intermediates.noindex/ArchiveIntermediates/Reel/IntermediateBuildFilesPath/AMSMB2.build/Release-iphoneos/libsmb2.build/Objects-normal/arm64/sha1.o

SwiftMergeGeneratedHeaders /Users/runner/Library/Developer/Xcode/DerivedData/Reel-eksnidxqjeiwfnbzsppehnrbqtac/Build/Intermediates.noindex/ArchiveIntermediates/Reel/IntermediateBuildFilesPath/GeneratedModuleMaps-iphoneos/VLCKitSPM-Swift.h /Users/runner/Library/Developer/Xcode/DerivedData/Reel-eksnidxqjeiwfnbzsppehnrbqtac/Build/Intermediates.noindex/ArchiveIntermediates/Reel/IntermediateBuildFilesPath/vlckit-spm.build/Release-iphoneos/VLCKitSPM.build/Objects-normal/arm64/VLCKitSPM-Swift.h (in target 'VLCKitSPM' from project 'vlckit-spm')
    cd /Users/runner/work/reel/reel/.spm/checkouts/vlckit-spm
    builtin-swiftHeaderTool -arch arm64 /Users/runner/Library/Developer/Xcode/DerivedData/Reel-eksnidxqjeiwfnbzsppehnrbqtac/Build/Intermediates.noindex/ArchiveIntermediates/Reel/IntermediateBuildFilesPath/vlckit-spm.build/Release-iphoneos/VLCKitSPM.build/Objects-normal/arm64/VLCKitSPM-Swift.h -o /Users/runner/Library/Developer/Xcode/DerivedData/Reel-eksnidxqjeiwfnbzsppehnrbqtac/Build/Intermediates.noindex/ArchiveIntermediates/Reel/IntermediateBuildFilesPath/GeneratedModuleMaps-iphoneos/VLCKitSPM-Swift.h

Copy /Users/runner/Library/Developer/Xcode/DerivedData/Reel-eksnidxqjeiwfnbzsppehnrbqtac/Build/Intermediates.noindex/ArchiveIntermediates/Reel/BuildProductsPath/Release-iphoneos/VLCKitSPM.swiftmodule/arm64-apple-ios.swiftmodule /Users/runner/Library/Developer/Xcode/DerivedData/Reel-eksnidxqjeiwfnbzsppehnrbqtac/Build/Intermediates.noindex/ArchiveIntermediates/Reel/IntermediateBuildFilesPath/vlckit-spm.build/Release-iphoneos/VLCKitSPM.build/Objects-normal/arm64/VLCKitSPM.swiftmodule (in target 'VLCKitSPM' from project 'vlckit-spm')
    cd /Users/runner/work/reel/reel/.spm/checkouts/vlckit-spm
    builtin-copy -exclude .DS_Store -exclude CVS -exclude .svn -exclude .git -exclude .hg -strip-unsigned-binaries -strip-deterministic -strip-tool /Applications/Xcode_26.6.app/Contents/Developer/Toolchains/XcodeDefault.xctoolchain/usr/bin/strip -resolve-src-symlinks -rename /Users/runner/Library/Developer/Xcode/DerivedData/Reel-eksnidxqjeiwfnbzsppehnrbqtac/Build/Intermediates.noindex/ArchiveIntermediates/Reel/IntermediateBuildFilesPath/vlckit-spm.build/Release-iphoneos/VLCKitSPM.build/Objects-normal/arm64/VLCKitSPM.swiftmodule /Users/runner/Library/Developer/Xcode/DerivedData/Reel-eksnidxqjeiwfnbzsppehnrbqtac/Build/Intermediates.noindex/ArchiveIntermediates/Reel/BuildProductsPath/Release-iphoneos/VLCKitSPM.swiftmodule/arm64-apple-ios.swiftmodule

Copy /Users/runner/Library/Developer/Xcode/DerivedData/Reel-eksnidxqjeiwfnbzsppehnrbqtac/Build/Intermediates.noindex/ArchiveIntermediates/Reel/BuildProductsPath/Release-iphoneos/VLCKitSPM.swiftmodule/arm64-apple-ios.swiftdoc /Users/runner/Library/Developer/Xcode/DerivedData/Reel-eksnidxqjeiwfnbzsppehnrbqtac/Build/Intermediates.noindex/ArchiveIntermediates/Reel/IntermediateBuildFilesPath/vlckit-spm.build/Release-iphoneos/VLCKitSPM.build/Objects-normal/arm64/VLCKitSPM.swiftdoc (in target 'VLCKitSPM' from project 'vlckit-spm')
    cd /Users/runner/work/reel/reel/.spm/checkouts/vlckit-spm
    builtin-copy -exclude .DS_Store -exclude CVS -exclude .svn -exclude .git -exclude .hg -strip-unsigned-binaries -strip-deterministic -strip-tool /Applications/Xcode_26.6.app/Contents/Developer/Toolchains/XcodeDefault.xctoolchain/usr/bin/strip -resolve-src-symlinks -rename /Users/runner/Library/Developer/Xcode/DerivedData/Reel-eksnidxqjeiwfnbzsppehnrbqtac/Build/Intermediates.noindex/ArchiveIntermediates/Reel/IntermediateBuildFilesPath/vlckit-spm.build/Release-iphoneos/VLCKitSPM.build/Objects-normal/arm64/VLCKitSPM.swiftdoc /Users/runner/Library/Developer/Xcode/DerivedData/Reel-eksnidxqjeiwfnbzsppehnrbqtac/Build/Intermediates.noindex/ArchiveIntermediates/Reel/BuildProductsPath/Release-iphoneos/VLCKitSPM.swiftmodule/arm64-apple-ios.swiftdoc

Copy /Users/runner/Library/Developer/Xcode/DerivedData/Reel-eksnidxqjeiwfnbzsppehnrbqtac/Build/Intermediates.noindex/ArchiveIntermediates/Reel/BuildProductsPath/Release-iphoneos/VLCKitSPM.swiftmodule/arm64-apple-ios.abi.json /Users/runner/Library/Developer/Xcode/DerivedData/Reel-eksnidxqjeiwfnbzsppehnrbqtac/Build/Intermediates.noindex/ArchiveIntermediates/Reel/IntermediateBuildFilesPath/vlckit-spm.build/Release-iphoneos/VLCKitSPM.build/Objects-normal/arm64/VLCKitSPM.abi.json (in target 'VLCKitSPM' from project 'vlckit-spm')
    cd /Users/runner/work/reel/reel/.spm/checkouts/vlckit-spm
    builtin-copy -exclude .DS_Store -exclude CVS -exclude .svn -exclude .git -exclude .hg -strip-unsigned-binaries -strip-deterministic -strip-tool /Applications/Xcode_26.6.app/Contents/Developer/Toolchains/XcodeDefault.xctoolchain/usr/bin/strip -resolve-src-symlinks -rename /Users/runner/Library/Developer/Xcode/DerivedData/Reel-eksnidxqjeiwfnbzsppehnrbqtac/Build/Intermediates.noindex/ArchiveIntermediates/Reel/IntermediateBuildFilesPath/vlckit-spm.build/Release-iphoneos/VLCKitSPM.build/Objects-normal/arm64/VLCKitSPM.abi.json /Users/runner/Library/Developer/Xcode/DerivedData/Reel-eksnidxqjeiwfnbzsppehnrbqtac/Build/Intermediates.noindex/ArchiveIntermediates/Reel/BuildProductsPath/Release-iphoneos/VLCKitSPM.swiftmodule/arm64-apple-ios.abi.json

CompileC /Users/runner/Library/Developer/Xcode/DerivedData/Reel-eksnidxqjeiwfnbzsppehnrbqtac/Build/Intermediates.noindex/ArchiveIntermediates/Reel/IntermediateBuildFilesPath/AMSMB2.build/Release-iphoneos/libsmb2.build/Objects-normal/arm64/sha1.o /Users/runner/work/reel/reel/Packages/AMSMB2/Dependencies/libsmb2/lib/sha1.c normal arm64 c com.apple.compilers.llvm.clang.1_0.compiler (in target 'libsmb2' from project 'AMSMB2')
    cd /Users/runner/work/reel/reel/Reel.xcodeproj
    
    Using response file: /Users/runner/Library/Developer/Xcode/DerivedData/Reel-eksnidxqjeiwfnbzsppehnrbqtac/Build/Intermediates.noindex/ArchiveIntermediates/Reel/IntermediateBuildFilesPath/AMSMB2.build/Release-iphoneos/libsmb2.build/Objects-normal/arm64/7187679823f38a2a940e0043cdf9d637-common-args.resp
    
    /Applications/Xcode_26.6.app/Contents/Developer/Toolchains/XcodeDefault.xctoolchain/usr/bin/clang -x c -ivfsstatcache /Users/runner/Library/Developer/Xcode/DerivedData/SDKStatCaches.noindex/iphoneos26.5-23F81a-688ef53f1462e2c8f657fdc38a81448fee66e23052a0157c865c76b268046726.sdkstatcache -target arm64-apple-ios13.0 -fmessage-length\=0 -fdiagnostics-show-note-include-stack -fmacro-backtrace-limit\=0 -fno-color-diagnostics -fmodules-prune-interval\=86400 -fmodules-prune-after\=345600 -fbuild-session-file\=/Users/runner/Library/Developer/Xcode/DerivedData/ModuleCache.noindex/Session.modulevalidation -fmodules-validate-once-per-build-session -Wnon-modular-include-in-framework-module -Werror\=non-modular-include-in-framework-module -Wno-trigraphs -Wno-missing-field-initializers -Wno-missing-prototypes -Wno-return-type -Wno-missing-braces -Wparentheses -Wswitch -Wno-unused-function -Wno-unused-label -Wno-unused-parameter -Wno-unused-variable -Wunused-value -Wno-empty-body -Wno-uninitialized -Wno-unknown-pragmas -w -Wno-shadow -Wno-four-char-constants -Wno-conversion -Wno-constant-conversion -Wno-int-conversion -Wno-bool-conversion -Wno-enum-conversion -Wno-float-conversion -Wno-non-literal-null-conversion -Wno-objc-literal-conversion -Wshorten-64-to-32 -Wpointer-sign -Wno-newline-eof -Wno-implicit-fallthrough -isysroot /Applications/Xcode_26.6.app/Contents/Developer/Platforms/iPhoneOS.platform/Developer/SDKs/iPhoneOS26.5.sdk -fstrict-aliasing -Wdeprecated-declarations -Wno-sign-conversion -Wno-infinite-recursion -Wno-comma -Wno-block-capture-autoreleasing -Wno-strict-prototypes -Wno-semicolon-before-method-body @/Users/runner/Library/Developer/Xcode/DerivedData/Reel-eksnidxqjeiwfnbzsppehnrbqtac/Build/Intermediates.noindex/ArchiveIntermediates/Reel/IntermediateBuildFilesPath/AMSMB2.build/Release-iphoneos/libsmb2.build/Objects-normal/arm64/7187679823f38a2a940e0043cdf9d637-common-args.resp -MMD -MT dependencies -MF /Users/runner/Library/Developer/Xcode/DerivedData/Reel-eksnidxqjeiwfnbzsppehnrbqtac/Build/Intermediates.noindex/ArchiveIntermediates/Reel/IntermediateBuildFilesPath/AMSMB2.build/Release-iphoneos/libsmb2.build/Objects-normal/arm64/sha1.d --serialize-diagnostics /Users/runner/Library/Developer/Xcode/DerivedData/Reel-eksnidxqjeiwfnbzsppehnrbqtac/Build/Intermediates.noindex/ArchiveIntermediates/Reel/IntermediateBuildFilesPath/AMSMB2.build/Release-iphoneos/libsmb2.build/Objects-normal/arm64/sha1.dia -c /Users/runner/work/reel/reel/Packages/AMSMB2/Dependencies/libsmb2/lib/sha1.c -o /Users/runner/Library/Developer/Xcode/DerivedData/Reel-eksnidxqjeiwfnbzsppehnrbqtac/Build/Intermediates.noindex/ArchiveIntermediates/Reel/IntermediateBuildFilesPath/AMSMB2.build/Release-iphoneos/libsmb2.build/Objects-normal/arm64/sha1.o

ScanDependencies /Users/runner/Library/Developer/Xcode/DerivedData/Reel-eksnidxqjeiwfnbzsppehnrbqtac/Build/Intermediates.noindex/ArchiveIntermediates/Reel/IntermediateBuildFilesPath/AMSMB2.build/Release-iphoneos/libsmb2.build/Objects-normal/arm64/pdu.o /Users/runner/work/reel/reel/Packages/AMSMB2/Dependencies/libsmb2/lib/pdu.c normal arm64 c com.apple.compilers.llvm.clang.1_0.compiler (in target 'libsmb2' from project 'AMSMB2')
    cd /Users/runner/work/reel/reel/Reel.xcodeproj
    
    Using response file: /Users/runner/Library/Developer/Xcode/DerivedData/Reel-eksnidxqjeiwfnbzsppehnrbqtac/Build/Intermediates.noindex/ArchiveIntermediates/Reel/IntermediateBuildFilesPath/AMSMB2.build/Release-iphoneos/libsmb2.build/Objects-normal/arm64/7187679823f38a2a940e0043cdf9d637-common-args.resp
    
    builtin-ScanDependencies -o /Users/runner/Library/Developer/Xcode/DerivedData/Reel-eksnidxqjeiwfnbzsppehnrbqtac/Build/Intermediates.noindex/ArchiveIntermediates/Reel/IntermediateBuildFilesPath/AMSMB2.build/Release-iphoneos/libsmb2.build/Objects-normal/arm64/pdu.o.scan -- /Applications/Xcode_26.6.app/Contents/Developer/Toolchains/XcodeDefault.xctoolchain/usr/bin/clang -x c -ivfsstatcache /Users/runner/Library/Developer/Xcode/DerivedData/SDKStatCaches.noindex/iphoneos26.5-23F81a-688ef53f1462e2c8f657fdc38a81448fee66e23052a0157c865c76b268046726.sdkstatcache -target arm64-apple-ios13.0 -fmessage-length\=0 -fdiagnostics-show-note-include-stack -fmacro-backtrace-limit\=0 -fno-color-diagnostics -fmodules-prune-interval\=86400 -fmodules-prune-after\=345600 -fbuild-session-file\=/Users/runner/Library/Developer/Xcode/DerivedData/ModuleCache.noindex/Session.modulevalidation -fmodules-validate-once-per-build-session -Wnon-modular-include-in-framework-module -Werror\=non-modular-include-in-framework-module -Wno-trigraphs -Wno-missing-field-initializers -Wno-missing-prototypes -Wno-return-type -Wno-missing-braces -Wparentheses -Wswitch -Wno-unused-function -Wno-unused-label -Wno-unused-parameter -Wno-unused-variable -Wunused-value -Wno-empty-body -Wno-uninitialized -Wno-unknown-pragmas -w -Wno-shadow -Wno-four-char-constants -Wno-conversion -Wno-constant-conversion -Wno-int-conversion -Wno-bool-conversion -Wno-enum-conversion -Wno-float-conversion -Wno-non-literal-null-conversion -Wno-objc-literal-conversion -Wshorten-64-to-32 -Wpointer-sign -Wno-newline-eof -Wno-implicit-fallthrough -isysroot /Applications/Xcode_26.6.app/Contents/Developer/Platforms/iPhoneOS.platform/Developer/SDKs/iPhoneOS26.5.sdk -fstrict-aliasing -Wdeprecated-declarations -Wno-sign-conversion -Wno-infinite-recursion -Wno-comma -Wno-block-capture-autoreleasing -Wno-strict-prototypes -Wno-semicolon-before-method-body @/Users/runner/Library/Developer/Xcode/DerivedData/Reel-eksnidxqjeiwfnbzsppehnrbqtac/Build/Intermediates.noindex/ArchiveIntermediates/Reel/IntermediateBuildFilesPath/AMSMB2.build/Release-iphoneos/libsmb2.build/Objects-normal/arm64/7187679823f38a2a940e0043cdf9d637-common-args.resp -MMD -MT dependencies -MF /Users/runner/Library/Developer/Xcode/DerivedData/Reel-eksnidxqjeiwfnbzsppehnrbqtac/Build/Intermediates.noindex/ArchiveIntermediates/Reel/IntermediateBuildFilesPath/AMSMB2.build/Release-iphoneos/libsmb2.build/Objects-normal/arm64/pdu.d --serialize-diagnostics /Users/runner/Library/Developer/Xcode/DerivedData/Reel-eksnidxqjeiwfnbzsppehnrbqtac/Build/Intermediates.noindex/ArchiveIntermediates/Reel/IntermediateBuildFilesPath/AMSMB2.build/Release-iphoneos/libsmb2.build/Objects-normal/arm64/pdu.dia -c /Users/runner/work/reel/reel/Packages/AMSMB2/Dependencies/libsmb2/lib/pdu.c -o /Users/runner/Library/Developer/Xcode/DerivedData/Reel-eksnidxqjeiwfnbzsppehnrbqtac/Build/Intermediates.noindex/ArchiveIntermediates/Reel/IntermediateBuildFilesPath/AMSMB2.build/Release-iphoneos/libsmb2.build/Objects-normal/arm64/pdu.o

ScanDependencies /Users/runner/Library/Developer/Xcode/DerivedData/Reel-eksnidxqjeiwfnbzsppehnrbqtac/Build/Intermediates.noindex/ArchiveIntermediates/Reel/IntermediateBuildFilesPath/AMSMB2.build/Release-iphoneos/libsmb2.build/Objects-normal/arm64/ntlmssp.o /Users/runner/work/reel/reel/Packages/AMSMB2/Dependencies/libsmb2/lib/ntlmssp.c normal arm64 c com.apple.compilers.llvm.clang.1_0.compiler (in target 'libsmb2' from project 'AMSMB2')
    cd /Users/runner/work/reel/reel/Reel.xcodeproj
    
    Using response file: /Users/runner/Library/Developer/Xcode/DerivedData/Reel-eksnidxqjeiwfnbzsppehnrbqtac/Build/Intermediates.noindex/ArchiveIntermediates/Reel/IntermediateBuildFilesPath/AMSMB2.build/Release-iphoneos/libsmb2.build/Objects-normal/arm64/7187679823f38a2a940e0043cdf9d637-common-args.resp
    
    builtin-ScanDependencies -o /Users/runner/Library/Developer/Xcode/DerivedData/Reel-eksnidxqjeiwfnbzsppehnrbqtac/Build/Intermediates.noindex/ArchiveIntermediates/Reel/IntermediateBuildFilesPath/AMSMB2.build/Release-iphoneos/libsmb2.build/Objects-normal/arm64/ntlmssp.o.scan -- /Applications/Xcode_26.6.app/Contents/Developer/Toolchains/XcodeDefault.xctoolchain/usr/bin/clang -x c -ivfsstatcache /Users/runner/Library/Developer/Xcode/DerivedData/SDKStatCaches.noindex/iphoneos26.5-23F81a-688ef53f1462e2c8f657fdc38a81448fee66e23052a0157c865c76b268046726.sdkstatcache -target arm64-apple-ios13.0 -fmessage-length\=0 -fdiagnostics-show-note-include-stack -fmacro-backtrace-limit\=0 -fno-color-diagnostics -fmodules-prune-interval\=86400 -fmodules-prune-after\=345600 -fbuild-session-file\=/Users/runner/Library/Developer/Xcode/DerivedData/ModuleCache.noindex/Session.modulevalidation -fmodules-validate-once-per-build-session -Wnon-modular-include-in-framework-module -Werror\=non-modular-include-in-framework-module -Wno-trigraphs -Wno-missing-field-initializers -Wno-missing-prototypes -Wno-return-type -Wno-missing-braces -Wparentheses -Wswitch -Wno-unused-function -Wno-unused-label -Wno-unused-parameter -Wno-unused-variable -Wunused-value -Wno-empty-body -Wno-uninitialized -Wno-unknown-pragmas -w -Wno-shadow -Wno-four-char-constants -Wno-conversion -Wno-constant-conversion -Wno-int-conversion -Wno-bool-conversion -Wno-enum-conversion -Wno-float-conversion -Wno-non-literal-null-conversion -Wno-objc-literal-conversion -Wshorten-64-to-32 -Wpointer-sign -Wno-newline-eof -Wno-implicit-fallthrough -isysroot /Applications/Xcode_26.6.app/Contents/Developer/Platforms/iPhoneOS.platform/Developer/SDKs/iPhoneOS26.5.sdk -fstrict-aliasing -Wdeprecated-declarations -Wno-sign-conversion -Wno-infinite-recursion -Wno-comma -Wno-block-capture-autoreleasing -Wno-strict-prototypes -Wno-semicolon-before-method-body @/Users/runner/Library/Developer/Xcode/DerivedData/Reel-eksnidxqjeiwfnbzsppehnrbqtac/Build/Intermediates.noindex/ArchiveIntermediates/Reel/IntermediateBuildFilesPath/AMSMB2.build/Release-iphoneos/libsmb2.build/Objects-normal/arm64/7187679823f38a2a940e0043cdf9d637-common-args.resp -MMD -MT dependencies -MF /Users/runner/Library/Developer/Xcode/DerivedData/Reel-eksnidxqjeiwfnbzsppehnrbqtac/Build/Intermediates.noindex/ArchiveIntermediates/Reel/IntermediateBuildFilesPath/AMSMB2.build/Release-iphoneos/libsmb2.build/Objects-normal/arm64/ntlmssp.d --serialize-diagnostics /Users/runner/Library/Developer/Xcode/DerivedData/Reel-eksnidxqjeiwfnbzsppehnrbqtac/Build/Intermediates.noindex/ArchiveIntermediates/Reel/IntermediateBuildFilesPath/AMSMB2.build/Release-iphoneos/libsmb2.build/Objects-normal/arm64/ntlmssp.dia -c /Users/runner/work/reel/reel/Packages/AMSMB2/Dependencies/libsmb2/lib/ntlmssp.c -o /Users/runner/Library/Developer/Xcode/DerivedData/Reel-eksnidxqjeiwfnbzsppehnrbqtac/Build/Intermediates.noindex/ArchiveIntermediates/Reel/IntermediateBuildFilesPath/AMSMB2.build/Release-iphoneos/libsmb2.build/Objects-normal/arm64/ntlmssp.o

ScanDependencies /Users/runner/Library/Developer/Xcode/DerivedData/Reel-eksnidxqjeiwfnbzsppehnrbqtac/Build/Intermediates.noindex/ArchiveIntermediates/Reel/IntermediateBuildFilesPath/AMSMB2.build/Release-iphoneos/libsmb2.build/Objects-normal/arm64/md5.o /Users/runner/work/reel/reel/Packages/AMSMB2/Dependencies/libsmb2/lib/md5.c normal arm64 c com.apple.compilers.llvm.clang.1_0.compiler (in target 'libsmb2' from project 'AMSMB2')
    cd /Users/runner/work/reel/reel/Reel.xcodeproj
    
    Using response file: /Users/runner/Library/Developer/Xcode/DerivedData/Reel-eksnidxqjeiwfnbzsppehnrbqtac/Build/Intermediates.noindex/ArchiveIntermediates/Reel/IntermediateBuildFilesPath/AMSMB2.build/Release-iphoneos/libsmb2.build/Objects-normal/arm64/7187679823f38a2a940e0043cdf9d637-common-args.resp
    
    builtin-ScanDependencies -o /Users/runner/Library/Developer/Xcode/DerivedData/Reel-eksnidxqjeiwfnbzsppehnrbqtac/Build/Intermediates.noindex/ArchiveIntermediates/Reel/IntermediateBuildFilesPath/AMSMB2.build/Release-iphoneos/libsmb2.build/Objects-normal/arm64/md5.o.scan -- /Applications/Xcode_26.6.app/Contents/Developer/Toolchains/XcodeDefault.xctoolchain/usr/bin/clang -x c -ivfsstatcache /Users/runner/Library/Developer/Xcode/DerivedData/SDKStatCaches.noindex/iphoneos26.5-23F81a-688ef53f1462e2c8f657fdc38a81448fee66e23052a0157c865c76b268046726.sdkstatcache -target arm64-apple-ios13.0 -fmessage-length\=0 -fdiagnostics-show-note-include-stack -fmacro-backtrace-limit\=0 -fno-color-diagnostics -fmodules-prune-interval\=86400 -fmodules-prune-after\=345600 -fbuild-session-file\=/Users/runner/Library/Developer/Xcode/DerivedData/ModuleCache.noindex/Session.modulevalidation -fmodules-validate-once-per-build-session -Wnon-modular-include-in-framework-module -Werror\=non-modular-include-in-framework-module -Wno-trigraphs -Wno-missing-field-initializers -Wno-missing-prototypes -Wno-return-type -Wno-missing-braces -Wparentheses -Wswitch -Wno-unused-function -Wno-unused-label -Wno-unused-parameter -Wno-unused-variable -Wunused-value -Wno-empty-body -Wno-uninitialized -Wno-unknown-pragmas -w -Wno-shadow -Wno-four-char-constants -Wno-conversion -Wno-constant-conversion -Wno-int-conversion -Wno-bool-conversion -Wno-enum-conversion -Wno-float-conversion -Wno-non-literal-null-conversion -Wno-objc-literal-conversion -Wshorten-64-to-32 -Wpointer-sign -Wno-newline-eof -Wno-implicit-fallthrough -isysroot /Applications/Xcode_26.6.app/Contents/Developer/Platforms/iPhoneOS.platform/Developer/SDKs/iPhoneOS26.5.sdk -fstrict-aliasing -Wdeprecated-declarations -Wno-sign-conversion -Wno-infinite-recursion -Wno-comma -Wno-block-capture-autoreleasing -Wno-strict-prototypes -Wno-semicolon-before-method-body @/Users/runner/Library/Developer/Xcode/DerivedData/Reel-eksnidxqjeiwfnbzsppehnrbqtac/Build/Intermediates.noindex/ArchiveIntermediates/Reel/IntermediateBuildFilesPath/AMSMB2.build/Release-iphoneos/libsmb2.build/Objects-normal/arm64/7187679823f38a2a940e0043cdf9d637-common-args.resp -MMD -MT dependencies -MF /Users/runner/Library/Developer/Xcode/DerivedData/Reel-eksnidxqjeiwfnbzsppehnrbqtac/Build/Intermediates.noindex/ArchiveIntermediates/Reel/IntermediateBuildFilesPath/AMSMB2.build/Release-iphoneos/libsmb2.build/Objects-normal/arm64/md5.d --serialize-diagnostics /Users/runner/Library/Developer/Xcode/DerivedData/Reel-eksnidxqjeiwfnbzsppehnrbqtac/Build/Intermediates.noindex/ArchiveIntermediates/Reel/IntermediateBuildFilesPath/AMSMB2.build/Release-iphoneos/libsmb2.build/Objects-normal/arm64/md5.dia -c /Users/runner/work/reel/reel/Packages/AMSMB2/Dependencies/libsmb2/lib/md5.c -o /Users/runner/Library/Developer/Xcode/DerivedData/Reel-eksnidxqjeiwfnbzsppehnrbqtac/Build/Intermediates.noindex/ArchiveIntermediates/Reel/IntermediateBuildFilesPath/AMSMB2.build/Release-iphoneos/libsmb2.build/Objects-normal/arm64/md5.o

CompileC /Users/runner/Library/Developer/Xcode/DerivedData/Reel-eksnidxqjeiwfnbzsppehnrbqtac/Build/Intermediates.noindex/ArchiveIntermediates/Reel/IntermediateBuildFilesPath/AMSMB2.build/Release-iphoneos/libsmb2.build/Objects-normal/arm64/pdu.o /Users/runner/work/reel/reel/Packages/AMSMB2/Dependencies/libsmb2/lib/pdu.c normal arm64 c com.apple.compilers.llvm.clang.1_0.compiler (in target 'libsmb2' from project 'AMSMB2')
    cd /Users/runner/work/reel/reel/Reel.xcodeproj
    
    Using response file: /Users/runner/Library/Developer/Xcode/DerivedData/Reel-eksnidxqjeiwfnbzsppehnrbqtac/Build/Intermediates.noindex/ArchiveIntermediates/Reel/IntermediateBuildFilesPath/AMSMB2.build/Release-iphoneos/libsmb2.build/Objects-normal/arm64/7187679823f38a2a940e0043cdf9d637-common-args.resp
    
    /Applications/Xcode_26.6.app/Contents/Developer/Toolchains/XcodeDefault.xctoolchain/usr/bin/clang -x c -ivfsstatcache /Users/runner/Library/Developer/Xcode/DerivedData/SDKStatCaches.noindex/iphoneos26.5-23F81a-688ef53f1462e2c8f657fdc38a81448fee66e23052a0157c865c76b268046726.sdkstatcache -target arm64-apple-ios13.0 -fmessage-length\=0 -fdiagnostics-show-note-include-stack -fmacro-backtrace-limit\=0 -fno-color-diagnostics -fmodules-prune-interval\=86400 -fmodules-prune-after\=345600 -fbuild-session-file\=/Users/runner/Library/Developer/Xcode/DerivedData/ModuleCache.noindex/Session.modulevalidation -fmodules-validate-once-per-build-session -Wnon-modular-include-in-framework-module -Werror\=non-modular-include-in-framework-module -Wno-trigraphs -Wno-missing-field-initializers -Wno-missing-prototypes -Wno-return-type -Wno-missing-braces -Wparentheses -Wswitch -Wno-unused-function -Wno-unused-label -Wno-unused-parameter -Wno-unused-variable -Wunused-value -Wno-empty-body -Wno-uninitialized -Wno-unknown-pragmas -w -Wno-shadow -Wno-four-char-constants -Wno-conversion -Wno-constant-conversion -Wno-int-conversion -Wno-bool-conversion -Wno-enum-conversion -Wno-float-conversion -Wno-non-literal-null-conversion -Wno-objc-literal-conversion -Wshorten-64-to-32 -Wpointer-sign -Wno-newline-eof -Wno-implicit-fallthrough -isysroot /Applications/Xcode_26.6.app/Contents/Developer/Platforms/iPhoneOS.platform/Developer/SDKs/iPhoneOS26.5.sdk -fstrict-aliasing -Wdeprecated-declarations -Wno-sign-conversion -Wno-infinite-recursion -Wno-comma -Wno-block-capture-autoreleasing -Wno-strict-prototypes -Wno-semicolon-before-method-body @/Users/runner/Library/Developer/Xcode/DerivedData/Reel-eksnidxqjeiwfnbzsppehnrbqtac/Build/Intermediates.noindex/ArchiveIntermediates/Reel/IntermediateBuildFilesPath/AMSMB2.build/Release-iphoneos/libsmb2.build/Objects-normal/arm64/7187679823f38a2a940e0043cdf9d637-common-args.resp -MMD -MT dependencies -MF /Users/runner/Library/Developer/Xcode/DerivedData/Reel-eksnidxqjeiwfnbzsppehnrbqtac/Build/Intermediates.noindex/ArchiveIntermediates/Reel/IntermediateBuildFilesPath/AMSMB2.build/Release-iphoneos/libsmb2.build/Objects-normal/arm64/pdu.d --serialize-diagnostics /Users/runner/Library/Developer/Xcode/DerivedData/Reel-eksnidxqjeiwfnbzsppehnrbqtac/Build/Intermediates.noindex/ArchiveIntermediates/Reel/IntermediateBuildFilesPath/AMSMB2.build/Release-iphoneos/libsmb2.build/Objects-normal/arm64/pdu.dia -c /Users/runner/work/reel/reel/Packages/AMSMB2/Dependencies/libsmb2/lib/pdu.c -o /Users/runner/Library/Developer/Xcode/DerivedData/Reel-eksnidxqjeiwfnbzsppehnrbqtac/Build/Intermediates.noindex/ArchiveIntermediates/Reel/IntermediateBuildFilesPath/AMSMB2.build/Release-iphoneos/libsmb2.build/Objects-normal/arm64/pdu.o

CompileC /Users/runner/Library/Developer/Xcode/DerivedData/Reel-eksnidxqjeiwfnbzsppehnrbqtac/Build/Intermediates.noindex/ArchiveIntermediates/Reel/IntermediateBuildFilesPath/AMSMB2.build/Release-iphoneos/libsmb2.build/Objects-normal/arm64/ntlmssp.o /Users/runner/work/reel/reel/Packages/AMSMB2/Dependencies/libsmb2/lib/ntlmssp.c normal arm64 c com.apple.compilers.llvm.clang.1_0.compiler (in target 'libsmb2' from project 'AMSMB2')
    cd /Users/runner/work/reel/reel/Reel.xcodeproj
    
    Using response file: /Users/runner/Library/Developer/Xcode/DerivedData/Reel-eksnidxqjeiwfnbzsppehnrbqtac/Build/Intermediates.noindex/ArchiveIntermediates/Reel/IntermediateBuildFilesPath/AMSMB2.build/Release-iphoneos/libsmb2.build/Objects-normal/arm64/7187679823f38a2a940e0043cdf9d637-common-args.resp
    
    /Applications/Xcode_26.6.app/Contents/Developer/Toolchains/XcodeDefault.xctoolchain/usr/bin/clang -x c -ivfsstatcache /Users/runner/Library/Developer/Xcode/DerivedData/SDKStatCaches.noindex/iphoneos26.5-23F81a-688ef53f1462e2c8f657fdc38a81448fee66e23052a0157c865c76b268046726.sdkstatcache -target arm64-apple-ios13.0 -fmessage-length\=0 -fdiagnostics-show-note-include-stack -fmacro-backtrace-limit\=0 -fno-color-diagnostics -fmodules-prune-interval\=86400 -fmodules-prune-after\=345600 -fbuild-session-file\=/Users/runner/Library/Developer/Xcode/DerivedData/ModuleCache.noindex/Session.modulevalidation -fmodules-validate-once-per-build-session -Wnon-modular-include-in-framework-module -Werror\=non-modular-include-in-framework-module -Wno-trigraphs -Wno-missing-field-initializers -Wno-missing-prototypes -Wno-return-type -Wno-missing-braces -Wparentheses -Wswitch -Wno-unused-function -Wno-unused-label -Wno-unused-parameter -Wno-unused-variable -Wunused-value -Wno-empty-body -Wno-uninitialized -Wno-unknown-pragmas -w -Wno-shadow -Wno-four-char-constants -Wno-conversion -Wno-constant-conversion -Wno-int-conversion -Wno-bool-conversion -Wno-enum-conversion -Wno-float-conversion -Wno-non-literal-null-conversion -Wno-objc-literal-conversion -Wshorten-64-to-32 -Wpointer-sign -Wno-newline-eof -Wno-implicit-fallthrough -isysroot /Applications/Xcode_26.6.app/Contents/Developer/Platforms/iPhoneOS.platform/Developer/SDKs/iPhoneOS26.5.sdk -fstrict-aliasing -Wdeprecated-declarations -Wno-sign-conversion -Wno-infinite-recursion -Wno-comma -Wno-block-capture-autoreleasing -Wno-strict-prototypes -Wno-semicolon-before-method-body @/Users/runner/Library/Developer/Xcode/DerivedData/Reel-eksnidxqjeiwfnbzsppehnrbqtac/Build/Intermediates.noindex/ArchiveIntermediates/Reel/IntermediateBuildFilesPath/AMSMB2.build/Release-iphoneos/libsmb2.build/Objects-normal/arm64/7187679823f38a2a940e0043cdf9d637-common-args.resp -MMD -MT dependencies -MF /Users/runner/Library/Developer/Xcode/DerivedData/Reel-eksnidxqjeiwfnbzsppehnrbqtac/Build/Intermediates.noindex/ArchiveIntermediates/Reel/IntermediateBuildFilesPath/AMSMB2.build/Release-iphoneos/libsmb2.build/Objects-normal/arm64/ntlmssp.d --serialize-diagnostics /Users/runner/Library/Developer/Xcode/DerivedData/Reel-eksnidxqjeiwfnbzsppehnrbqtac/Build/Intermediates.noindex/ArchiveIntermediates/Reel/IntermediateBuildFilesPath/AMSMB2.build/Release-iphoneos/libsmb2.build/Objects-normal/arm64/ntlmssp.dia -c /Users/runner/work/reel/reel/Packages/AMSMB2/Dependencies/libsmb2/lib/ntlmssp.c -o /Users/runner/Library/Developer/Xcode/DerivedData/Reel-eksnidxqjeiwfnbzsppehnrbqtac/Build/Intermediates.noindex/ArchiveIntermediates/Reel/IntermediateBuildFilesPath/AMSMB2.build/Release-iphoneos/libsmb2.build/Objects-normal/arm64/ntlmssp.o

CompileC /Users/runner/Library/Developer/Xcode/DerivedData/Reel-eksnidxqjeiwfnbzsppehnrbqtac/Build/Intermediates.noindex/ArchiveIntermediates/Reel/IntermediateBuildFilesPath/AMSMB2.build/Release-iphoneos/libsmb2.build/Objects-normal/arm64/md5.o /Users/runner/work/reel/reel/Packages/AMSMB2/Dependencies/libsmb2/lib/md5.c normal arm64 c com.apple.compilers.llvm.clang.1_0.compiler (in target 'libsmb2' from project 'AMSMB2')
    cd /Users/runner/work/reel/reel/Reel.xcodeproj
    
    Using response file: /Users/runner/Library/Developer/Xcode/DerivedData/Reel-eksnidxqjeiwfnbzsppehnrbqtac/Build/Intermediates.noindex/ArchiveIntermediates/Reel/IntermediateBuildFilesPath/AMSMB2.build/Release-iphoneos/libsmb2.build/Objects-normal/arm64/7187679823f38a2a940e0043cdf9d637-common-args.resp
    
    /Applications/Xcode_26.6.app/Contents/Developer/Toolchains/XcodeDefault.xctoolchain/usr/bin/clang -x c -ivfsstatcache /Users/runner/Library/Developer/Xcode/DerivedData/SDKStatCaches.noindex/iphoneos26.5-23F81a-688ef53f1462e2c8f657fdc38a81448fee66e23052a0157c865c76b268046726.sdkstatcache -target arm64-apple-ios13.0 -fmessage-length\=0 -fdiagnostics-show-note-include-stack -fmacro-backtrace-limit\=0 -fno-color-diagnostics -fmodules-prune-interval\=86400 -fmodules-prune-after\=345600 -fbuild-session-file\=/Users/runner/Library/Developer/Xcode/DerivedData/ModuleCache.noindex/Session.modulevalidation -fmodules-validate-once-per-build-session -Wnon-modular-include-in-framework-module -Werror\=non-modular-include-in-framework-module -Wno-trigraphs -Wno-missing-field-initializers -Wno-missing-prototypes -Wno-return-type -Wno-missing-braces -Wparentheses -Wswitch -Wno-unused-function -Wno-unused-label -Wno-unused-parameter -Wno-unused-variable -Wunused-value -Wno-empty-body -Wno-uninitialized -Wno-unknown-pragmas -w -Wno-shadow -Wno-four-char-constants -Wno-conversion -Wno-constant-conversion -Wno-int-conversion -Wno-bool-conversion -Wno-enum-conversion -Wno-float-conversion -Wno-non-literal-null-conversion -Wno-objc-literal-conversion -Wshorten-64-to-32 -Wpointer-sign -Wno-newline-eof -Wno-implicit-fallthrough -isysroot /Applications/Xcode_26.6.app/Contents/Developer/Platforms/iPhoneOS.platform/Developer/SDKs/iPhoneOS26.5.sdk -fstrict-aliasing -Wdeprecated-declarations -Wno-sign-conversion -Wno-infinite-recursion -Wno-comma -Wno-block-capture-autoreleasing -Wno-strict-prototypes -Wno-semicolon-before-method-body @/Users/runner/Library/Developer/Xcode/DerivedData/Reel-eksnidxqjeiwfnbzsppehnrbqtac/Build/Intermediates.noindex/ArchiveIntermediates/Reel/IntermediateBuildFilesPath/AMSMB2.build/Release-iphoneos/libsmb2.build/Objects-normal/arm64/7187679823f38a2a940e0043cdf9d637-common-args.resp -MMD -MT dependencies -MF /Users/runner/Library/Developer/Xcode/DerivedData/Reel-eksnidxqjeiwfnbzsppehnrbqtac/Build/Intermediates.noindex/ArchiveIntermediates/Reel/IntermediateBuildFilesPath/AMSMB2.build/Release-iphoneos/libsmb2.build/Objects-normal/arm64/md5.d --serialize-diagnostics /Users/runner/Library/Developer/Xcode/DerivedData/Reel-eksnidxqjeiwfnbzsppehnrbqtac/Build/Intermediates.noindex/ArchiveIntermediates/Reel/IntermediateBuildFilesPath/AMSMB2.build/Release-iphoneos/libsmb2.build/Objects-normal/arm64/md5.dia -c /Users/runner/work/reel/reel/Packages/AMSMB2/Dependencies/libsmb2/lib/md5.c -o /Users/runner/Library/Developer/Xcode/DerivedData/Reel-eksnidxqjeiwfnbzsppehnrbqtac/Build/Intermediates.noindex/ArchiveIntermediates/Reel/IntermediateBuildFilesPath/AMSMB2.build/Release-iphoneos/libsmb2.build/Objects-normal/arm64/md5.o

ScanDependencies /Users/runner/Library/Developer/Xcode/DerivedData/Reel-eksnidxqjeiwfnbzsppehnrbqtac/Build/Intermediates.noindex/ArchiveIntermediates/Reel/IntermediateBuildFilesPath/AMSMB2.build/Release-iphoneos/libsmb2.build/Objects-normal/arm64/md4c.o /Users/runner/work/reel/reel/Packages/AMSMB2/Dependencies/libsmb2/lib/md4c.c normal arm64 c com.apple.compilers.llvm.clang.1_0.compiler (in target 'libsmb2' from project 'AMSMB2')
    cd /Users/runner/work/reel/reel/Reel.xcodeproj
    
    Using response file: /Users/runner/Library/Developer/Xcode/DerivedData/Reel-eksnidxqjeiwfnbzsppehnrbqtac/Build/Intermediates.noindex/ArchiveIntermediates/Reel/IntermediateBuildFilesPath/AMSMB2.build/Release-iphoneos/libsmb2.build/Objects-normal/arm64/7187679823f38a2a940e0043cdf9d637-common-args.resp
    
    builtin-ScanDependencies -o /Users/runner/Library/Developer/Xcode/DerivedData/Reel-eksnidxqjeiwfnbzsppehnrbqtac/Build/Intermediates.noindex/ArchiveIntermediates/Reel/IntermediateBuildFilesPath/AMSMB2.build/Release-iphoneos/libsmb2.build/Objects-normal/arm64/md4c.o.scan -- /Applications/Xcode_26.6.app/Contents/Developer/Toolchains/XcodeDefault.xctoolchain/usr/bin/clang -x c -ivfsstatcache /Users/runner/Library/Developer/Xcode/DerivedData/SDKStatCaches.noindex/iphoneos26.5-23F81a-688ef53f1462e2c8f657fdc38a81448fee66e23052a0157c865c76b268046726.sdkstatcache -target arm64-apple-ios13.0 -fmessage-length\=0 -fdiagnostics-show-note-include-stack -fmacro-backtrace-limit\=0 -fno-color-diagnostics -fmodules-prune-interval\=86400 -fmodules-prune-after\=345600 -fbuild-session-file\=/Users/runner/Library/Developer/Xcode/DerivedData/ModuleCache.noindex/Session.modulevalidation -fmodules-validate-once-per-build-session -Wnon-modular-include-in-framework-module -Werror\=non-modular-include-in-framework-module -Wno-trigraphs -Wno-missing-field-initializers -Wno-missing-prototypes -Wno-return-type -Wno-missing-braces -Wparentheses -Wswitch -Wno-unused-function -Wno-unused-label -Wno-unused-parameter -Wno-unused-variable -Wunused-value -Wno-empty-body -Wno-uninitialized -Wno-unknown-pragmas -w -Wno-shadow -Wno-four-char-constants -Wno-conversion -Wno-constant-conversion -Wno-int-conversion -Wno-bool-conversion -Wno-enum-conversion -Wno-float-conversion -Wno-non-literal-null-conversion -Wno-objc-literal-conversion -Wshorten-64-to-32 -Wpointer-sign -Wno-newline-eof -Wno-implicit-fallthrough -isysroot /Applications/Xcode_26.6.app/Contents/Developer/Platforms/iPhoneOS.platform/Developer/SDKs/iPhoneOS26.5.sdk -fstrict-aliasing -Wdeprecated-declarations -Wno-sign-conversion -Wno-infinite-recursion -Wno-comma -Wno-block-capture-autoreleasing -Wno-strict-prototypes -Wno-semicolon-before-method-body @/Users/runner/Library/Developer/Xcode/DerivedData/Reel-eksnidxqjeiwfnbzsppehnrbqtac/Build/Intermediates.noindex/ArchiveIntermediates/Reel/IntermediateBuildFilesPath/AMSMB2.build/Release-iphoneos/libsmb2.build/Objects-normal/arm64/7187679823f38a2a940e0043cdf9d637-common-args.resp -MMD -MT dependencies -MF /Users/runner/Library/Developer/Xcode/DerivedData/Reel-eksnidxqjeiwfnbzsppehnrbqtac/Build/Intermediates.noindex/ArchiveIntermediates/Reel/IntermediateBuildFilesPath/AMSMB2.build/Release-iphoneos/libsmb2.build/Objects-normal/arm64/md4c.d --serialize-diagnostics /Users/runner/Library/Developer/Xcode/DerivedData/Reel-eksnidxqjeiwfnbzsppehnrbqtac/Build/Intermediates.noindex/ArchiveIntermediates/Reel/IntermediateBuildFilesPath/AMSMB2.build/Release-iphoneos/libsmb2.build/Objects-normal/arm64/md4c.dia -c /Users/runner/work/reel/reel/Packages/AMSMB2/Dependencies/libsmb2/lib/md4c.c -o /Users/runner/Library/Developer/Xcode/DerivedData/Reel-eksnidxqjeiwfnbzsppehnrbqtac/Build/Intermediates.noindex/ArchiveIntermediates/Reel/IntermediateBuildFilesPath/AMSMB2.build/Release-iphoneos/libsmb2.build/Objects-normal/arm64/md4c.o

ScanDependencies /Users/runner/Library/Developer/Xcode/DerivedData/Reel-eksnidxqjeiwfnbzsppehnrbqtac/Build/Intermediates.noindex/ArchiveIntermediates/Reel/IntermediateBuildFilesPath/AMSMB2.build/Release-iphoneos/libsmb2.build/Objects-normal/arm64/libsmb2.o /Users/runner/work/reel/reel/Packages/AMSMB2/Dependencies/libsmb2/lib/libsmb2.c normal arm64 c com.apple.compilers.llvm.clang.1_0.compiler (in target 'libsmb2' from project 'AMSMB2')
    cd /Users/runner/work/reel/reel/Reel.xcodeproj
    
    Using response file: /Users/runner/Library/Developer/Xcode/DerivedData/Reel-eksnidxqjeiwfnbzsppehnrbqtac/Build/Intermediates.noindex/ArchiveIntermediates/Reel/IntermediateBuildFilesPath/AMSMB2.build/Release-iphoneos/libsmb2.build/Objects-normal/arm64/7187679823f38a2a940e0043cdf9d637-common-args.resp
    
    builtin-ScanDependencies -o /Users/runner/Library/Developer/Xcode/DerivedData/Reel-eksnidxqjeiwfnbzsppehnrbqtac/Build/Intermediates.noindex/ArchiveIntermediates/Reel/IntermediateBuildFilesPath/AMSMB2.build/Release-iphoneos/libsmb2.build/Objects-normal/arm64/libsmb2.o.scan -- /Applications/Xcode_26.6.app/Contents/Developer/Toolchains/XcodeDefault.xctoolchain/usr/bin/clang -x c -ivfsstatcache /Users/runner/Library/Developer/Xcode/DerivedData/SDKStatCaches.noindex/iphoneos26.5-23F81a-688ef53f1462e2c8f657fdc38a81448fee66e23052a0157c865c76b268046726.sdkstatcache -target arm64-apple-ios13.0 -fmessage-length\=0 -fdiagnostics-show-note-include-stack -fmacro-backtrace-limit\=0 -fno-color-diagnostics -fmodules-prune-interval\=86400 -fmodules-prune-after\=345600 -fbuild-session-file\=/Users/runner/Library/Developer/Xcode/DerivedData/ModuleCache.noindex/Session.modulevalidation -fmodules-validate-once-per-build-session -Wnon-modular-include-in-framework-module -Werror\=non-modular-include-in-framework-module -Wno-trigraphs -Wno-missing-field-initializers -Wno-missing-prototypes -Wno-return-type -Wno-missing-braces -Wparentheses -Wswitch -Wno-unused-function -Wno-unused-label -Wno-unused-parameter -Wno-unused-variable -Wunused-value -Wno-empty-body -Wno-uninitialized -Wno-unknown-pragmas -w -Wno-shadow -Wno-four-char-constants -Wno-conversion -Wno-constant-conversion -Wno-int-conversion -Wno-bool-conversion -Wno-enum-conversion -Wno-float-conversion -Wno-non-literal-null-conversion -Wno-objc-literal-conversion -Wshorten-64-to-32 -Wpointer-sign -Wno-newline-eof -Wno-implicit-fallthrough -isysroot /Applications/Xcode_26.6.app/Contents/Developer/Platforms/iPhoneOS.platform/Developer/SDKs/iPhoneOS26.5.sdk -fstrict-aliasing -Wdeprecated-declarations -Wno-sign-conversion -Wno-infinite-recursion -Wno-comma -Wno-block-capture-autoreleasing -Wno-strict-prototypes -Wno-semicolon-before-method-body @/Users/runner/Library/Developer/Xcode/DerivedData/Reel-eksnidxqjeiwfnbzsppehnrbqtac/Build/Intermediates.noindex/ArchiveIntermediates/Reel/IntermediateBuildFilesPath/AMSMB2.build/Release-iphoneos/libsmb2.build/Objects-normal/arm64/7187679823f38a2a940e0043cdf9d637-common-args.resp -MMD -MT dependencies -MF /Users/runner/Library/Developer/Xcode/DerivedData/Reel-eksnidxqjeiwfnbzsppehnrbqtac/Build/Intermediates.noindex/ArchiveIntermediates/Reel/IntermediateBuildFilesPath/AMSMB2.build/Release-iphoneos/libsmb2.build/Objects-normal/arm64/libsmb2.d --serialize-diagnostics /Users/runner/Library/Developer/Xcode/DerivedData/Reel-eksnidxqjeiwfnbzsppehnrbqtac/Build/Intermediates.noindex/ArchiveIntermediates/Reel/IntermediateBuildFilesPath/AMSMB2.build/Release-iphoneos/libsmb2.build/Objects-normal/arm64/libsmb2.dia -c /Users/runner/work/reel/reel/Packages/AMSMB2/Dependencies/libsmb2/lib/libsmb2.c -o /Users/runner/Library/Developer/Xcode/DerivedData/Reel-eksnidxqjeiwfnbzsppehnrbqtac/Build/Intermediates.noindex/ArchiveIntermediates/Reel/IntermediateBuildFilesPath/AMSMB2.build/Release-iphoneos/libsmb2.build/Objects-normal/arm64/libsmb2.o

CompileC /Users/runner/Library/Developer/Xcode/DerivedData/Reel-eksnidxqjeiwfnbzsppehnrbqtac/Build/Intermediates.noindex/ArchiveIntermediates/Reel/IntermediateBuildFilesPath/AMSMB2.build/Release-iphoneos/libsmb2.build/Objects-normal/arm64/md4c.o /Users/runner/work/reel/reel/Packages/AMSMB2/Dependencies/libsmb2/lib/md4c.c normal arm64 c com.apple.compilers.llvm.clang.1_0.compiler (in target 'libsmb2' from project 'AMSMB2')
    cd /Users/runner/work/reel/reel/Reel.xcodeproj
    
    Using response file: /Users/runner/Library/Developer/Xcode/DerivedData/Reel-eksnidxqjeiwfnbzsppehnrbqtac/Build/Intermediates.noindex/ArchiveIntermediates/Reel/IntermediateBuildFilesPath/AMSMB2.build/Release-iphoneos/libsmb2.build/Objects-normal/arm64/7187679823f38a2a940e0043cdf9d637-common-args.resp
    
    /Applications/Xcode_26.6.app/Contents/Developer/Toolchains/XcodeDefault.xctoolchain/usr/bin/clang -x c -ivfsstatcache /Users/runner/Library/Developer/Xcode/DerivedData/SDKStatCaches.noindex/iphoneos26.5-23F81a-688ef53f1462e2c8f657fdc38a81448fee66e23052a0157c865c76b268046726.sdkstatcache -target arm64-apple-ios13.0 -fmessage-length\=0 -fdiagnostics-show-note-include-stack -fmacro-backtrace-limit\=0 -fno-color-diagnostics -fmodules-prune-interval\=86400 -fmodules-prune-after\=345600 -fbuild-session-file\=/Users/runner/Library/Developer/Xcode/DerivedData/ModuleCache.noindex/Session.modulevalidation -fmodules-validate-once-per-build-session -Wnon-modular-include-in-framework-module -Werror\=non-modular-include-in-framework-module -Wno-trigraphs -Wno-missing-field-initializers -Wno-missing-prototypes -Wno-return-type -Wno-missing-braces -Wparentheses -Wswitch -Wno-unused-function -Wno-unused-label -Wno-unused-parameter -Wno-unused-variable -Wunused-value -Wno-empty-body -Wno-uninitialized -Wno-unknown-pragmas -w -Wno-shadow -Wno-four-char-constants -Wno-conversion -Wno-constant-conversion -Wno-int-conversion -Wno-bool-conversion -Wno-enum-conversion -Wno-float-conversion -Wno-non-literal-null-conversion -Wno-objc-literal-conversion -Wshorten-64-to-32 -Wpointer-sign -Wno-newline-eof -Wno-implicit-fallthrough -isysroot /Applications/Xcode_26.6.app/Contents/Developer/Platforms/iPhoneOS.platform/Developer/SDKs/iPhoneOS26.5.sdk -fstrict-aliasing -Wdeprecated-declarations -Wno-sign-conversion -Wno-infinite-recursion -Wno-comma -Wno-block-capture-autoreleasing -Wno-strict-prototypes -Wno-semicolon-before-method-body @/Users/runner/Library/Developer/Xcode/DerivedData/Reel-eksnidxqjeiwfnbzsppehnrbqtac/Build/Intermediates.noindex/ArchiveIntermediates/Reel/IntermediateBuildFilesPath/AMSMB2.build/Release-iphoneos/libsmb2.build/Objects-normal/arm64/7187679823f38a2a940e0043cdf9d637-common-args.resp -MMD -MT dependencies -MF /Users/runner/Library/Developer/Xcode/DerivedData/Reel-eksnidxqjeiwfnbzsppehnrbqtac/Build/Intermediates.noindex/ArchiveIntermediates/Reel/IntermediateBuildFilesPath/AMSMB2.build/Release-iphoneos/libsmb2.build/Objects-normal/arm64/md4c.d --serialize-diagnostics /Users/runner/Library/Developer/Xcode/DerivedData/Reel-eksnidxqjeiwfnbzsppehnrbqtac/Build/Intermediates.noindex/ArchiveIntermediates/Reel/IntermediateBuildFilesPath/AMSMB2.build/Release-iphoneos/libsmb2.build/Objects-normal/arm64/md4c.dia -c /Users/runner/work/reel/reel/Packages/AMSMB2/Dependencies/libsmb2/lib/md4c.c -o /Users/runner/Library/Developer/Xcode/DerivedData/Reel-eksnidxqjeiwfnbzsppehnrbqtac/Build/Intermediates.noindex/ArchiveIntermediates/Reel/IntermediateBuildFilesPath/AMSMB2.build/Release-iphoneos/libsmb2.build/Objects-normal/arm64/md4c.o

CompileC /Users/runner/Library/Developer/Xcode/DerivedData/Reel-eksnidxqjeiwfnbzsppehnrbqtac/Build/Intermediates.noindex/ArchiveIntermediates/Reel/IntermediateBuildFilesPath/AMSMB2.build/Release-iphoneos/libsmb2.build/Objects-normal/arm64/libsmb2.o /Users/runner/work/reel/reel/Packages/AMSMB2/Dependencies/libsmb2/lib/libsmb2.c normal arm64 c com.apple.compilers.llvm.clang.1_0.compiler (in target 'libsmb2' from project 'AMSMB2')
    cd /Users/runner/work/reel/reel/Reel.xcodeproj
    
    Using response file: /Users/runner/Library/Developer/Xcode/DerivedData/Reel-eksnidxqjeiwfnbzsppehnrbqtac/Build/Intermediates.noindex/ArchiveIntermediates/Reel/IntermediateBuildFilesPath/AMSMB2.build/Release-iphoneos/libsmb2.build/Objects-normal/arm64/7187679823f38a2a940e0043cdf9d637-common-args.resp
    
    /Applications/Xcode_26.6.app/Contents/Developer/Toolchains/XcodeDefault.xctoolchain/usr/bin/clang -x c -ivfsstatcache /Users/runner/Library/Developer/Xcode/DerivedData/SDKStatCaches.noindex/iphoneos26.5-23F81a-688ef53f1462e2c8f657fdc38a81448fee66e23052a0157c865c76b268046726.sdkstatcache -target arm64-apple-ios13.0 -fmessage-length\=0 -fdiagnostics-show-note-include-stack -fmacro-backtrace-limit\=0 -fno-color-diagnostics -fmodules-prune-interval\=86400 -fmodules-prune-after\=345600 -fbuild-session-file\=/Users/runner/Library/Developer/Xcode/DerivedData/ModuleCache.noindex/Session.modulevalidation -fmodules-validate-once-per-build-session -Wnon-modular-include-in-framework-module -Werror\=non-modular-include-in-framework-module -Wno-trigraphs -Wno-missing-field-initializers -Wno-missing-prototypes -Wno-return-type -Wno-missing-braces -Wparentheses -Wswitch -Wno-unused-function -Wno-unused-label -Wno-unused-parameter -Wno-unused-variable -Wunused-value -Wno-empty-body -Wno-uninitialized -Wno-unknown-pragmas -w -Wno-shadow -Wno-four-char-constants -Wno-conversion -Wno-constant-conversion -Wno-int-conversion -Wno-bool-conversion -Wno-enum-conversion -Wno-float-conversion -Wno-non-literal-null-conversion -Wno-objc-literal-conversion -Wshorten-64-to-32 -Wpointer-sign -Wno-newline-eof -Wno-implicit-fallthrough -isysroot /Applications/Xcode_26.6.app/Contents/Developer/Platforms/iPhoneOS.platform/Developer/SDKs/iPhoneOS26.5.sdk -fstrict-aliasing -Wdeprecated-declarations -Wno-sign-conversion -Wno-infinite-recursion -Wno-comma -Wno-block-capture-autoreleasing -Wno-strict-prototypes -Wno-semicolon-before-method-body @/Users/runner/Library/Developer/Xcode/DerivedData/Reel-eksnidxqjeiwfnbzsppehnrbqtac/Build/Intermediates.noindex/ArchiveIntermediates/Reel/IntermediateBuildFilesPath/AMSMB2.build/Release-iphoneos/libsmb2.build/Objects-normal/arm64/7187679823f38a2a940e0043cdf9d637-common-args.resp -MMD -MT dependencies -MF /Users/runner/Library/Developer/Xcode/DerivedData/Reel-eksnidxqjeiwfnbzsppehnrbqtac/Build/Intermediates.noindex/ArchiveIntermediates/Reel/IntermediateBuildFilesPath/AMSMB2.build/Release-iphoneos/libsmb2.build/Objects-normal/arm64/libsmb2.d --serialize-diagnostics /Users/runner/Library/Developer/Xcode/DerivedData/Reel-eksnidxqjeiwfnbzsppehnrbqtac/Build/Intermediates.noindex/ArchiveIntermediates/Reel/IntermediateBuildFilesPath/AMSMB2.build/Release-iphoneos/libsmb2.build/Objects-normal/arm64/libsmb2.dia -c /Users/runner/work/reel/reel/Packages/AMSMB2/Dependencies/libsmb2/lib/libsmb2.c -o /Users/runner/Library/Developer/Xcode/DerivedData/Reel-eksnidxqjeiwfnbzsppehnrbqtac/Build/Intermediates.noindex/ArchiveIntermediates/Reel/IntermediateBuildFilesPath/AMSMB2.build/Release-iphoneos/libsmb2.build/Objects-normal/arm64/libsmb2.o

ScanDependencies /Users/runner/Library/Developer/Xcode/DerivedData/Reel-eksnidxqjeiwfnbzsppehnrbqtac/Build/Intermediates.noindex/ArchiveIntermediates/Reel/IntermediateBuildFilesPath/AMSMB2.build/Release-iphoneos/libsmb2.build/Objects-normal/arm64/krb5-wrapper.o /Users/runner/work/reel/reel/Packages/AMSMB2/Dependencies/libsmb2/lib/krb5-wrapper.c normal arm64 c com.apple.compilers.llvm.clang.1_0.compiler (in target 'libsmb2' from project 'AMSMB2')
    cd /Users/runner/work/reel/reel/Reel.xcodeproj
    
    Using response file: /Users/runner/Library/Developer/Xcode/DerivedData/Reel-eksnidxqjeiwfnbzsppehnrbqtac/Build/Intermediates.noindex/ArchiveIntermediates/Reel/IntermediateBuildFilesPath/AMSMB2.build/Release-iphoneos/libsmb2.build/Objects-normal/arm64/7187679823f38a2a940e0043cdf9d637-common-args.resp
    
    builtin-ScanDependencies -o /Users/runner/Library/Developer/Xcode/DerivedData/Reel-eksnidxqjeiwfnbzsppehnrbqtac/Build/Intermediates.noindex/ArchiveIntermediates/Reel/IntermediateBuildFilesPath/AMSMB2.build/Release-iphoneos/libsmb2.build/Objects-normal/arm64/krb5-wrapper.o.scan -- /Applications/Xcode_26.6.app/Contents/Developer/Toolchains/XcodeDefault.xctoolchain/usr/bin/clang -x c -ivfsstatcache /Users/runner/Library/Developer/Xcode/DerivedData/SDKStatCaches.noindex/iphoneos26.5-23F81a-688ef53f1462e2c8f657fdc38a81448fee66e23052a0157c865c76b268046726.sdkstatcache -target arm64-apple-ios13.0 -fmessage-length\=0 -fdiagnostics-show-note-include-stack -fmacro-backtrace-limit\=0 -fno-color-diagnostics -fmodules-prune-interval\=86400 -fmodules-prune-after\=345600 -fbuild-session-file\=/Users/runner/Library/Developer/Xcode/DerivedData/ModuleCache.noindex/Session.modulevalidation -fmodules-validate-once-per-build-session -Wnon-modular-include-in-framework-module -Werror\=non-modular-include-in-framework-module -Wno-trigraphs -Wno-missing-field-initializers -Wno-missing-prototypes -Wno-return-type -Wno-missing-braces -Wparentheses -Wswitch -Wno-unused-function -Wno-unused-label -Wno-unused-parameter -Wno-unused-variable -Wunused-value -Wno-empty-body -Wno-uninitialized -Wno-unknown-pragmas -w -Wno-shadow -Wno-four-char-constants -Wno-conversion -Wno-constant-conversion -Wno-int-conversion -Wno-bool-conversion -Wno-enum-conversion -Wno-float-conversion -Wno-non-literal-null-conversion -Wno-objc-literal-conversion -Wshorten-64-to-32 -Wpointer-sign -Wno-newline-eof -Wno-implicit-fallthrough -isysroot /Applications/Xcode_26.6.app/Contents/Developer/Platforms/iPhoneOS.platform/Developer/SDKs/iPhoneOS26.5.sdk -fstrict-aliasing -Wdeprecated-declarations -Wno-sign-conversion -Wno-infinite-recursion -Wno-comma -Wno-block-capture-autoreleasing -Wno-strict-prototypes -Wno-semicolon-before-method-body @/Users/runner/Library/Developer/Xcode/DerivedData/Reel-eksnidxqjeiwfnbzsppehnrbqtac/Build/Intermediates.noindex/ArchiveIntermediates/Reel/IntermediateBuildFilesPath/AMSMB2.build/Release-iphoneos/libsmb2.build/Objects-normal/arm64/7187679823f38a2a940e0043cdf9d637-common-args.resp -MMD -MT dependencies -MF /Users/runner/Library/Developer/Xcode/DerivedData/Reel-eksnidxqjeiwfnbzsppehnrbqtac/Build/Intermediates.noindex/ArchiveIntermediates/Reel/IntermediateBuildFilesPath/AMSMB2.build/Release-iphoneos/libsmb2.build/Objects-normal/arm64/krb5-wrapper.d --serialize-diagnostics /Users/runner/Library/Developer/Xcode/DerivedData/Reel-eksnidxqjeiwfnbzsppehnrbqtac/Build/Intermediates.noindex/ArchiveIntermediates/Reel/IntermediateBuildFilesPath/AMSMB2.build/Release-iphoneos/libsmb2.build/Objects-normal/arm64/krb5-wrapper.dia -c /Users/runner/work/reel/reel/Packages/AMSMB2/Dependencies/libsmb2/lib/krb5-wrapper.c -o /Users/runner/Library/Developer/Xcode/DerivedData/Reel-eksnidxqjeiwfnbzsppehnrbqtac/Build/Intermediates.noindex/ArchiveIntermediates/Reel/IntermediateBuildFilesPath/AMSMB2.build/Release-iphoneos/libsmb2.build/Objects-normal/arm64/krb5-wrapper.o

ScanDependencies /Users/runner/Library/Developer/Xcode/DerivedData/Reel-eksnidxqjeiwfnbzsppehnrbqtac/Build/Intermediates.noindex/ArchiveIntermediates/Reel/IntermediateBuildFilesPath/AMSMB2.build/Release-iphoneos/libsmb2.build/Objects-normal/arm64/init.o /Users/runner/work/reel/reel/Packages/AMSMB2/Dependencies/libsmb2/lib/init.c normal arm64 c com.apple.compilers.llvm.clang.1_0.compiler (in target 'libsmb2' from project 'AMSMB2')
    cd /Users/runner/work/reel/reel/Reel.xcodeproj
    
    Using response file: /Users/runner/Library/Developer/Xcode/DerivedData/Reel-eksnidxqjeiwfnbzsppehnrbqtac/Build/Intermediates.noindex/ArchiveIntermediates/Reel/IntermediateBuildFilesPath/AMSMB2.build/Release-iphoneos/libsmb2.build/Objects-normal/arm64/7187679823f38a2a940e0043cdf9d637-common-args.resp
    
    builtin-ScanDependencies -o /Users/runner/Library/Developer/Xcode/DerivedData/Reel-eksnidxqjeiwfnbzsppehnrbqtac/Build/Intermediates.noindex/ArchiveIntermediates/Reel/IntermediateBuildFilesPath/AMSMB2.build/Release-iphoneos/libsmb2.build/Objects-normal/arm64/init.o.scan -- /Applications/Xcode_26.6.app/Contents/Developer/Toolchains/XcodeDefault.xctoolchain/usr/bin/clang -x c -ivfsstatcache /Users/runner/Library/Developer/Xcode/DerivedData/SDKStatCaches.noindex/iphoneos26.5-23F81a-688ef53f1462e2c8f657fdc38a81448fee66e23052a0157c865c76b268046726.sdkstatcache -target arm64-apple-ios13.0 -fmessage-length\=0 -fdiagnostics-show-note-include-stack -fmacro-backtrace-limit\=0 -fno-color-diagnostics -fmodules-prune-interval\=86400 -fmodules-prune-after\=345600 -fbuild-session-file\=/Users/runner/Library/Developer/Xcode/DerivedData/ModuleCache.noindex/Session.modulevalidation -fmodules-validate-once-per-build-session -Wnon-modular-include-in-framework-module -Werror\=non-modular-include-in-framework-module -Wno-trigraphs -Wno-missing-field-initializers -Wno-missing-prototypes -Wno-return-type -Wno-missing-braces -Wparentheses -Wswitch -Wno-unused-function -Wno-unused-label -Wno-unused-parameter -Wno-unused-variable -Wunused-value -Wno-empty-body -Wno-uninitialized -Wno-unknown-pragmas -w -Wno-shadow -Wno-four-char-constants -Wno-conversion -Wno-constant-conversion -Wno-int-conversion -Wno-bool-conversion -Wno-enum-conversion -Wno-float-conversion -Wno-non-literal-null-conversion -Wno-objc-literal-conversion -Wshorten-64-to-32 -Wpointer-sign -Wno-newline-eof -Wno-implicit-fallthrough -isysroot /Applications/Xcode_26.6.app/Contents/Developer/Platforms/iPhoneOS.platform/Developer/SDKs/iPhoneOS26.5.sdk -fstrict-aliasing -Wdeprecated-declarations -Wno-sign-conversion -Wno-infinite-recursion -Wno-comma -Wno-block-capture-autoreleasing -Wno-strict-prototypes -Wno-semicolon-before-method-body @/Users/runner/Library/Developer/Xcode/DerivedData/Reel-eksnidxqjeiwfnbzsppehnrbqtac/Build/Intermediates.noindex/ArchiveIntermediates/Reel/IntermediateBuildFilesPath/AMSMB2.build/Release-iphoneos/libsmb2.build/Objects-normal/arm64/7187679823f38a2a940e0043cdf9d637-common-args.resp -MMD -MT dependencies -MF /Users/runner/Library/Developer/Xcode/DerivedData/Reel-eksnidxqjeiwfnbzsppehnrbqtac/Build/Intermediates.noindex/ArchiveIntermediates/Reel/IntermediateBuildFilesPath/AMSMB2.build/Release-iphoneos/libsmb2.build/Objects-normal/arm64/init.d --serialize-diagnostics /Users/runner/Library/Developer/Xcode/DerivedData/Reel-eksnidxqjeiwfnbzsppehnrbqtac/Build/Intermediates.noindex/ArchiveIntermediates/Reel/IntermediateBuildFilesPath/AMSMB2.build/Release-iphoneos/libsmb2.build/Objects-normal/arm64/init.dia -c /Users/runner/work/reel/reel/Packages/AMSMB2/Dependencies/libsmb2/lib/init.c -o /Users/runner/Library/Developer/Xcode/DerivedData/Reel-eksnidxqjeiwfnbzsppehnrbqtac/Build/Intermediates.noindex/ArchiveIntermediates/Reel/IntermediateBuildFilesPath/AMSMB2.build/Release-iphoneos/libsmb2.build/Objects-normal/arm64/init.o

CompileC /Users/runner/Library/Developer/Xcode/DerivedData/Reel-eksnidxqjeiwfnbzsppehnrbqtac/Build/Intermediates.noindex/ArchiveIntermediates/Reel/IntermediateBuildFilesPath/AMSMB2.build/Release-iphoneos/libsmb2.build/Objects-normal/arm64/krb5-wrapper.o /Users/runner/work/reel/reel/Packages/AMSMB2/Dependencies/libsmb2/lib/krb5-wrapper.c normal arm64 c com.apple.compilers.llvm.clang.1_0.compiler (in target 'libsmb2' from project 'AMSMB2')
    cd /Users/runner/work/reel/reel/Reel.xcodeproj
    
    Using response file: /Users/runner/Library/Developer/Xcode/DerivedData/Reel-eksnidxqjeiwfnbzsppehnrbqtac/Build/Intermediates.noindex/ArchiveIntermediates/Reel/IntermediateBuildFilesPath/AMSMB2.build/Release-iphoneos/libsmb2.build/Objects-normal/arm64/7187679823f38a2a940e0043cdf9d637-common-args.resp
    
    /Applications/Xcode_26.6.app/Contents/Developer/Toolchains/XcodeDefault.xctoolchain/usr/bin/clang -x c -ivfsstatcache /Users/runner/Library/Developer/Xcode/DerivedData/SDKStatCaches.noindex/iphoneos26.5-23F81a-688ef53f1462e2c8f657fdc38a81448fee66e23052a0157c865c76b268046726.sdkstatcache -target arm64-apple-ios13.0 -fmessage-length\=0 -fdiagnostics-show-note-include-stack -fmacro-backtrace-limit\=0 -fno-color-diagnostics -fmodules-prune-interval\=86400 -fmodules-prune-after\=345600 -fbuild-session-file\=/Users/runner/Library/Developer/Xcode/DerivedData/ModuleCache.noindex/Session.modulevalidation -fmodules-validate-once-per-build-session -Wnon-modular-include-in-framework-module -Werror\=non-modular-include-in-framework-module -Wno-trigraphs -Wno-missing-field-initializers -Wno-missing-prototypes -Wno-return-type -Wno-missing-braces -Wparentheses -Wswitch -Wno-unused-function -Wno-unused-label -Wno-unused-parameter -Wno-unused-variable -Wunused-value -Wno-empty-body -Wno-uninitialized -Wno-unknown-pragmas -w -Wno-shadow -Wno-four-char-constants -Wno-conversion -Wno-constant-conversion -Wno-int-conversion -Wno-bool-conversion -Wno-enum-conversion -Wno-float-conversion -Wno-non-literal-null-conversion -Wno-objc-literal-conversion -Wshorten-64-to-32 -Wpointer-sign -Wno-newline-eof -Wno-implicit-fallthrough -isysroot /Applications/Xcode_26.6.app/Contents/Developer/Platforms/iPhoneOS.platform/Developer/SDKs/iPhoneOS26.5.sdk -fstrict-aliasing -Wdeprecated-declarations -Wno-sign-conversion -Wno-infinite-recursion -Wno-comma -Wno-block-capture-autoreleasing -Wno-strict-prototypes -Wno-semicolon-before-method-body @/Users/runner/Library/Developer/Xcode/DerivedData/Reel-eksnidxqjeiwfnbzsppehnrbqtac/Build/Intermediates.noindex/ArchiveIntermediates/Reel/IntermediateBuildFilesPath/AMSMB2.build/Release-iphoneos/libsmb2.build/Objects-normal/arm64/7187679823f38a2a940e0043cdf9d637-common-args.resp -MMD -MT dependencies -MF /Users/runner/Library/Developer/Xcode/DerivedData/Reel-eksnidxqjeiwfnbzsppehnrbqtac/Build/Intermediates.noindex/ArchiveIntermediates/Reel/IntermediateBuildFilesPath/AMSMB2.build/Release-iphoneos/libsmb2.build/Objects-normal/arm64/krb5-wrapper.d --serialize-diagnostics /Users/runner/Library/Developer/Xcode/DerivedData/Reel-eksnidxqjeiwfnbzsppehnrbqtac/Build/Intermediates.noindex/ArchiveIntermediates/Reel/IntermediateBuildFilesPath/AMSMB2.build/Release-iphoneos/libsmb2.build/Objects-normal/arm64/krb5-wrapper.dia -c /Users/runner/work/reel/reel/Packages/AMSMB2/Dependencies/libsmb2/lib/krb5-wrapper.c -o /Users/runner/Library/Developer/Xcode/DerivedData/Reel-eksnidxqjeiwfnbzsppehnrbqtac/Build/Intermediates.noindex/ArchiveIntermediates/Reel/IntermediateBuildFilesPath/AMSMB2.build/Release-iphoneos/libsmb2.build/Objects-normal/arm64/krb5-wrapper.o

CompileC /Users/runner/Library/Developer/Xcode/DerivedData/Reel-eksnidxqjeiwfnbzsppehnrbqtac/Build/Intermediates.noindex/ArchiveIntermediates/Reel/IntermediateBuildFilesPath/AMSMB2.build/Release-iphoneos/libsmb2.build/Objects-normal/arm64/init.o /Users/runner/work/reel/reel/Packages/AMSMB2/Dependencies/libsmb2/lib/init.c normal arm64 c com.apple.compilers.llvm.clang.1_0.compiler (in target 'libsmb2' from project 'AMSMB2')
    cd /Users/runner/work/reel/reel/Reel.xcodeproj
    
    Using response file: /Users/runner/Library/Developer/Xcode/DerivedData/Reel-eksnidxqjeiwfnbzsppehnrbqtac/Build/Intermediates.noindex/ArchiveIntermediates/Reel/IntermediateBuildFilesPath/AMSMB2.build/Release-iphoneos/libsmb2.build/Objects-normal/arm64/7187679823f38a2a940e0043cdf9d637-common-args.resp
    
    /Applications/Xcode_26.6.app/Contents/Developer/Toolchains/XcodeDefault.xctoolchain/usr/bin/clang -x c -ivfsstatcache /Users/runner/Library/Developer/Xcode/DerivedData/SDKStatCaches.noindex/iphoneos26.5-23F81a-688ef53f1462e2c8f657fdc38a81448fee66e23052a0157c865c76b268046726.sdkstatcache -target arm64-apple-ios13.0 -fmessage-length\=0 -fdiagnostics-show-note-include-stack -fmacro-backtrace-limit\=0 -fno-color-diagnostics -fmodules-prune-interval\=86400 -fmodules-prune-after\=345600 -fbuild-session-file\=/Users/runner/Library/Developer/Xcode/DerivedData/ModuleCache.noindex/Session.modulevalidation -fmodules-validate-once-per-build-session -Wnon-modular-include-in-framework-module -Werror\=non-modular-include-in-framework-module -Wno-trigraphs -Wno-missing-field-initializers -Wno-missing-prototypes -Wno-return-type -Wno-missing-braces -Wparentheses -Wswitch -Wno-unused-function -Wno-unused-label -Wno-unused-parameter -Wno-unused-variable -Wunused-value -Wno-empty-body -Wno-uninitialized -Wno-unknown-pragmas -w -Wno-shadow -Wno-four-char-constants -Wno-conversion -Wno-constant-conversion -Wno-int-conversion -Wno-bool-conversion -Wno-enum-conversion -Wno-float-conversion -Wno-non-literal-null-conversion -Wno-objc-literal-conversion -Wshorten-64-to-32 -Wpointer-sign -Wno-newline-eof -Wno-implicit-fallthrough -isysroot /Applications/Xcode_26.6.app/Contents/Developer/Platforms/iPhoneOS.platform/Developer/SDKs/iPhoneOS26.5.sdk -fstrict-aliasing -Wdeprecated-declarations -Wno-sign-conversion -Wno-infinite-recursion -Wno-comma -Wno-block-capture-autoreleasing -Wno-strict-prototypes -Wno-semicolon-before-method-body @/Users/runner/Library/Developer/Xcode/DerivedData/Reel-eksnidxqjeiwfnbzsppehnrbqtac/Build/Intermediates.noindex/ArchiveIntermediates/Reel/IntermediateBuildFilesPath/AMSMB2.build/Release-iphoneos/libsmb2.build/Objects-normal/arm64/7187679823f38a2a940e0043cdf9d637-common-args.resp -MMD -MT dependencies -MF /Users/runner/Library/Developer/Xcode/DerivedData/Reel-eksnidxqjeiwfnbzsppehnrbqtac/Build/Intermediates.noindex/ArchiveIntermediates/Reel/IntermediateBuildFilesPath/AMSMB2.build/Release-iphoneos/libsmb2.build/Objects-normal/arm64/init.d --serialize-diagnostics /Users/runner/Library/Developer/Xcode/DerivedData/Reel-eksnidxqjeiwfnbzsppehnrbqtac/Build/Intermediates.noindex/ArchiveIntermediates/Reel/IntermediateBuildFilesPath/AMSMB2.build/Release-iphoneos/libsmb2.build/Objects-normal/arm64/init.dia -c /Users/runner/work/reel/reel/Packages/AMSMB2/Dependencies/libsmb2/lib/init.c -o /Users/runner/Library/Developer/Xcode/DerivedData/Reel-eksnidxqjeiwfnbzsppehnrbqtac/Build/Intermediates.noindex/ArchiveIntermediates/Reel/IntermediateBuildFilesPath/AMSMB2.build/Release-iphoneos/libsmb2.build/Objects-normal/arm64/init.o

ScanDependencies /Users/runner/Library/Developer/Xcode/DerivedData/Reel-eksnidxqjeiwfnbzsppehnrbqtac/Build/Intermediates.noindex/ArchiveIntermediates/Reel/IntermediateBuildFilesPath/AMSMB2.build/Release-iphoneos/libsmb2.build/Objects-normal/arm64/hmac.o /Users/runner/work/reel/reel/Packages/AMSMB2/Dependencies/libsmb2/lib/hmac.c normal arm64 c com.apple.compilers.llvm.clang.1_0.compiler (in target 'libsmb2' from project 'AMSMB2')
    cd /Users/runner/work/reel/reel/Reel.xcodeproj
    
    Using response file: /Users/runner/Library/Developer/Xcode/DerivedData/Reel-eksnidxqjeiwfnbzsppehnrbqtac/Build/Intermediates.noindex/ArchiveIntermediates/Reel/IntermediateBuildFilesPath/AMSMB2.build/Release-iphoneos/libsmb2.build/Objects-normal/arm64/7187679823f38a2a940e0043cdf9d637-common-args.resp
    
    builtin-ScanDependencies -o /Users/runner/Library/Developer/Xcode/DerivedData/Reel-eksnidxqjeiwfnbzsppehnrbqtac/Build/Intermediates.noindex/ArchiveIntermediates/Reel/IntermediateBuildFilesPath/AMSMB2.build/Release-iphoneos/libsmb2.build/Objects-normal/arm64/hmac.o.scan -- /Applications/Xcode_26.6.app/Contents/Developer/Toolchains/XcodeDefault.xctoolchain/usr/bin/clang -x c -ivfsstatcache /Users/runner/Library/Developer/Xcode/DerivedData/SDKStatCaches.noindex/iphoneos26.5-23F81a-688ef53f1462e2c8f657fdc38a81448fee66e23052a0157c865c76b268046726.sdkstatcache -target arm64-apple-ios13.0 -fmessage-length\=0 -fdiagnostics-show-note-include-stack -fmacro-backtrace-limit\=0 -fno-color-diagnostics -fmodules-prune-interval\=86400 -fmodules-prune-after\=345600 -fbuild-session-file\=/Users/runner/Library/Developer/Xcode/DerivedData/ModuleCache.noindex/Session.modulevalidation -fmodules-validate-once-per-build-session -Wnon-modular-include-in-framework-module -Werror\=non-modular-include-in-framework-module -Wno-trigraphs -Wno-missing-field-initializers -Wno-missing-prototypes -Wno-return-type -Wno-missing-braces -Wparentheses -Wswitch -Wno-unused-function -Wno-unused-label -Wno-unused-parameter -Wno-unused-variable -Wunused-value -Wno-empty-body -Wno-uninitialized -Wno-unknown-pragmas -w -Wno-shadow -Wno-four-char-constants -Wno-conversion -Wno-constant-conversion -Wno-int-conversion -Wno-bool-conversion -Wno-enum-conversion -Wno-float-conversion -Wno-non-literal-null-conversion -Wno-objc-literal-conversion -Wshorten-64-to-32 -Wpointer-sign -Wno-newline-eof -Wno-implicit-fallthrough -isysroot /Applications/Xcode_26.6.app/Contents/Developer/Platforms/iPhoneOS.platform/Developer/SDKs/iPhoneOS26.5.sdk -fstrict-aliasing -Wdeprecated-declarations -Wno-sign-conversion -Wno-infinite-recursion -Wno-comma -Wno-block-capture-autoreleasing -Wno-strict-prototypes -Wno-semicolon-before-method-body @/Users/runner/Library/Developer/Xcode/DerivedData/Reel-eksnidxqjeiwfnbzsppehnrbqtac/Build/Intermediates.noindex/ArchiveIntermediates/Reel/IntermediateBuildFilesPath/AMSMB2.build/Release-iphoneos/libsmb2.build/Objects-normal/arm64/7187679823f38a2a940e0043cdf9d637-common-args.resp -MMD -MT dependencies -MF /Users/runner/Library/Developer/Xcode/DerivedData/Reel-eksnidxqjeiwfnbzsppehnrbqtac/Build/Intermediates.noindex/ArchiveIntermediates/Reel/IntermediateBuildFilesPath/AMSMB2.build/Release-iphoneos/libsmb2.build/Objects-normal/arm64/hmac.d --serialize-diagnostics /Users/runner/Library/Developer/Xcode/DerivedData/Reel-eksnidxqjeiwfnbzsppehnrbqtac/Build/Intermediates.noindex/ArchiveIntermediates/Reel/IntermediateBuildFilesPath/AMSMB2.build/Release-iphoneos/libsmb2.build/Objects-normal/arm64/hmac.dia -c /Users/runner/work/reel/reel/Packages/AMSMB2/Dependencies/libsmb2/lib/hmac.c -o /Users/runner/Library/Developer/Xcode/DerivedData/Reel-eksnidxqjeiwfnbzsppehnrbqtac/Build/Intermediates.noindex/ArchiveIntermediates/Reel/IntermediateBuildFilesPath/AMSMB2.build/Release-iphoneos/libsmb2.build/Objects-normal/arm64/hmac.o

ScanDependencies /Users/runner/Library/Developer/Xcode/DerivedData/Reel-eksnidxqjeiwfnbzsppehnrbqtac/Build/Intermediates.noindex/ArchiveIntermediates/Reel/IntermediateBuildFilesPath/AMSMB2.build/Release-iphoneos/libsmb2.build/Objects-normal/arm64/hmac-md5.o /Users/runner/work/reel/reel/Packages/AMSMB2/Dependencies/libsmb2/lib/hmac-md5.c normal arm64 c com.apple.compilers.llvm.clang.1_0.compiler (in target 'libsmb2' from project 'AMSMB2')
    cd /Users/runner/work/reel/reel/Reel.xcodeproj
    
    Using response file: /Users/runner/Library/Developer/Xcode/DerivedData/Reel-eksnidxqjeiwfnbzsppehnrbqtac/Build/Intermediates.noindex/ArchiveIntermediates/Reel/IntermediateBuildFilesPath/AMSMB2.build/Release-iphoneos/libsmb2.build/Objects-normal/arm64/7187679823f38a2a940e0043cdf9d637-common-args.resp
    
    builtin-ScanDependencies -o /Users/runner/Library/Developer/Xcode/DerivedData/Reel-eksnidxqjeiwfnbzsppehnrbqtac/Build/Intermediates.noindex/ArchiveIntermediates/Reel/IntermediateBuildFilesPath/AMSMB2.build/Release-iphoneos/libsmb2.build/Objects-normal/arm64/hmac-md5.o.scan -- /Applications/Xcode_26.6.app/Contents/Developer/Toolchains/XcodeDefault.xctoolchain/usr/bin/clang -x c -ivfsstatcache /Users/runner/Library/Developer/Xcode/DerivedData/SDKStatCaches.noindex/iphoneos26.5-23F81a-688ef53f1462e2c8f657fdc38a81448fee66e23052a0157c865c76b268046726.sdkstatcache -target arm64-apple-ios13.0 -fmessage-length\=0 -fdiagnostics-show-note-include-stack -fmacro-backtrace-limit\=0 -fno-color-diagnostics -fmodules-prune-interval\=86400 -fmodules-prune-after\=345600 -fbuild-session-file\=/Users/runner/Library/Developer/Xcode/DerivedData/ModuleCache.noindex/Session.modulevalidation -fmodules-validate-once-per-build-session -Wnon-modular-include-in-framework-module -Werror\=non-modular-include-in-framework-module -Wno-trigraphs -Wno-missing-field-initializers -Wno-missing-prototypes -Wno-return-type -Wno-missing-braces -Wparentheses -Wswitch -Wno-unused-function -Wno-unused-label -Wno-unused-parameter -Wno-unused-variable -Wunused-value -Wno-empty-body -Wno-uninitialized -Wno-unknown-pragmas -w -Wno-shadow -Wno-four-char-constants -Wno-conversion -Wno-constant-conversion -Wno-int-conversion -Wno-bool-conversion -Wno-enum-conversion -Wno-float-conversion -Wno-non-literal-null-conversion -Wno-objc-literal-conversion -Wshorten-64-to-32 -Wpointer-sign -Wno-newline-eof -Wno-implicit-fallthrough -isysroot /Applications/Xcode_26.6.app/Contents/Developer/Platforms/iPhoneOS.platform/Developer/SDKs/iPhoneOS26.5.sdk -fstrict-aliasing -Wdeprecated-declarations -Wno-sign-conversion -Wno-infinite-recursion -Wno-comma -Wno-block-capture-autoreleasing -Wno-strict-prototypes -Wno-semicolon-before-method-body @/Users/runner/Library/Developer/Xcode/DerivedData/Reel-eksnidxqjeiwfnbzsppehnrbqtac/Build/Intermediates.noindex/ArchiveIntermediates/Reel/IntermediateBuildFilesPath/AMSMB2.build/Release-iphoneos/libsmb2.build/Objects-normal/arm64/7187679823f38a2a940e0043cdf9d637-common-args.resp -MMD -MT dependencies -MF /Users/runner/Library/Developer/Xcode/DerivedData/Reel-eksnidxqjeiwfnbzsppehnrbqtac/Build/Intermediates.noindex/ArchiveIntermediates/Reel/IntermediateBuildFilesPath/AMSMB2.build/Release-iphoneos/libsmb2.build/Objects-normal/arm64/hmac-md5.d --serialize-diagnostics /Users/runner/Library/Developer/Xcode/DerivedData/Reel-eksnidxqjeiwfnbzsppehnrbqtac/Build/Intermediates.noindex/ArchiveIntermediates/Reel/IntermediateBuildFilesPath/AMSMB2.build/Release-iphoneos/libsmb2.build/Objects-normal/arm64/hmac-md5.dia -c /Users/runner/work/reel/reel/Packages/AMSMB2/Dependencies/libsmb2/lib/hmac-md5.c -o /Users/runner/Library/Developer/Xcode/DerivedData/Reel-eksnidxqjeiwfnbzsppehnrbqtac/Build/Intermediates.noindex/ArchiveIntermediates/Reel/IntermediateBuildFilesPath/AMSMB2.build/Release-iphoneos/libsmb2.build/Objects-normal/arm64/hmac-md5.o

CompileC /Users/runner/Library/Developer/Xcode/DerivedData/Reel-eksnidxqjeiwfnbzsppehnrbqtac/Build/Intermediates.noindex/ArchiveIntermediates/Reel/IntermediateBuildFilesPath/AMSMB2.build/Release-iphoneos/libsmb2.build/Objects-normal/arm64/hmac.o /Users/runner/work/reel/reel/Packages/AMSMB2/Dependencies/libsmb2/lib/hmac.c normal arm64 c com.apple.compilers.llvm.clang.1_0.compiler (in target 'libsmb2' from project 'AMSMB2')
    cd /Users/runner/work/reel/reel/Reel.xcodeproj
    
    Using response file: /Users/runner/Library/Developer/Xcode/DerivedData/Reel-eksnidxqjeiwfnbzsppehnrbqtac/Build/Intermediates.noindex/ArchiveIntermediates/Reel/IntermediateBuildFilesPath/AMSMB2.build/Release-iphoneos/libsmb2.build/Objects-normal/arm64/7187679823f38a2a940e0043cdf9d637-common-args.resp
    
    /Applications/Xcode_26.6.app/Contents/Developer/Toolchains/XcodeDefault.xctoolchain/usr/bin/clang -x c -ivfsstatcache /Users/runner/Library/Developer/Xcode/DerivedData/SDKStatCaches.noindex/iphoneos26.5-23F81a-688ef53f1462e2c8f657fdc38a81448fee66e23052a0157c865c76b268046726.sdkstatcache -target arm64-apple-ios13.0 -fmessage-length\=0 -fdiagnostics-show-note-include-stack -fmacro-backtrace-limit\=0 -fno-color-diagnostics -fmodules-prune-interval\=86400 -fmodules-prune-after\=345600 -fbuild-session-file\=/Users/runner/Library/Developer/Xcode/DerivedData/ModuleCache.noindex/Session.modulevalidation -fmodules-validate-once-per-build-session -Wnon-modular-include-in-framework-module -Werror\=non-modular-include-in-framework-module -Wno-trigraphs -Wno-missing-field-initializers -Wno-missing-prototypes -Wno-return-type -Wno-missing-braces -Wparentheses -Wswitch -Wno-unused-function -Wno-unused-label -Wno-unused-parameter -Wno-unused-variable -Wunused-value -Wno-empty-body -Wno-uninitialized -Wno-unknown-pragmas -w -Wno-shadow -Wno-four-char-constants -Wno-conversion -Wno-constant-conversion -Wno-int-conversion -Wno-bool-conversion -Wno-enum-conversion -Wno-float-conversion -Wno-non-literal-null-conversion -Wno-objc-literal-conversion -Wshorten-64-to-32 -Wpointer-sign -Wno-newline-eof -Wno-implicit-fallthrough -isysroot /Applications/Xcode_26.6.app/Contents/Developer/Platforms/iPhoneOS.platform/Developer/SDKs/iPhoneOS26.5.sdk -fstrict-aliasing -Wdeprecated-declarations -Wno-sign-conversion -Wno-infinite-recursion -Wno-comma -Wno-block-capture-autoreleasing -Wno-strict-prototypes -Wno-semicolon-before-method-body @/Users/runner/Library/Developer/Xcode/DerivedData/Reel-eksnidxqjeiwfnbzsppehnrbqtac/Build/Intermediates.noindex/ArchiveIntermediates/Reel/IntermediateBuildFilesPath/AMSMB2.build/Release-iphoneos/libsmb2.build/Objects-normal/arm64/7187679823f38a2a940e0043cdf9d637-common-args.resp -MMD -MT dependencies -MF /Users/runner/Library/Developer/Xcode/DerivedData/Reel-eksnidxqjeiwfnbzsppehnrbqtac/Build/Intermediates.noindex/ArchiveIntermediates/Reel/IntermediateBuildFilesPath/AMSMB2.build/Release-iphoneos/libsmb2.build/Objects-normal/arm64/hmac.d --serialize-diagnostics /Users/runner/Library/Developer/Xcode/DerivedData/Reel-eksnidxqjeiwfnbzsppehnrbqtac/Build/Intermediates.noindex/ArchiveIntermediates/Reel/IntermediateBuildFilesPath/AMSMB2.build/Release-iphoneos/libsmb2.build/Objects-normal/arm64/hmac.dia -c /Users/runner/work/reel/reel/Packages/AMSMB2/Dependencies/libsmb2/lib/hmac.c -o /Users/runner/Library/Developer/Xcode/DerivedData/Reel-eksnidxqjeiwfnbzsppehnrbqtac/Build/Intermediates.noindex/ArchiveIntermediates/Reel/IntermediateBuildFilesPath/AMSMB2.build/Release-iphoneos/libsmb2.build/Objects-normal/arm64/hmac.o

CompileC /Users/runner/Library/Developer/Xcode/DerivedData/Reel-eksnidxqjeiwfnbzsppehnrbqtac/Build/Intermediates.noindex/ArchiveIntermediates/Reel/IntermediateBuildFilesPath/AMSMB2.build/Release-iphoneos/libsmb2.build/Objects-normal/arm64/hmac-md5.o /Users/runner/work/reel/reel/Packages/AMSMB2/Dependencies/libsmb2/lib/hmac-md5.c normal arm64 c com.apple.compilers.llvm.clang.1_0.compiler (in target 'libsmb2' from project 'AMSMB2')
    cd /Users/runner/work/reel/reel/Reel.xcodeproj
    
    Using response file: /Users/runner/Library/Developer/Xcode/DerivedData/Reel-eksnidxqjeiwfnbzsppehnrbqtac/Build/Intermediates.noindex/ArchiveIntermediates/Reel/IntermediateBuildFilesPath/AMSMB2.build/Release-iphoneos/libsmb2.build/Objects-normal/arm64/7187679823f38a2a940e0043cdf9d637-common-args.resp
    
    /Applications/Xcode_26.6.app/Contents/Developer/Toolchains/XcodeDefault.xctoolchain/usr/bin/clang -x c -ivfsstatcache /Users/runner/Library/Developer/Xcode/DerivedData/SDKStatCaches.noindex/iphoneos26.5-23F81a-688ef53f1462e2c8f657fdc38a81448fee66e23052a0157c865c76b268046726.sdkstatcache -target arm64-apple-ios13.0 -fmessage-length\=0 -fdiagnostics-show-note-include-stack -fmacro-backtrace-limit\=0 -fno-color-diagnostics -fmodules-prune-interval\=86400 -fmodules-prune-after\=345600 -fbuild-session-file\=/Users/runner/Library/Developer/Xcode/DerivedData/ModuleCache.noindex/Session.modulevalidation -fmodules-validate-once-per-build-session -Wnon-modular-include-in-framework-module -Werror\=non-modular-include-in-framework-module -Wno-trigraphs -Wno-missing-field-initializers -Wno-missing-prototypes -Wno-return-type -Wno-missing-braces -Wparentheses -Wswitch -Wno-unused-function -Wno-unused-label -Wno-unused-parameter -Wno-unused-variable -Wunused-value -Wno-empty-body -Wno-uninitialized -Wno-unknown-pragmas -w -Wno-shadow -Wno-four-char-constants -Wno-conversion -Wno-constant-conversion -Wno-int-conversion -Wno-bool-conversion -Wno-enum-conversion -Wno-float-conversion -Wno-non-literal-null-conversion -Wno-objc-literal-conversion -Wshorten-64-to-32 -Wpointer-sign -Wno-newline-eof -Wno-implicit-fallthrough -isysroot /Applications/Xcode_26.6.app/Contents/Developer/Platforms/iPhoneOS.platform/Developer/SDKs/iPhoneOS26.5.sdk -fstrict-aliasing -Wdeprecated-declarations -Wno-sign-conversion -Wno-infinite-recursion -Wno-comma -Wno-block-capture-autoreleasing -Wno-strict-prototypes -Wno-semicolon-before-method-body @/Users/runner/Library/Developer/Xcode/DerivedData/Reel-eksnidxqjeiwfnbzsppehnrbqtac/Build/Intermediates.noindex/ArchiveIntermediates/Reel/IntermediateBuildFilesPath/AMSMB2.build/Release-iphoneos/libsmb2.build/Objects-normal/arm64/7187679823f38a2a940e0043cdf9d637-common-args.resp -MMD -MT dependencies -MF /Users/runner/Library/Developer/Xcode/DerivedData/Reel-eksnidxqjeiwfnbzsppehnrbqtac/Build/Intermediates.noindex/ArchiveIntermediates/Reel/IntermediateBuildFilesPath/AMSMB2.build/Release-iphoneos/libsmb2.build/Objects-normal/arm64/hmac-md5.d --serialize-diagnostics /Users/runner/Library/Developer/Xcode/DerivedData/Reel-eksnidxqjeiwfnbzsppehnrbqtac/Build/Intermediates.noindex/ArchiveIntermediates/Reel/IntermediateBuildFilesPath/AMSMB2.build/Release-iphoneos/libsmb2.build/Objects-normal/arm64/hmac-md5.dia -c /Users/runner/work/reel/reel/Packages/AMSMB2/Dependencies/libsmb2/lib/hmac-md5.c -o /Users/runner/Library/Developer/Xcode/DerivedData/Reel-eksnidxqjeiwfnbzsppehnrbqtac/Build/Intermediates.noindex/ArchiveIntermediates/Reel/IntermediateBuildFilesPath/AMSMB2.build/Release-iphoneos/libsmb2.build/Objects-normal/arm64/hmac-md5.o

ScanDependencies /Users/runner/Library/Developer/Xcode/DerivedData/Reel-eksnidxqjeiwfnbzsppehnrbqtac/Build/Intermediates.noindex/ArchiveIntermediates/Reel/IntermediateBuildFilesPath/AMSMB2.build/Release-iphoneos/libsmb2.build/Objects-normal/arm64/errors.o /Users/runner/work/reel/reel/Packages/AMSMB2/Dependencies/libsmb2/lib/errors.c normal arm64 c com.apple.compilers.llvm.clang.1_0.compiler (in target 'libsmb2' from project 'AMSMB2')
    cd /Users/runner/work/reel/reel/Reel.xcodeproj
    
    Using response file: /Users/runner/Library/Developer/Xcode/DerivedData/Reel-eksnidxqjeiwfnbzsppehnrbqtac/Build/Intermediates.noindex/ArchiveIntermediates/Reel/IntermediateBuildFilesPath/AMSMB2.build/Release-iphoneos/libsmb2.build/Objects-normal/arm64/7187679823f38a2a940e0043cdf9d637-common-args.resp
    
    builtin-ScanDependencies -o /Users/runner/Library/Developer/Xcode/DerivedData/Reel-eksnidxqjeiwfnbzsppehnrbqtac/Build/Intermediates.noindex/ArchiveIntermediates/Reel/IntermediateBuildFilesPath/AMSMB2.build/Release-iphoneos/libsmb2.build/Objects-normal/arm64/errors.o.scan -- /Applications/Xcode_26.6.app/Contents/Developer/Toolchains/XcodeDefault.xctoolchain/usr/bin/clang -x c -ivfsstatcache /Users/runner/Library/Developer/Xcode/DerivedData/SDKStatCaches.noindex/iphoneos26.5-23F81a-688ef53f1462e2c8f657fdc38a81448fee66e23052a0157c865c76b268046726.sdkstatcache -target arm64-apple-ios13.0 -fmessage-length\=0 -fdiagnostics-show-note-include-stack -fmacro-backtrace-limit\=0 -fno-color-diagnostics -fmodules-prune-interval\=86400 -fmodules-prune-after\=345600 -fbuild-session-file\=/Users/runner/Library/Developer/Xcode/DerivedData/ModuleCache.noindex/Session.modulevalidation -fmodules-validate-once-per-build-session -Wnon-modular-include-in-framework-module -Werror\=non-modular-include-in-framework-module -Wno-trigraphs -Wno-missing-field-initializers -Wno-missing-prototypes -Wno-return-type -Wno-missing-braces -Wparentheses -Wswitch -Wno-unused-function -Wno-unused-label -Wno-unused-parameter -Wno-unused-variable -Wunused-value -Wno-empty-body -Wno-uninitialized -Wno-unknown-pragmas -w -Wno-shadow -Wno-four-char-constants -Wno-conversion -Wno-constant-conversion -Wno-int-conversion -Wno-bool-conversion -Wno-enum-conversion -Wno-float-conversion -Wno-non-literal-null-conversion -Wno-objc-literal-conversion -Wshorten-64-to-32 -Wpointer-sign -Wno-newline-eof -Wno-implicit-fallthrough -isysroot /Applications/Xcode_26.6.app/Contents/Developer/Platforms/iPhoneOS.platform/Developer/SDKs/iPhoneOS26.5.sdk -fstrict-aliasing -Wdeprecated-declarations -Wno-sign-conversion -Wno-infinite-recursion -Wno-comma -Wno-block-capture-autoreleasing -Wno-strict-prototypes -Wno-semicolon-before-method-body @/Users/runner/Library/Developer/Xcode/DerivedData/Reel-eksnidxqjeiwfnbzsppehnrbqtac/Build/Intermediates.noindex/ArchiveIntermediates/Reel/IntermediateBuildFilesPath/AMSMB2.build/Release-iphoneos/libsmb2.build/Objects-normal/arm64/7187679823f38a2a940e0043cdf9d637-common-args.resp -MMD -MT dependencies -MF /Users/runner/Library/Developer/Xcode/DerivedData/Reel-eksnidxqjeiwfnbzsppehnrbqtac/Build/Intermediates.noindex/ArchiveIntermediates/Reel/IntermediateBuildFilesPath/AMSMB2.build/Release-iphoneos/libsmb2.build/Objects-normal/arm64/errors.d --serialize-diagnostics /Users/runner/Library/Developer/Xcode/DerivedData/Reel-eksnidxqjeiwfnbzsppehnrbqtac/Build/Intermediates.noindex/ArchiveIntermediates/Reel/IntermediateBuildFilesPath/AMSMB2.build/Release-iphoneos/libsmb2.build/Objects-normal/arm64/errors.dia -c /Users/runner/work/reel/reel/Packages/AMSMB2/Dependencies/libsmb2/lib/errors.c -o /Users/runner/Library/Developer/Xcode/DerivedData/Reel-eksnidxqjeiwfnbzsppehnrbqtac/Build/Intermediates.noindex/ArchiveIntermediates/Reel/IntermediateBuildFilesPath/AMSMB2.build/Release-iphoneos/libsmb2.build/Objects-normal/arm64/errors.o

ScanDependencies /Users/runner/Library/Developer/Xcode/DerivedData/Reel-eksnidxqjeiwfnbzsppehnrbqtac/Build/Intermediates.noindex/ArchiveIntermediates/Reel/IntermediateBuildFilesPath/AMSMB2.build/Release-iphoneos/libsmb2.build/Objects-normal/arm64/dcerpc.o /Users/runner/work/reel/reel/Packages/AMSMB2/Dependencies/libsmb2/lib/dcerpc.c normal arm64 c com.apple.compilers.llvm.clang.1_0.compiler (in target 'libsmb2' from project 'AMSMB2')
    cd /Users/runner/work/reel/reel/Reel.xcodeproj
    
    Using response file: /Users/runner/Library/Developer/Xcode/DerivedData/Reel-eksnidxqjeiwfnbzsppehnrbqtac/Build/Intermediates.noindex/ArchiveIntermediates/Reel/IntermediateBuildFilesPath/AMSMB2.build/Release-iphoneos/libsmb2.build/Objects-normal/arm64/7187679823f38a2a940e0043cdf9d637-common-args.resp
    
    builtin-ScanDependencies -o /Users/runner/Library/Developer/Xcode/DerivedData/Reel-eksnidxqjeiwfnbzsppehnrbqtac/Build/Intermediates.noindex/ArchiveIntermediates/Reel/IntermediateBuildFilesPath/AMSMB2.build/Release-iphoneos/libsmb2.build/Objects-normal/arm64/dcerpc.o.scan -- /Applications/Xcode_26.6.app/Contents/Developer/Toolchains/XcodeDefault.xctoolchain/usr/bin/clang -x c -ivfsstatcache /Users/runner/Library/Developer/Xcode/DerivedData/SDKStatCaches.noindex/iphoneos26.5-23F81a-688ef53f1462e2c8f657fdc38a81448fee66e23052a0157c865c76b268046726.sdkstatcache -target arm64-apple-ios13.0 -fmessage-length\=0 -fdiagnostics-show-note-include-stack -fmacro-backtrace-limit\=0 -fno-color-diagnostics -fmodules-prune-interval\=86400 -fmodules-prune-after\=345600 -fbuild-session-file\=/Users/runner/Library/Developer/Xcode/DerivedData/ModuleCache.noindex/Session.modulevalidation -fmodules-validate-once-per-build-session -Wnon-modular-include-in-framework-module -Werror\=non-modular-include-in-framework-module -Wno-trigraphs -Wno-missing-field-initializers -Wno-missing-prototypes -Wno-return-type -Wno-missing-braces -Wparentheses -Wswitch -Wno-unused-function -Wno-unused-label -Wno-unused-parameter -Wno-unused-variable -Wunused-value -Wno-empty-body -Wno-uninitialized -Wno-unknown-pragmas -w -Wno-shadow -Wno-four-char-constants -Wno-conversion -Wno-constant-conversion -Wno-int-conversion -Wno-bool-conversion -Wno-enum-conversion -Wno-float-conversion -Wno-non-literal-null-conversion -Wno-objc-literal-conversion -Wshorten-64-to-32 -Wpointer-sign -Wno-newline-eof -Wno-implicit-fallthrough -isysroot /Applications/Xcode_26.6.app/Contents/Developer/Platforms/iPhoneOS.platform/Developer/SDKs/iPhoneOS26.5.sdk -fstrict-aliasing -Wdeprecated-declarations -Wno-sign-conversion -Wno-infinite-recursion -Wno-comma -Wno-block-capture-autoreleasing -Wno-strict-prototypes -Wno-semicolon-before-method-body @/Users/runner/Library/Developer/Xcode/DerivedData/Reel-eksnidxqjeiwfnbzsppehnrbqtac/Build/Intermediates.noindex/ArchiveIntermediates/Reel/IntermediateBuildFilesPath/AMSMB2.build/Release-iphoneos/libsmb2.build/Objects-normal/arm64/7187679823f38a2a940e0043cdf9d637-common-args.resp -MMD -MT dependencies -MF /Users/runner/Library/Developer/Xcode/DerivedData/Reel-eksnidxqjeiwfnbzsppehnrbqtac/Build/Intermediates.noindex/ArchiveIntermediates/Reel/IntermediateBuildFilesPath/AMSMB2.build/Release-iphoneos/libsmb2.build/Objects-normal/arm64/dcerpc.d --serialize-diagnostics /Users/runner/Library/Developer/Xcode/DerivedData/Reel-eksnidxqjeiwfnbzsppehnrbqtac/Build/Intermediates.noindex/ArchiveIntermediates/Reel/IntermediateBuildFilesPath/AMSMB2.build/Release-iphoneos/libsmb2.build/Objects-normal/arm64/dcerpc.dia -c /Users/runner/work/reel/reel/Packages/AMSMB2/Dependencies/libsmb2/lib/dcerpc.c -o /Users/runner/Library/Developer/Xcode/DerivedData/Reel-eksnidxqjeiwfnbzsppehnrbqtac/Build/Intermediates.noindex/ArchiveIntermediates/Reel/IntermediateBuildFilesPath/AMSMB2.build/Release-iphoneos/libsmb2.build/Objects-normal/arm64/dcerpc.o

CompileC /Users/runner/Library/Developer/Xcode/DerivedData/Reel-eksnidxqjeiwfnbzsppehnrbqtac/Build/Intermediates.noindex/ArchiveIntermediates/Reel/IntermediateBuildFilesPath/AMSMB2.build/Release-iphoneos/libsmb2.build/Objects-normal/arm64/errors.o /Users/runner/work/reel/reel/Packages/AMSMB2/Dependencies/libsmb2/lib/errors.c normal arm64 c com.apple.compilers.llvm.clang.1_0.compiler (in target 'libsmb2' from project 'AMSMB2')
    cd /Users/runner/work/reel/reel/Reel.xcodeproj
    
    Using response file: /Users/runner/Library/Developer/Xcode/DerivedData/Reel-eksnidxqjeiwfnbzsppehnrbqtac/Build/Intermediates.noindex/ArchiveIntermediates/Reel/IntermediateBuildFilesPath/AMSMB2.build/Release-iphoneos/libsmb2.build/Objects-normal/arm64/7187679823f38a2a940e0043cdf9d637-common-args.resp
    
    /Applications/Xcode_26.6.app/Contents/Developer/Toolchains/XcodeDefault.xctoolchain/usr/bin/clang -x c -ivfsstatcache /Users/runner/Library/Developer/Xcode/DerivedData/SDKStatCaches.noindex/iphoneos26.5-23F81a-688ef53f1462e2c8f657fdc38a81448fee66e23052a0157c865c76b268046726.sdkstatcache -target arm64-apple-ios13.0 -fmessage-length\=0 -fdiagnostics-show-note-include-stack -fmacro-backtrace-limit\=0 -fno-color-diagnostics -fmodules-prune-interval\=86400 -fmodules-prune-after\=345600 -fbuild-session-file\=/Users/runner/Library/Developer/Xcode/DerivedData/ModuleCache.noindex/Session.modulevalidation -fmodules-validate-once-per-build-session -Wnon-modular-include-in-framework-module -Werror\=non-modular-include-in-framework-module -Wno-trigraphs -Wno-missing-field-initializers -Wno-missing-prototypes -Wno-return-type -Wno-missing-braces -Wparentheses -Wswitch -Wno-unused-function -Wno-unused-label -Wno-unused-parameter -Wno-unused-variable -Wunused-value -Wno-empty-body -Wno-uninitialized -Wno-unknown-pragmas -w -Wno-shadow -Wno-four-char-constants -Wno-conversion -Wno-constant-conversion -Wno-int-conversion -Wno-bool-conversion -Wno-enum-conversion -Wno-float-conversion -Wno-non-literal-null-conversion -Wno-objc-literal-conversion -Wshorten-64-to-32 -Wpointer-sign -Wno-newline-eof -Wno-implicit-fallthrough -isysroot /Applications/Xcode_26.6.app/Contents/Developer/Platforms/iPhoneOS.platform/Developer/SDKs/iPhoneOS26.5.sdk -fstrict-aliasing -Wdeprecated-declarations -Wno-sign-conversion -Wno-infinite-recursion -Wno-comma -Wno-block-capture-autoreleasing -Wno-strict-prototypes -Wno-semicolon-before-method-body @/Users/runner/Library/Developer/Xcode/DerivedData/Reel-eksnidxqjeiwfnbzsppehnrbqtac/Build/Intermediates.noindex/ArchiveIntermediates/Reel/IntermediateBuildFilesPath/AMSMB2.build/Release-iphoneos/libsmb2.build/Objects-normal/arm64/7187679823f38a2a940e0043cdf9d637-common-args.resp -MMD -MT dependencies -MF /Users/runner/Library/Developer/Xcode/DerivedData/Reel-eksnidxqjeiwfnbzsppehnrbqtac/Build/Intermediates.noindex/ArchiveIntermediates/Reel/IntermediateBuildFilesPath/AMSMB2.build/Release-iphoneos/libsmb2.build/Objects-normal/arm64/errors.d --serialize-diagnostics /Users/runner/Library/Developer/Xcode/DerivedData/Reel-eksnidxqjeiwfnbzsppehnrbqtac/Build/Intermediates.noindex/ArchiveIntermediates/Reel/IntermediateBuildFilesPath/AMSMB2.build/Release-iphoneos/libsmb2.build/Objects-normal/arm64/errors.dia -c /Users/runner/work/reel/reel/Packages/AMSMB2/Dependencies/libsmb2/lib/errors.c -o /Users/runner/Library/Developer/Xcode/DerivedData/Reel-eksnidxqjeiwfnbzsppehnrbqtac/Build/Intermediates.noindex/ArchiveIntermediates/Reel/IntermediateBuildFilesPath/AMSMB2.build/Release-iphoneos/libsmb2.build/Objects-normal/arm64/errors.o

CompileC /Users/runner/Library/Developer/Xcode/DerivedData/Reel-eksnidxqjeiwfnbzsppehnrbqtac/Build/Intermediates.noindex/ArchiveIntermediates/Reel/IntermediateBuildFilesPath/AMSMB2.build/Release-iphoneos/libsmb2.build/Objects-normal/arm64/dcerpc.o /Users/runner/work/reel/reel/Packages/AMSMB2/Dependencies/libsmb2/lib/dcerpc.c normal arm64 c com.apple.compilers.llvm.clang.1_0.compiler (in target 'libsmb2' from project 'AMSMB2')
    cd /Users/runner/work/reel/reel/Reel.xcodeproj
    
    Using response file: /Users/runner/Library/Developer/Xcode/DerivedData/Reel-eksnidxqjeiwfnbzsppehnrbqtac/Build/Intermediates.noindex/ArchiveIntermediates/Reel/IntermediateBuildFilesPath/AMSMB2.build/Release-iphoneos/libsmb2.build/Objects-normal/arm64/7187679823f38a2a940e0043cdf9d637-common-args.resp
    
    /Applications/Xcode_26.6.app/Contents/Developer/Toolchains/XcodeDefault.xctoolchain/usr/bin/clang -x c -ivfsstatcache /Users/runner/Library/Developer/Xcode/DerivedData/SDKStatCaches.noindex/iphoneos26.5-23F81a-688ef53f1462e2c8f657fdc38a81448fee66e23052a0157c865c76b268046726.sdkstatcache -target arm64-apple-ios13.0 -fmessage-length\=0 -fdiagnostics-show-note-include-stack -fmacro-backtrace-limit\=0 -fno-color-diagnostics -fmodules-prune-interval\=86400 -fmodules-prune-after\=345600 -fbuild-session-file\=/Users/runner/Library/Developer/Xcode/DerivedData/ModuleCache.noindex/Session.modulevalidation -fmodules-validate-once-per-build-session -Wnon-modular-include-in-framework-module -Werror\=non-modular-include-in-framework-module -Wno-trigraphs -Wno-missing-field-initializers -Wno-missing-prototypes -Wno-return-type -Wno-missing-braces -Wparentheses -Wswitch -Wno-unused-function -Wno-unused-label -Wno-unused-parameter -Wno-unused-variable -Wunused-value -Wno-empty-body -Wno-uninitialized -Wno-unknown-pragmas -w -Wno-shadow -Wno-four-char-constants -Wno-conversion -Wno-constant-conversion -Wno-int-conversion -Wno-bool-conversion -Wno-enum-conversion -Wno-float-conversion -Wno-non-literal-null-conversion -Wno-objc-literal-conversion -Wshorten-64-to-32 -Wpointer-sign -Wno-newline-eof -Wno-implicit-fallthrough -isysroot /Applications/Xcode_26.6.app/Contents/Developer/Platforms/iPhoneOS.platform/Developer/SDKs/iPhoneOS26.5.sdk -fstrict-aliasing -Wdeprecated-declarations -Wno-sign-conversion -Wno-infinite-recursion -Wno-comma -Wno-block-capture-autoreleasing -Wno-strict-prototypes -Wno-semicolon-before-method-body @/Users/runner/Library/Developer/Xcode/DerivedData/Reel-eksnidxqjeiwfnbzsppehnrbqtac/Build/Intermediates.noindex/ArchiveIntermediates/Reel/IntermediateBuildFilesPath/AMSMB2.build/Release-iphoneos/libsmb2.build/Objects-normal/arm64/7187679823f38a2a940e0043cdf9d637-common-args.resp -MMD -MT dependencies -MF /Users/runner/Library/Developer/Xcode/DerivedData/Reel-eksnidxqjeiwfnbzsppehnrbqtac/Build/Intermediates.noindex/ArchiveIntermediates/Reel/IntermediateBuildFilesPath/AMSMB2.build/Release-iphoneos/libsmb2.build/Objects-normal/arm64/dcerpc.d --serialize-diagnostics /Users/runner/Library/Developer/Xcode/DerivedData/Reel-eksnidxqjeiwfnbzsppehnrbqtac/Build/Intermediates.noindex/ArchiveIntermediates/Reel/IntermediateBuildFilesPath/AMSMB2.build/Release-iphoneos/libsmb2.build/Objects-normal/arm64/dcerpc.dia -c /Users/runner/work/reel/reel/Packages/AMSMB2/Dependencies/libsmb2/lib/dcerpc.c -o /Users/runner/Library/Developer/Xcode/DerivedData/Reel-eksnidxqjeiwfnbzsppehnrbqtac/Build/Intermediates.noindex/ArchiveIntermediates/Reel/IntermediateBuildFilesPath/AMSMB2.build/Release-iphoneos/libsmb2.build/Objects-normal/arm64/dcerpc.o

ScanDependencies /Users/runner/Library/Developer/Xcode/DerivedData/Reel-eksnidxqjeiwfnbzsppehnrbqtac/Build/Intermediates.noindex/ArchiveIntermediates/Reel/IntermediateBuildFilesPath/AMSMB2.build/Release-iphoneos/libsmb2.build/Objects-normal/arm64/dcerpc-srvsvc.o /Users/runner/work/reel/reel/Packages/AMSMB2/Dependencies/libsmb2/lib/dcerpc-srvsvc.c normal arm64 c com.apple.compilers.llvm.clang.1_0.compiler (in target 'libsmb2' from project 'AMSMB2')
    cd /Users/runner/work/reel/reel/Reel.xcodeproj
    
    Using response file: /Users/runner/Library/Developer/Xcode/DerivedData/Reel-eksnidxqjeiwfnbzsppehnrbqtac/Build/Intermediates.noindex/ArchiveIntermediates/Reel/IntermediateBuildFilesPath/AMSMB2.build/Release-iphoneos/libsmb2.build/Objects-normal/arm64/7187679823f38a2a940e0043cdf9d637-common-args.resp
    
    builtin-ScanDependencies -o /Users/runner/Library/Developer/Xcode/DerivedData/Reel-eksnidxqjeiwfnbzsppehnrbqtac/Build/Intermediates.noindex/ArchiveIntermediates/Reel/IntermediateBuildFilesPath/AMSMB2.build/Release-iphoneos/libsmb2.build/Objects-normal/arm64/dcerpc-srvsvc.o.scan -- /Applications/Xcode_26.6.app/Contents/Developer/Toolchains/XcodeDefault.xctoolchain/usr/bin/clang -x c -ivfsstatcache /Users/runner/Library/Developer/Xcode/DerivedData/SDKStatCaches.noindex/iphoneos26.5-23F81a-688ef53f1462e2c8f657fdc38a81448fee66e23052a0157c865c76b268046726.sdkstatcache -target arm64-apple-ios13.0 -fmessage-length\=0 -fdiagnostics-show-note-include-stack -fmacro-backtrace-limit\=0 -fno-color-diagnostics -fmodules-prune-interval\=86400 -fmodules-prune-after\=345600 -fbuild-session-file\=/Users/runner/Library/Developer/Xcode/DerivedData/ModuleCache.noindex/Session.modulevalidation -fmodules-validate-once-per-build-session -Wnon-modular-include-in-framework-module -Werror\=non-modular-include-in-framework-module -Wno-trigraphs -Wno-missing-field-initializers -Wno-missing-prototypes -Wno-return-type -Wno-missing-braces -Wparentheses -Wswitch -Wno-unused-function -Wno-unused-label -Wno-unused-parameter -Wno-unused-variable -Wunused-value -Wno-empty-body -Wno-uninitialized -Wno-unknown-pragmas -w -Wno-shadow -Wno-four-char-constants -Wno-conversion -Wno-constant-conversion -Wno-int-conversion -Wno-bool-conversion -Wno-enum-conversion -Wno-float-conversion -Wno-non-literal-null-conversion -Wno-objc-literal-conversion -Wshorten-64-to-32 -Wpointer-sign -Wno-newline-eof -Wno-implicit-fallthrough -isysroot /Applications/Xcode_26.6.app/Contents/Developer/Platforms/iPhoneOS.platform/Developer/SDKs/iPhoneOS26.5.sdk -fstrict-aliasing -Wdeprecated-declarations -Wno-sign-conversion -Wno-infinite-recursion -Wno-comma -Wno-block-capture-autoreleasing -Wno-strict-prototypes -Wno-semicolon-before-method-body @/Users/runner/Library/Developer/Xcode/DerivedData/Reel-eksnidxqjeiwfnbzsppehnrbqtac/Build/Intermediates.noindex/ArchiveIntermediates/Reel/IntermediateBuildFilesPath/AMSMB2.build/Release-iphoneos/libsmb2.build/Objects-normal/arm64/7187679823f38a2a940e0043cdf9d637-common-args.resp -MMD -MT dependencies -MF /Users/runner/Library/Developer/Xcode/DerivedData/Reel-eksnidxqjeiwfnbzsppehnrbqtac/Build/Intermediates.noindex/ArchiveIntermediates/Reel/IntermediateBuildFilesPath/AMSMB2.build/Release-iphoneos/libsmb2.build/Objects-normal/arm64/dcerpc-srvsvc.d --serialize-diagnostics /Users/runner/Library/Developer/Xcode/DerivedData/Reel-eksnidxqjeiwfnbzsppehnrbqtac/Build/Intermediates.noindex/ArchiveIntermediates/Reel/IntermediateBuildFilesPath/AMSMB2.build/Release-iphoneos/libsmb2.build/Objects-normal/arm64/dcerpc-srvsvc.dia -c /Users/runner/work/reel/reel/Packages/AMSMB2/Dependencies/libsmb2/lib/dcerpc-srvsvc.c -o /Users/runner/Library/Developer/Xcode/DerivedData/Reel-eksnidxqjeiwfnbzsppehnrbqtac/Build/Intermediates.noindex/ArchiveIntermediates/Reel/IntermediateBuildFilesPath/AMSMB2.build/Release-iphoneos/libsmb2.build/Objects-normal/arm64/dcerpc-srvsvc.o

ScanDependencies /Users/runner/Library/Developer/Xcode/DerivedData/Reel-eksnidxqjeiwfnbzsppehnrbqtac/Build/Intermediates.noindex/ArchiveIntermediates/Reel/IntermediateBuildFilesPath/AMSMB2.build/Release-iphoneos/libsmb2.build/Objects-normal/arm64/dcerpc-lsa.o /Users/runner/work/reel/reel/Packages/AMSMB2/Dependencies/libsmb2/lib/dcerpc-lsa.c normal arm64 c com.apple.compilers.llvm.clang.1_0.compiler (in target 'libsmb2' from project 'AMSMB2')
    cd /Users/runner/work/reel/reel/Reel.xcodeproj
    
    Using response file: /Users/runner/Library/Developer/Xcode/DerivedData/Reel-eksnidxqjeiwfnbzsppehnrbqtac/Build/Intermediates.noindex/ArchiveIntermediates/Reel/IntermediateBuildFilesPath/AMSMB2.build/Release-iphoneos/libsmb2.build/Objects-normal/arm64/7187679823f38a2a940e0043cdf9d637-common-args.resp
    
    builtin-ScanDependencies -o /Users/runner/Library/Developer/Xcode/DerivedData/Reel-eksnidxqjeiwfnbzsppehnrbqtac/Build/Intermediates.noindex/ArchiveIntermediates/Reel/IntermediateBuildFilesPath/AMSMB2.build/Release-iphoneos/libsmb2.build/Objects-normal/arm64/dcerpc-lsa.o.scan -- /Applications/Xcode_26.6.app/Contents/Developer/Toolchains/XcodeDefault.xctoolchain/usr/bin/clang -x c -ivfsstatcache /Users/runner/Library/Developer/Xcode/DerivedData/SDKStatCaches.noindex/iphoneos26.5-23F81a-688ef53f1462e2c8f657fdc38a81448fee66e23052a0157c865c76b268046726.sdkstatcache -target arm64-apple-ios13.0 -fmessage-length\=0 -fdiagnostics-show-note-include-stack -fmacro-backtrace-limit\=0 -fno-color-diagnostics -fmodules-prune-interval\=86400 -fmodules-prune-after\=345600 -fbuild-session-file\=/Users/runner/Library/Developer/Xcode/DerivedData/ModuleCache.noindex/Session.modulevalidation -fmodules-validate-once-per-build-session -Wnon-modular-include-in-framework-module -Werror\=non-modular-include-in-framework-module -Wno-trigraphs -Wno-missing-field-initializers -Wno-missing-prototypes -Wno-return-type -Wno-missing-braces -Wparentheses -Wswitch -Wno-unused-function -Wno-unused-label -Wno-unused-parameter -Wno-unused-variable -Wunused-value -Wno-empty-body -Wno-uninitialized -Wno-unknown-pragmas -w -Wno-shadow -Wno-four-char-constants -Wno-conversion -Wno-constant-conversion -Wno-int-conversion -Wno-bool-conversion -Wno-enum-conversion -Wno-float-conversion -Wno-non-literal-null-conversion -Wno-objc-literal-conversion -Wshorten-64-to-32 -Wpointer-sign -Wno-newline-eof -Wno-implicit-fallthrough -isysroot /Applications/Xcode_26.6.app/Contents/Developer/Platforms/iPhoneOS.platform/Developer/SDKs/iPhoneOS26.5.sdk -fstrict-aliasing -Wdeprecated-declarations -Wno-sign-conversion -Wno-infinite-recursion -Wno-comma -Wno-block-capture-autoreleasing -Wno-strict-prototypes -Wno-semicolon-before-method-body @/Users/runner/Library/Developer/Xcode/DerivedData/Reel-eksnidxqjeiwfnbzsppehnrbqtac/Build/Intermediates.noindex/ArchiveIntermediates/Reel/IntermediateBuildFilesPath/AMSMB2.build/Release-iphoneos/libsmb2.build/Objects-normal/arm64/7187679823f38a2a940e0043cdf9d637-common-args.resp -MMD -MT dependencies -MF /Users/runner/Library/Developer/Xcode/DerivedData/Reel-eksnidxqjeiwfnbzsppehnrbqtac/Build/Intermediates.noindex/ArchiveIntermediates/Reel/IntermediateBuildFilesPath/AMSMB2.build/Release-iphoneos/libsmb2.build/Objects-normal/arm64/dcerpc-lsa.d --serialize-diagnostics /Users/runner/Library/Developer/Xcode/DerivedData/Reel-eksnidxqjeiwfnbzsppehnrbqtac/Build/Intermediates.noindex/ArchiveIntermediates/Reel/IntermediateBuildFilesPath/AMSMB2.build/Release-iphoneos/libsmb2.build/Objects-normal/arm64/dcerpc-lsa.dia -c /Users/runner/work/reel/reel/Packages/AMSMB2/Dependencies/libsmb2/lib/dcerpc-lsa.c -o /Users/runner/Library/Developer/Xcode/DerivedData/Reel-eksnidxqjeiwfnbzsppehnrbqtac/Build/Intermediates.noindex/ArchiveIntermediates/Reel/IntermediateBuildFilesPath/AMSMB2.build/Release-iphoneos/libsmb2.build/Objects-normal/arm64/dcerpc-lsa.o

CompileC /Users/runner/Library/Developer/Xcode/DerivedData/Reel-eksnidxqjeiwfnbzsppehnrbqtac/Build/Intermediates.noindex/ArchiveIntermediates/Reel/IntermediateBuildFilesPath/AMSMB2.build/Release-iphoneos/libsmb2.build/Objects-normal/arm64/dcerpc-srvsvc.o /Users/runner/work/reel/reel/Packages/AMSMB2/Dependencies/libsmb2/lib/dcerpc-srvsvc.c normal arm64 c com.apple.compilers.llvm.clang.1_0.compiler (in target 'libsmb2' from project 'AMSMB2')
    cd /Users/runner/work/reel/reel/Reel.xcodeproj
    
    Using response file: /Users/runner/Library/Developer/Xcode/DerivedData/Reel-eksnidxqjeiwfnbzsppehnrbqtac/Build/Intermediates.noindex/ArchiveIntermediates/Reel/IntermediateBuildFilesPath/AMSMB2.build/Release-iphoneos/libsmb2.build/Objects-normal/arm64/7187679823f38a2a940e0043cdf9d637-common-args.resp
    
    /Applications/Xcode_26.6.app/Contents/Developer/Toolchains/XcodeDefault.xctoolchain/usr/bin/clang -x c -ivfsstatcache /Users/runner/Library/Developer/Xcode/DerivedData/SDKStatCaches.noindex/iphoneos26.5-23F81a-688ef53f1462e2c8f657fdc38a81448fee66e23052a0157c865c76b268046726.sdkstatcache -target arm64-apple-ios13.0 -fmessage-length\=0 -fdiagnostics-show-note-include-stack -fmacro-backtrace-limit\=0 -fno-color-diagnostics -fmodules-prune-interval\=86400 -fmodules-prune-after\=345600 -fbuild-session-file\=/Users/runner/Library/Developer/Xcode/DerivedData/ModuleCache.noindex/Session.modulevalidation -fmodules-validate-once-per-build-session -Wnon-modular-include-in-framework-module -Werror\=non-modular-include-in-framework-module -Wno-trigraphs -Wno-missing-field-initializers -Wno-missing-prototypes -Wno-return-type -Wno-missing-braces -Wparentheses -Wswitch -Wno-unused-function -Wno-unused-label -Wno-unused-parameter -Wno-unused-variable -Wunused-value -Wno-empty-body -Wno-uninitialized -Wno-unknown-pragmas -w -Wno-shadow -Wno-four-char-constants -Wno-conversion -Wno-constant-conversion -Wno-int-conversion -Wno-bool-conversion -Wno-enum-conversion -Wno-float-conversion -Wno-non-literal-null-conversion -Wno-objc-literal-conversion -Wshorten-64-to-32 -Wpointer-sign -Wno-newline-eof -Wno-implicit-fallthrough -isysroot /Applications/Xcode_26.6.app/Contents/Developer/Platforms/iPhoneOS.platform/Developer/SDKs/iPhoneOS26.5.sdk -fstrict-aliasing -Wdeprecated-declarations -Wno-sign-conversion -Wno-infinite-recursion -Wno-comma -Wno-block-capture-autoreleasing -Wno-strict-prototypes -Wno-semicolon-before-method-body @/Users/runner/Library/Developer/Xcode/DerivedData/Reel-eksnidxqjeiwfnbzsppehnrbqtac/Build/Intermediates.noindex/ArchiveIntermediates/Reel/IntermediateBuildFilesPath/AMSMB2.build/Release-iphoneos/libsmb2.build/Objects-normal/arm64/7187679823f38a2a940e0043cdf9d637-common-args.resp -MMD -MT dependencies -MF /Users/runner/Library/Developer/Xcode/DerivedData/Reel-eksnidxqjeiwfnbzsppehnrbqtac/Build/Intermediates.noindex/ArchiveIntermediates/Reel/IntermediateBuildFilesPath/AMSMB2.build/Release-iphoneos/libsmb2.build/Objects-normal/arm64/dcerpc-srvsvc.d --serialize-diagnostics /Users/runner/Library/Developer/Xcode/DerivedData/Reel-eksnidxqjeiwfnbzsppehnrbqtac/Build/Intermediates.noindex/ArchiveIntermediates/Reel/IntermediateBuildFilesPath/AMSMB2.build/Release-iphoneos/libsmb2.build/Objects-normal/arm64/dcerpc-srvsvc.dia -c /Users/runner/work/reel/reel/Packages/AMSMB2/Dependencies/libsmb2/lib/dcerpc-srvsvc.c -o /Users/runner/Library/Developer/Xcode/DerivedData/Reel-eksnidxqjeiwfnbzsppehnrbqtac/Build/Intermediates.noindex/ArchiveIntermediates/Reel/IntermediateBuildFilesPath/AMSMB2.build/Release-iphoneos/libsmb2.build/Objects-normal/arm64/dcerpc-srvsvc.o

CompileC /Users/runner/Library/Developer/Xcode/DerivedData/Reel-eksnidxqjeiwfnbzsppehnrbqtac/Build/Intermediates.noindex/ArchiveIntermediates/Reel/IntermediateBuildFilesPath/AMSMB2.build/Release-iphoneos/libsmb2.build/Objects-normal/arm64/dcerpc-lsa.o /Users/runner/work/reel/reel/Packages/AMSMB2/Dependencies/libsmb2/lib/dcerpc-lsa.c normal arm64 c com.apple.compilers.llvm.clang.1_0.compiler (in target 'libsmb2' from project 'AMSMB2')
    cd /Users/runner/work/reel/reel/Reel.xcodeproj
    
    Using response file: /Users/runner/Library/Developer/Xcode/DerivedData/Reel-eksnidxqjeiwfnbzsppehnrbqtac/Build/Intermediates.noindex/ArchiveIntermediates/Reel/IntermediateBuildFilesPath/AMSMB2.build/Release-iphoneos/libsmb2.build/Objects-normal/arm64/7187679823f38a2a940e0043cdf9d637-common-args.resp
    
    /Applications/Xcode_26.6.app/Contents/Developer/Toolchains/XcodeDefault.xctoolchain/usr/bin/clang -x c -ivfsstatcache /Users/runner/Library/Developer/Xcode/DerivedData/SDKStatCaches.noindex/iphoneos26.5-23F81a-688ef53f1462e2c8f657fdc38a81448fee66e23052a0157c865c76b268046726.sdkstatcache -target arm64-apple-ios13.0 -fmessage-length\=0 -fdiagnostics-show-note-include-stack -fmacro-backtrace-limit\=0 -fno-color-diagnostics -fmodules-prune-interval\=86400 -fmodules-prune-after\=345600 -fbuild-session-file\=/Users/runner/Library/Developer/Xcode/DerivedData/ModuleCache.noindex/Session.modulevalidation -fmodules-validate-once-per-build-session -Wnon-modular-include-in-framework-module -Werror\=non-modular-include-in-framework-module -Wno-trigraphs -Wno-missing-field-initializers -Wno-missing-prototypes -Wno-return-type -Wno-missing-braces -Wparentheses -Wswitch -Wno-unused-function -Wno-unused-label -Wno-unused-parameter -Wno-unused-variable -Wunused-value -Wno-empty-body -Wno-uninitialized -Wno-unknown-pragmas -w -Wno-shadow -Wno-four-char-constants -Wno-conversion -Wno-constant-conversion -Wno-int-conversion -Wno-bool-conversion -Wno-enum-conversion -Wno-float-conversion -Wno-non-literal-null-conversion -Wno-objc-literal-conversion -Wshorten-64-to-32 -Wpointer-sign -Wno-newline-eof -Wno-implicit-fallthrough -isysroot /Applications/Xcode_26.6.app/Contents/Developer/Platforms/iPhoneOS.platform/Developer/SDKs/iPhoneOS26.5.sdk -fstrict-aliasing -Wdeprecated-declarations -Wno-sign-conversion -Wno-infinite-recursion -Wno-comma -Wno-block-capture-autoreleasing -Wno-strict-prototypes -Wno-semicolon-before-method-body @/Users/runner/Library/Developer/Xcode/DerivedData/Reel-eksnidxqjeiwfnbzsppehnrbqtac/Build/Intermediates.noindex/ArchiveIntermediates/Reel/IntermediateBuildFilesPath/AMSMB2.build/Release-iphoneos/libsmb2.build/Objects-normal/arm64/7187679823f38a2a940e0043cdf9d637-common-args.resp -MMD -MT dependencies -MF /Users/runner/Library/Developer/Xcode/DerivedData/Reel-eksnidxqjeiwfnbzsppehnrbqtac/Build/Intermediates.noindex/ArchiveIntermediates/Reel/IntermediateBuildFilesPath/AMSMB2.build/Release-iphoneos/libsmb2.build/Objects-normal/arm64/dcerpc-lsa.d --serialize-diagnostics /Users/runner/Library/Developer/Xcode/DerivedData/Reel-eksnidxqjeiwfnbzsppehnrbqtac/Build/Intermediates.noindex/ArchiveIntermediates/Reel/IntermediateBuildFilesPath/AMSMB2.build/Release-iphoneos/libsmb2.build/Objects-normal/arm64/dcerpc-lsa.dia -c /Users/runner/work/reel/reel/Packages/AMSMB2/Dependencies/libsmb2/lib/dcerpc-lsa.c -o /Users/runner/Library/Developer/Xcode/DerivedData/Reel-eksnidxqjeiwfnbzsppehnrbqtac/Build/Intermediates.noindex/ArchiveIntermediates/Reel/IntermediateBuildFilesPath/AMSMB2.build/Release-iphoneos/libsmb2.build/Objects-normal/arm64/dcerpc-lsa.o

ScanDependencies /Users/runner/Library/Developer/Xcode/DerivedData/Reel-eksnidxqjeiwfnbzsppehnrbqtac/Build/Intermediates.noindex/ArchiveIntermediates/Reel/IntermediateBuildFilesPath/AMSMB2.build/Release-iphoneos/libsmb2.build/Objects-normal/arm64/compat.o /Users/runner/work/reel/reel/Packages/AMSMB2/Dependencies/libsmb2/lib/compat.c normal arm64 c com.apple.compilers.llvm.clang.1_0.compiler (in target 'libsmb2' from project 'AMSMB2')
    cd /Users/runner/work/reel/reel/Reel.xcodeproj
    
    Using response file: /Users/runner/Library/Developer/Xcode/DerivedData/Reel-eksnidxqjeiwfnbzsppehnrbqtac/Build/Intermediates.noindex/ArchiveIntermediates/Reel/IntermediateBuildFilesPath/AMSMB2.build/Release-iphoneos/libsmb2.build/Objects-normal/arm64/7187679823f38a2a940e0043cdf9d637-common-args.resp
    
    builtin-ScanDependencies -o /Users/runner/Library/Developer/Xcode/DerivedData/Reel-eksnidxqjeiwfnbzsppehnrbqtac/Build/Intermediates.noindex/ArchiveIntermediates/Reel/IntermediateBuildFilesPath/AMSMB2.build/Release-iphoneos/libsmb2.build/Objects-normal/arm64/compat.o.scan -- /Applications/Xcode_26.6.app/Contents/Developer/Toolchains/XcodeDefault.xctoolchain/usr/bin/clang -x c -ivfsstatcache /Users/runner/Library/Developer/Xcode/DerivedData/SDKStatCaches.noindex/iphoneos26.5-23F81a-688ef53f1462e2c8f657fdc38a81448fee66e23052a0157c865c76b268046726.sdkstatcache -target arm64-apple-ios13.0 -fmessage-length\=0 -fdiagnostics-show-note-include-stack -fmacro-backtrace-limit\=0 -fno-color-diagnostics -fmodules-prune-interval\=86400 -fmodules-prune-after\=345600 -fbuild-session-file\=/Users/runner/Library/Developer/Xcode/DerivedData/ModuleCache.noindex/Session.modulevalidation -fmodules-validate-once-per-build-session -Wnon-modular-include-in-framework-module -Werror\=non-modular-include-in-framework-module -Wno-trigraphs -Wno-missing-field-initializers -Wno-missing-prototypes -Wno-return-type -Wno-missing-braces -Wparentheses -Wswitch -Wno-unused-function -Wno-unused-label -Wno-unused-parameter -Wno-unused-variable -Wunused-value -Wno-empty-body -Wno-uninitialized -Wno-unknown-pragmas -w -Wno-shadow -Wno-four-char-constants -Wno-conversion -Wno-constant-conversion -Wno-int-conversion -Wno-bool-conversion -Wno-enum-conversion -Wno-float-conversion -Wno-non-literal-null-conversion -Wno-objc-literal-conversion -Wshorten-64-to-32 -Wpointer-sign -Wno-newline-eof -Wno-implicit-fallthrough -isysroot /Applications/Xcode_26.6.app/Contents/Developer/Platforms/iPhoneOS.platform/Developer/SDKs/iPhoneOS26.5.sdk -fstrict-aliasing -Wdeprecated-declarations -Wno-sign-conversion -Wno-infinite-recursion -Wno-comma -Wno-block-capture-autoreleasing -Wno-strict-prototypes -Wno-semicolon-before-method-body @/Users/runner/Library/Developer/Xcode/DerivedData/Reel-eksnidxqjeiwfnbzsppehnrbqtac/Build/Intermediates.noindex/ArchiveIntermediates/Reel/IntermediateBuildFilesPath/AMSMB2.build/Release-iphoneos/libsmb2.build/Objects-normal/arm64/7187679823f38a2a940e0043cdf9d637-common-args.resp -MMD -MT dependencies -MF /Users/runner/Library/Developer/Xcode/DerivedData/Reel-eksnidxqjeiwfnbzsppehnrbqtac/Build/Intermediates.noindex/ArchiveIntermediates/Reel/IntermediateBuildFilesPath/AMSMB2.build/Release-iphoneos/libsmb2.build/Objects-normal/arm64/compat.d --serialize-diagnostics /Users/runner/Library/Developer/Xcode/DerivedData/Reel-eksnidxqjeiwfnbzsppehnrbqtac/Build/Intermediates.noindex/ArchiveIntermediates/Reel/IntermediateBuildFilesPath/AMSMB2.build/Release-iphoneos/libsmb2.build/Objects-normal/arm64/compat.dia -c /Users/runner/work/reel/reel/Packages/AMSMB2/Dependencies/libsmb2/lib/compat.c -o /Users/runner/Library/Developer/Xcode/DerivedData/Reel-eksnidxqjeiwfnbzsppehnrbqtac/Build/Intermediates.noindex/ArchiveIntermediates/Reel/IntermediateBuildFilesPath/AMSMB2.build/Release-iphoneos/libsmb2.build/Objects-normal/arm64/compat.o

ScanDependencies /Users/runner/Library/Developer/Xcode/DerivedData/Reel-eksnidxqjeiwfnbzsppehnrbqtac/Build/Intermediates.noindex/ArchiveIntermediates/Reel/IntermediateBuildFilesPath/AMSMB2.build/Release-iphoneos/libsmb2.build/Objects-normal/arm64/asn1-ber.o /Users/runner/work/reel/reel/Packages/AMSMB2/Dependencies/libsmb2/lib/asn1-ber.c normal arm64 c com.apple.compilers.llvm.clang.1_0.compiler (in target 'libsmb2' from project 'AMSMB2')
    cd /Users/runner/work/reel/reel/Reel.xcodeproj
    
    Using response file: /Users/runner/Library/Developer/Xcode/DerivedData/Reel-eksnidxqjeiwfnbzsppehnrbqtac/Build/Intermediates.noindex/ArchiveIntermediates/Reel/IntermediateBuildFilesPath/AMSMB2.build/Release-iphoneos/libsmb2.build/Objects-normal/arm64/7187679823f38a2a940e0043cdf9d637-common-args.resp
    
    builtin-ScanDependencies -o /Users/runner/Library/Developer/Xcode/DerivedData/Reel-eksnidxqjeiwfnbzsppehnrbqtac/Build/Intermediates.noindex/ArchiveIntermediates/Reel/IntermediateBuildFilesPath/AMSMB2.build/Release-iphoneos/libsmb2.build/Objects-normal/arm64/asn1-ber.o.scan -- /Applications/Xcode_26.6.app/Contents/Developer/Toolchains/XcodeDefault.xctoolchain/usr/bin/clang -x c -ivfsstatcache /Users/runner/Library/Developer/Xcode/DerivedData/SDKStatCaches.noindex/iphoneos26.5-23F81a-688ef53f1462e2c8f657fdc38a81448fee66e23052a0157c865c76b268046726.sdkstatcache -target arm64-apple-ios13.0 -fmessage-length\=0 -fdiagnostics-show-note-include-stack -fmacro-backtrace-limit\=0 -fno-color-diagnostics -fmodules-prune-interval\=86400 -fmodules-prune-after\=345600 -fbuild-session-file\=/Users/runner/Library/Developer/Xcode/DerivedData/ModuleCache.noindex/Session.modulevalidation -fmodules-validate-once-per-build-session -Wnon-modular-include-in-framework-module -Werror\=non-modular-include-in-framework-module -Wno-trigraphs -Wno-missing-field-initializers -Wno-missing-prototypes -Wno-return-type -Wno-missing-braces -Wparentheses -Wswitch -Wno-unused-function -Wno-unused-label -Wno-unused-parameter -Wno-unused-variable -Wunused-value -Wno-empty-body -Wno-uninitialized -Wno-unknown-pragmas -w -Wno-shadow -Wno-four-char-constants -Wno-conversion -Wno-constant-conversion -Wno-int-conversion -Wno-bool-conversion -Wno-enum-conversion -Wno-float-conversion -Wno-non-literal-null-conversion -Wno-objc-literal-conversion -Wshorten-64-to-32 -Wpointer-sign -Wno-newline-eof -Wno-implicit-fallthrough -isysroot /Applications/Xcode_26.6.app/Contents/Developer/Platforms/iPhoneOS.platform/Developer/SDKs/iPhoneOS26.5.sdk -fstrict-aliasing -Wdeprecated-declarations -Wno-sign-conversion -Wno-infinite-recursion -Wno-comma -Wno-block-capture-autoreleasing -Wno-strict-prototypes -Wno-semicolon-before-method-body @/Users/runner/Library/Developer/Xcode/DerivedData/Reel-eksnidxqjeiwfnbzsppehnrbqtac/Build/Intermediates.noindex/ArchiveIntermediates/Reel/IntermediateBuildFilesPath/AMSMB2.build/Release-iphoneos/libsmb2.build/Objects-normal/arm64/7187679823f38a2a940e0043cdf9d637-common-args.resp -MMD -MT dependencies -MF /Users/runner/Library/Developer/Xcode/DerivedData/Reel-eksnidxqjeiwfnbzsppehnrbqtac/Build/Intermediates.noindex/ArchiveIntermediates/Reel/IntermediateBuildFilesPath/AMSMB2.build/Release-iphoneos/libsmb2.build/Objects-normal/arm64/asn1-ber.d --serialize-diagnostics /Users/runner/Library/Developer/Xcode/DerivedData/Reel-eksnidxqjeiwfnbzsppehnrbqtac/Build/Intermediates.noindex/ArchiveIntermediates/Reel/IntermediateBuildFilesPath/AMSMB2.build/Release-iphoneos/libsmb2.build/Objects-normal/arm64/asn1-ber.dia -c /Users/runner/work/reel/reel/Packages/AMSMB2/Dependencies/libsmb2/lib/asn1-ber.c -o /Users/runner/Library/Developer/Xcode/DerivedData/Reel-eksnidxqjeiwfnbzsppehnrbqtac/Build/Intermediates.noindex/ArchiveIntermediates/Reel/IntermediateBuildFilesPath/AMSMB2.build/Release-iphoneos/libsmb2.build/Objects-normal/arm64/asn1-ber.o

CompileC /Users/runner/Library/Developer/Xcode/DerivedData/Reel-eksnidxqjeiwfnbzsppehnrbqtac/Build/Intermediates.noindex/ArchiveIntermediates/Reel/IntermediateBuildFilesPath/AMSMB2.build/Release-iphoneos/libsmb2.build/Objects-normal/arm64/compat.o /Users/runner/work/reel/reel/Packages/AMSMB2/Dependencies/libsmb2/lib/compat.c normal arm64 c com.apple.compilers.llvm.clang.1_0.compiler (in target 'libsmb2' from project 'AMSMB2')
    cd /Users/runner/work/reel/reel/Reel.xcodeproj
    
    Using response file: /Users/runner/Library/Developer/Xcode/DerivedData/Reel-eksnidxqjeiwfnbzsppehnrbqtac/Build/Intermediates.noindex/ArchiveIntermediates/Reel/IntermediateBuildFilesPath/AMSMB2.build/Release-iphoneos/libsmb2.build/Objects-normal/arm64/7187679823f38a2a940e0043cdf9d637-common-args.resp
    
    /Applications/Xcode_26.6.app/Contents/Developer/Toolchains/XcodeDefault.xctoolchain/usr/bin/clang -x c -ivfsstatcache /Users/runner/Library/Developer/Xcode/DerivedData/SDKStatCaches.noindex/iphoneos26.5-23F81a-688ef53f1462e2c8f657fdc38a81448fee66e23052a0157c865c76b268046726.sdkstatcache -target arm64-apple-ios13.0 -fmessage-length\=0 -fdiagnostics-show-note-include-stack -fmacro-backtrace-limit\=0 -fno-color-diagnostics -fmodules-prune-interval\=86400 -fmodules-prune-after\=345600 -fbuild-session-file\=/Users/runner/Library/Developer/Xcode/DerivedData/ModuleCache.noindex/Session.modulevalidation -fmodules-validate-once-per-build-session -Wnon-modular-include-in-framework-module -Werror\=non-modular-include-in-framework-module -Wno-trigraphs -Wno-missing-field-initializers -Wno-missing-prototypes -Wno-return-type -Wno-missing-braces -Wparentheses -Wswitch -Wno-unused-function -Wno-unused-label -Wno-unused-parameter -Wno-unused-variable -Wunused-value -Wno-empty-body -Wno-uninitialized -Wno-unknown-pragmas -w -Wno-shadow -Wno-four-char-constants -Wno-conversion -Wno-constant-conversion -Wno-int-conversion -Wno-bool-conversion -Wno-enum-conversion -Wno-float-conversion -Wno-non-literal-null-conversion -Wno-objc-literal-conversion -Wshorten-64-to-32 -Wpointer-sign -Wno-newline-eof -Wno-implicit-fallthrough -isysroot /Applications/Xcode_26.6.app/Contents/Developer/Platforms/iPhoneOS.platform/Developer/SDKs/iPhoneOS26.5.sdk -fstrict-aliasing -Wdeprecated-declarations -Wno-sign-conversion -Wno-infinite-recursion -Wno-comma -Wno-block-capture-autoreleasing -Wno-strict-prototypes -Wno-semicolon-before-method-body @/Users/runner/Library/Developer/Xcode/DerivedData/Reel-eksnidxqjeiwfnbzsppehnrbqtac/Build/Intermediates.noindex/ArchiveIntermediates/Reel/IntermediateBuildFilesPath/AMSMB2.build/Release-iphoneos/libsmb2.build/Objects-normal/arm64/7187679823f38a2a940e0043cdf9d637-common-args.resp -MMD -MT dependencies -MF /Users/runner/Library/Developer/Xcode/DerivedData/Reel-eksnidxqjeiwfnbzsppehnrbqtac/Build/Intermediates.noindex/ArchiveIntermediates/Reel/IntermediateBuildFilesPath/AMSMB2.build/Release-iphoneos/libsmb2.build/Objects-normal/arm64/compat.d --serialize-diagnostics /Users/runner/Library/Developer/Xcode/DerivedData/Reel-eksnidxqjeiwfnbzsppehnrbqtac/Build/Intermediates.noindex/ArchiveIntermediates/Reel/IntermediateBuildFilesPath/AMSMB2.build/Release-iphoneos/libsmb2.build/Objects-normal/arm64/compat.dia -c /Users/runner/work/reel/reel/Packages/AMSMB2/Dependencies/libsmb2/lib/compat.c -o /Users/runner/Library/Developer/Xcode/DerivedData/Reel-eksnidxqjeiwfnbzsppehnrbqtac/Build/Intermediates.noindex/ArchiveIntermediates/Reel/IntermediateBuildFilesPath/AMSMB2.build/Release-iphoneos/libsmb2.build/Objects-normal/arm64/compat.o

CompileC /Users/runner/Library/Developer/Xcode/DerivedData/Reel-eksnidxqjeiwfnbzsppehnrbqtac/Build/Intermediates.noindex/ArchiveIntermediates/Reel/IntermediateBuildFilesPath/AMSMB2.build/Release-iphoneos/libsmb2.build/Objects-normal/arm64/asn1-ber.o /Users/runner/work/reel/reel/Packages/AMSMB2/Dependencies/libsmb2/lib/asn1-ber.c normal arm64 c com.apple.compilers.llvm.clang.1_0.compiler (in target 'libsmb2' from project 'AMSMB2')
    cd /Users/runner/work/reel/reel/Reel.xcodeproj
    
    Using response file: /Users/runner/Library/Developer/Xcode/DerivedData/Reel-eksnidxqjeiwfnbzsppehnrbqtac/Build/Intermediates.noindex/ArchiveIntermediates/Reel/IntermediateBuildFilesPath/AMSMB2.build/Release-iphoneos/libsmb2.build/Objects-normal/arm64/7187679823f38a2a940e0043cdf9d637-common-args.resp
    
    /Applications/Xcode_26.6.app/Contents/Developer/Toolchains/XcodeDefault.xctoolchain/usr/bin/clang -x c -ivfsstatcache /Users/runner/Library/Developer/Xcode/DerivedData/SDKStatCaches.noindex/iphoneos26.5-23F81a-688ef53f1462e2c8f657fdc38a81448fee66e23052a0157c865c76b268046726.sdkstatcache -target arm64-apple-ios13.0 -fmessage-length\=0 -fdiagnostics-show-note-include-stack -fmacro-backtrace-limit\=0 -fno-color-diagnostics -fmodules-prune-interval\=86400 -fmodules-prune-after\=345600 -fbuild-session-file\=/Users/runner/Library/Developer/Xcode/DerivedData/ModuleCache.noindex/Session.modulevalidation -fmodules-validate-once-per-build-session -Wnon-modular-include-in-framework-module -Werror\=non-modular-include-in-framework-module -Wno-trigraphs -Wno-missing-field-initializers -Wno-missing-prototypes -Wno-return-type -Wno-missing-braces -Wparentheses -Wswitch -Wno-unused-function -Wno-unused-label -Wno-unused-parameter -Wno-unused-variable -Wunused-value -Wno-empty-body -Wno-uninitialized -Wno-unknown-pragmas -w -Wno-shadow -Wno-four-char-constants -Wno-conversion -Wno-constant-conversion -Wno-int-conversion -Wno-bool-conversion -Wno-enum-conversion -Wno-float-conversion -Wno-non-literal-null-conversion -Wno-objc-literal-conversion -Wshorten-64-to-32 -Wpointer-sign -Wno-newline-eof -Wno-implicit-fallthrough -isysroot /Applications/Xcode_26.6.app/Contents/Developer/Platforms/iPhoneOS.platform/Developer/SDKs/iPhoneOS26.5.sdk -fstrict-aliasing -Wdeprecated-declarations -Wno-sign-conversion -Wno-infinite-recursion -Wno-comma -Wno-block-capture-autoreleasing -Wno-strict-prototypes -Wno-semicolon-before-method-body @/Users/runner/Library/Developer/Xcode/DerivedData/Reel-eksnidxqjeiwfnbzsppehnrbqtac/Build/Intermediates.noindex/ArchiveIntermediates/Reel/IntermediateBuildFilesPath/AMSMB2.build/Release-iphoneos/libsmb2.build/Objects-normal/arm64/7187679823f38a2a940e0043cdf9d637-common-args.resp -MMD -MT dependencies -MF /Users/runner/Library/Developer/Xcode/DerivedData/Reel-eksnidxqjeiwfnbzsppehnrbqtac/Build/Intermediates.noindex/ArchiveIntermediates/Reel/IntermediateBuildFilesPath/AMSMB2.build/Release-iphoneos/libsmb2.build/Objects-normal/arm64/asn1-ber.d --serialize-diagnostics /Users/runner/Library/Developer/Xcode/DerivedData/Reel-eksnidxqjeiwfnbzsppehnrbqtac/Build/Intermediates.noindex/ArchiveIntermediates/Reel/IntermediateBuildFilesPath/AMSMB2.build/Release-iphoneos/libsmb2.build/Objects-normal/arm64/asn1-ber.dia -c /Users/runner/work/reel/reel/Packages/AMSMB2/Dependencies/libsmb2/lib/asn1-ber.c -o /Users/runner/Library/Developer/Xcode/DerivedData/Reel-eksnidxqjeiwfnbzsppehnrbqtac/Build/Intermediates.noindex/ArchiveIntermediates/Reel/IntermediateBuildFilesPath/AMSMB2.build/Release-iphoneos/libsmb2.build/Objects-normal/arm64/asn1-ber.o

ScanDependencies /Users/runner/Library/Developer/Xcode/DerivedData/Reel-eksnidxqjeiwfnbzsppehnrbqtac/Build/Intermediates.noindex/ArchiveIntermediates/Reel/IntermediateBuildFilesPath/AMSMB2.build/Release-iphoneos/libsmb2.build/Objects-normal/arm64/alloc.o /Users/runner/work/reel/reel/Packages/AMSMB2/Dependencies/libsmb2/lib/alloc.c normal arm64 c com.apple.compilers.llvm.clang.1_0.compiler (in target 'libsmb2' from project 'AMSMB2')
    cd /Users/runner/work/reel/reel/Reel.xcodeproj
    
    Using response file: /Users/runner/Library/Developer/Xcode/DerivedData/Reel-eksnidxqjeiwfnbzsppehnrbqtac/Build/Intermediates.noindex/ArchiveIntermediates/Reel/IntermediateBuildFilesPath/AMSMB2.build/Release-iphoneos/libsmb2.build/Objects-normal/arm64/7187679823f38a2a940e0043cdf9d637-common-args.resp
    
    builtin-ScanDependencies -o /Users/runner/Library/Developer/Xcode/DerivedData/Reel-eksnidxqjeiwfnbzsppehnrbqtac/Build/Intermediates.noindex/ArchiveIntermediates/Reel/IntermediateBuildFilesPath/AMSMB2.build/Release-iphoneos/libsmb2.build/Objects-normal/arm64/alloc.o.scan -- /Applications/Xcode_26.6.app/Contents/Developer/Toolchains/XcodeDefault.xctoolchain/usr/bin/clang -x c -ivfsstatcache /Users/runner/Library/Developer/Xcode/DerivedData/SDKStatCaches.noindex/iphoneos26.5-23F81a-688ef53f1462e2c8f657fdc38a81448fee66e23052a0157c865c76b268046726.sdkstatcache -target arm64-apple-ios13.0 -fmessage-length\=0 -fdiagnostics-show-note-include-stack -fmacro-backtrace-limit\=0 -fno-color-diagnostics -fmodules-prune-interval\=86400 -fmodules-prune-after\=345600 -fbuild-session-file\=/Users/runner/Library/Developer/Xcode/DerivedData/ModuleCache.noindex/Session.modulevalidation -fmodules-validate-once-per-build-session -Wnon-modular-include-in-framework-module -Werror\=non-modular-include-in-framework-module -Wno-trigraphs -Wno-missing-field-initializers -Wno-missing-prototypes -Wno-return-type -Wno-missing-braces -Wparentheses -Wswitch -Wno-unused-function -Wno-unused-label -Wno-unused-parameter -Wno-unused-variable -Wunused-value -Wno-empty-body -Wno-uninitialized -Wno-unknown-pragmas -w -Wno-shadow -Wno-four-char-constants -Wno-conversion -Wno-constant-conversion -Wno-int-conversion -Wno-bool-conversion -Wno-enum-conversion -Wno-float-conversion -Wno-non-literal-null-conversion -Wno-objc-literal-conversion -Wshorten-64-to-32 -Wpointer-sign -Wno-newline-eof -Wno-implicit-fallthrough -isysroot /Applications/Xcode_26.6.app/Contents/Developer/Platforms/iPhoneOS.platform/Developer/SDKs/iPhoneOS26.5.sdk -fstrict-aliasing -Wdeprecated-declarations -Wno-sign-conversion -Wno-infinite-recursion -Wno-comma -Wno-block-capture-autoreleasing -Wno-strict-prototypes -Wno-semicolon-before-method-body @/Users/runner/Library/Developer/Xcode/DerivedData/Reel-eksnidxqjeiwfnbzsppehnrbqtac/Build/Intermediates.noindex/ArchiveIntermediates/Reel/IntermediateBuildFilesPath/AMSMB2.build/Release-iphoneos/libsmb2.build/Objects-normal/arm64/7187679823f38a2a940e0043cdf9d637-common-args.resp -MMD -MT dependencies -MF /Users/runner/Library/Developer/Xcode/DerivedData/Reel-eksnidxqjeiwfnbzsppehnrbqtac/Build/Intermediates.noindex/ArchiveIntermediates/Reel/IntermediateBuildFilesPath/AMSMB2.build/Release-iphoneos/libsmb2.build/Objects-normal/arm64/alloc.d --serialize-diagnostics /Users/runner/Library/Developer/Xcode/DerivedData/Reel-eksnidxqjeiwfnbzsppehnrbqtac/Build/Intermediates.noindex/ArchiveIntermediates/Reel/IntermediateBuildFilesPath/AMSMB2.build/Release-iphoneos/libsmb2.build/Objects-normal/arm64/alloc.dia -c /Users/runner/work/reel/reel/Packages/AMSMB2/Dependencies/libsmb2/lib/alloc.c -o /Users/runner/Library/Developer/Xcode/DerivedData/Reel-eksnidxqjeiwfnbzsppehnrbqtac/Build/Intermediates.noindex/ArchiveIntermediates/Reel/IntermediateBuildFilesPath/AMSMB2.build/Release-iphoneos/libsmb2.build/Objects-normal/arm64/alloc.o

ScanDependencies /Users/runner/Library/Developer/Xcode/DerivedData/Reel-eksnidxqjeiwfnbzsppehnrbqtac/Build/Intermediates.noindex/ArchiveIntermediates/Reel/IntermediateBuildFilesPath/AMSMB2.build/Release-iphoneos/libsmb2.build/Objects-normal/arm64/aes_reference.o /Users/runner/work/reel/reel/Packages/AMSMB2/Dependencies/libsmb2/lib/aes_reference.c normal arm64 c com.apple.compilers.llvm.clang.1_0.compiler (in target 'libsmb2' from project 'AMSMB2')
    cd /Users/runner/work/reel/reel/Reel.xcodeproj
    
    Using response file: /Users/runner/Library/Developer/Xcode/DerivedData/Reel-eksnidxqjeiwfnbzsppehnrbqtac/Build/Intermediates.noindex/ArchiveIntermediates/Reel/IntermediateBuildFilesPath/AMSMB2.build/Release-iphoneos/libsmb2.build/Objects-normal/arm64/7187679823f38a2a940e0043cdf9d637-common-args.resp
    
    builtin-ScanDependencies -o /Users/runner/Library/Developer/Xcode/DerivedData/Reel-eksnidxqjeiwfnbzsppehnrbqtac/Build/Intermediates.noindex/ArchiveIntermediates/Reel/IntermediateBuildFilesPath/AMSMB2.build/Release-iphoneos/libsmb2.build/Objects-normal/arm64/aes_reference.o.scan -- /Applications/Xcode_26.6.app/Contents/Developer/Toolchains/XcodeDefault.xctoolchain/usr/bin/clang -x c -ivfsstatcache /Users/runner/Library/Developer/Xcode/DerivedData/SDKStatCaches.noindex/iphoneos26.5-23F81a-688ef53f1462e2c8f657fdc38a81448fee66e23052a0157c865c76b268046726.sdkstatcache -target arm64-apple-ios13.0 -fmessage-length\=0 -fdiagnostics-show-note-include-stack -fmacro-backtrace-limit\=0 -fno-color-diagnostics -fmodules-prune-interval\=86400 -fmodules-prune-after\=345600 -fbuild-session-file\=/Users/runner/Library/Developer/Xcode/DerivedData/ModuleCache.noindex/Session.modulevalidation -fmodules-validate-once-per-build-session -Wnon-modular-include-in-framework-module -Werror\=non-modular-include-in-framework-module -Wno-trigraphs -Wno-missing-field-initializers -Wno-missing-prototypes -Wno-return-type -Wno-missing-braces -Wparentheses -Wswitch -Wno-unused-function -Wno-unused-label -Wno-unused-parameter -Wno-unused-variable -Wunused-value -Wno-empty-body -Wno-uninitialized -Wno-unknown-pragmas -w -Wno-shadow -Wno-four-char-constants -Wno-conversion -Wno-constant-conversion -Wno-int-conversion -Wno-bool-conversion -Wno-enum-conversion -Wno-float-conversion -Wno-non-literal-null-conversion -Wno-objc-literal-conversion -Wshorten-64-to-32 -Wpointer-sign -Wno-newline-eof -Wno-implicit-fallthrough -isysroot /Applications/Xcode_26.6.app/Contents/Developer/Platforms/iPhoneOS.platform/Developer/SDKs/iPhoneOS26.5.sdk -fstrict-aliasing -Wdeprecated-declarations -Wno-sign-conversion -Wno-infinite-recursion -Wno-comma -Wno-block-capture-autoreleasing -Wno-strict-prototypes -Wno-semicolon-before-method-body @/Users/runner/Library/Developer/Xcode/DerivedData/Reel-eksnidxqjeiwfnbzsppehnrbqtac/Build/Intermediates.noindex/ArchiveIntermediates/Reel/IntermediateBuildFilesPath/AMSMB2.build/Release-iphoneos/libsmb2.build/Objects-normal/arm64/7187679823f38a2a940e0043cdf9d637-common-args.resp -MMD -MT dependencies -MF /Users/runner/Library/Developer/Xcode/DerivedData/Reel-eksnidxqjeiwfnbzsppehnrbqtac/Build/Intermediates.noindex/ArchiveIntermediates/Reel/IntermediateBuildFilesPath/AMSMB2.build/Release-iphoneos/libsmb2.build/Objects-normal/arm64/aes_reference.d --serialize-diagnostics /Users/runner/Library/Developer/Xcode/DerivedData/Reel-eksnidxqjeiwfnbzsppehnrbqtac/Build/Intermediates.noindex/ArchiveIntermediates/Reel/IntermediateBuildFilesPath/AMSMB2.build/Release-iphoneos/libsmb2.build/Objects-normal/arm64/aes_reference.dia -c /Users/runner/work/reel/reel/Packages/AMSMB2/Dependencies/libsmb2/lib/aes_reference.c -o /Users/runner/Library/Developer/Xcode/DerivedData/Reel-eksnidxqjeiwfnbzsppehnrbqtac/Build/Intermediates.noindex/ArchiveIntermediates/Reel/IntermediateBuildFilesPath/AMSMB2.build/Release-iphoneos/libsmb2.build/Objects-normal/arm64/aes_reference.o

CompileC /Users/runner/Library/Developer/Xcode/DerivedData/Reel-eksnidxqjeiwfnbzsppehnrbqtac/Build/Intermediates.noindex/ArchiveIntermediates/Reel/IntermediateBuildFilesPath/AMSMB2.build/Release-iphoneos/libsmb2.build/Objects-normal/arm64/alloc.o /Users/runner/work/reel/reel/Packages/AMSMB2/Dependencies/libsmb2/lib/alloc.c normal arm64 c com.apple.compilers.llvm.clang.1_0.compiler (in target 'libsmb2' from project 'AMSMB2')
    cd /Users/runner/work/reel/reel/Reel.xcodeproj
    
    Using response file: /Users/runner/Library/Developer/Xcode/DerivedData/Reel-eksnidxqjeiwfnbzsppehnrbqtac/Build/Intermediates.noindex/ArchiveIntermediates/Reel/IntermediateBuildFilesPath/AMSMB2.build/Release-iphoneos/libsmb2.build/Objects-normal/arm64/7187679823f38a2a940e0043cdf9d637-common-args.resp
    
    /Applications/Xcode_26.6.app/Contents/Developer/Toolchains/XcodeDefault.xctoolchain/usr/bin/clang -x c -ivfsstatcache /Users/runner/Library/Developer/Xcode/DerivedData/SDKStatCaches.noindex/iphoneos26.5-23F81a-688ef53f1462e2c8f657fdc38a81448fee66e23052a0157c865c76b268046726.sdkstatcache -target arm64-apple-ios13.0 -fmessage-length\=0 -fdiagnostics-show-note-include-stack -fmacro-backtrace-limit\=0 -fno-color-diagnostics -fmodules-prune-interval\=86400 -fmodules-prune-after\=345600 -fbuild-session-file\=/Users/runner/Library/Developer/Xcode/DerivedData/ModuleCache.noindex/Session.modulevalidation -fmodules-validate-once-per-build-session -Wnon-modular-include-in-framework-module -Werror\=non-modular-include-in-framework-module -Wno-trigraphs -Wno-missing-field-initializers -Wno-missing-prototypes -Wno-return-type -Wno-missing-braces -Wparentheses -Wswitch -Wno-unused-function -Wno-unused-label -Wno-unused-parameter -Wno-unused-variable -Wunused-value -Wno-empty-body -Wno-uninitialized -Wno-unknown-pragmas -w -Wno-shadow -Wno-four-char-constants -Wno-conversion -Wno-constant-conversion -Wno-int-conversion -Wno-bool-conversion -Wno-enum-conversion -Wno-float-conversion -Wno-non-literal-null-conversion -Wno-objc-literal-conversion -Wshorten-64-to-32 -Wpointer-sign -Wno-newline-eof -Wno-implicit-fallthrough -isysroot /Applications/Xcode_26.6.app/Contents/Developer/Platforms/iPhoneOS.platform/Developer/SDKs/iPhoneOS26.5.sdk -fstrict-aliasing -Wdeprecated-declarations -Wno-sign-conversion -Wno-infinite-recursion -Wno-comma -Wno-block-capture-autoreleasing -Wno-strict-prototypes -Wno-semicolon-before-method-body @/Users/runner/Library/Developer/Xcode/DerivedData/Reel-eksnidxqjeiwfnbzsppehnrbqtac/Build/Intermediates.noindex/ArchiveIntermediates/Reel/IntermediateBuildFilesPath/AMSMB2.build/Release-iphoneos/libsmb2.build/Objects-normal/arm64/7187679823f38a2a940e0043cdf9d637-common-args.resp -MMD -MT dependencies -MF /Users/runner/Library/Developer/Xcode/DerivedData/Reel-eksnidxqjeiwfnbzsppehnrbqtac/Build/Intermediates.noindex/ArchiveIntermediates/Reel/IntermediateBuildFilesPath/AMSMB2.build/Release-iphoneos/libsmb2.build/Objects-normal/arm64/alloc.d --serialize-diagnostics /Users/runner/Library/Developer/Xcode/DerivedData/Reel-eksnidxqjeiwfnbzsppehnrbqtac/Build/Intermediates.noindex/ArchiveIntermediates/Reel/IntermediateBuildFilesPath/AMSMB2.build/Release-iphoneos/libsmb2.build/Objects-normal/arm64/alloc.dia -c /Users/runner/work/reel/reel/Packages/AMSMB2/Dependencies/libsmb2/lib/alloc.c -o /Users/runner/Library/Developer/Xcode/DerivedData/Reel-eksnidxqjeiwfnbzsppehnrbqtac/Build/Intermediates.noindex/ArchiveIntermediates/Reel/IntermediateBuildFilesPath/AMSMB2.build/Release-iphoneos/libsmb2.build/Objects-normal/arm64/alloc.o

CompileC /Users/runner/Library/Developer/Xcode/DerivedData/Reel-eksnidxqjeiwfnbzsppehnrbqtac/Build/Intermediates.noindex/ArchiveIntermediates/Reel/IntermediateBuildFilesPath/AMSMB2.build/Release-iphoneos/libsmb2.build/Objects-normal/arm64/aes_reference.o /Users/runner/work/reel/reel/Packages/AMSMB2/Dependencies/libsmb2/lib/aes_reference.c normal arm64 c com.apple.compilers.llvm.clang.1_0.compiler (in target 'libsmb2' from project 'AMSMB2')
    cd /Users/runner/work/reel/reel/Reel.xcodeproj
    
    Using response file: /Users/runner/Library/Developer/Xcode/DerivedData/Reel-eksnidxqjeiwfnbzsppehnrbqtac/Build/Intermediates.noindex/ArchiveIntermediates/Reel/IntermediateBuildFilesPath/AMSMB2.build/Release-iphoneos/libsmb2.build/Objects-normal/arm64/7187679823f38a2a940e0043cdf9d637-common-args.resp
    
    /Applications/Xcode_26.6.app/Contents/Developer/Toolchains/XcodeDefault.xctoolchain/usr/bin/clang -x c -ivfsstatcache /Users/runner/Library/Developer/Xcode/DerivedData/SDKStatCaches.noindex/iphoneos26.5-23F81a-688ef53f1462e2c8f657fdc38a81448fee66e23052a0157c865c76b268046726.sdkstatcache -target arm64-apple-ios13.0 -fmessage-length\=0 -fdiagnostics-show-note-include-stack -fmacro-backtrace-limit\=0 -fno-color-diagnostics -fmodules-prune-interval\=86400 -fmodules-prune-after\=345600 -fbuild-session-file\=/Users/runner/Library/Developer/Xcode/DerivedData/ModuleCache.noindex/Session.modulevalidation -fmodules-validate-once-per-build-session -Wnon-modular-include-in-framework-module -Werror\=non-modular-include-in-framework-module -Wno-trigraphs -Wno-missing-field-initializers -Wno-missing-prototypes -Wno-return-type -Wno-missing-braces -Wparentheses -Wswitch -Wno-unused-function -Wno-unused-label -Wno-unused-parameter -Wno-unused-variable -Wunused-value -Wno-empty-body -Wno-uninitialized -Wno-unknown-pragmas -w -Wno-shadow -Wno-four-char-constants -Wno-conversion -Wno-constant-conversion -Wno-int-conversion -Wno-bool-conversion -Wno-enum-conversion -Wno-float-conversion -Wno-non-literal-null-conversion -Wno-objc-literal-conversion -Wshorten-64-to-32 -Wpointer-sign -Wno-newline-eof -Wno-implicit-fallthrough -isysroot /Applications/Xcode_26.6.app/Contents/Developer/Platforms/iPhoneOS.platform/Developer/SDKs/iPhoneOS26.5.sdk -fstrict-aliasing -Wdeprecated-declarations -Wno-sign-conversion -Wno-infinite-recursion -Wno-comma -Wno-block-capture-autoreleasing -Wno-strict-prototypes -Wno-semicolon-before-method-body @/Users/runner/Library/Developer/Xcode/DerivedData/Reel-eksnidxqjeiwfnbzsppehnrbqtac/Build/Intermediates.noindex/ArchiveIntermediates/Reel/IntermediateBuildFilesPath/AMSMB2.build/Release-iphoneos/libsmb2.build/Objects-normal/arm64/7187679823f38a2a940e0043cdf9d637-common-args.resp -MMD -MT dependencies -MF /Users/runner/Library/Developer/Xcode/DerivedData/Reel-eksnidxqjeiwfnbzsppehnrbqtac/Build/Intermediates.noindex/ArchiveIntermediates/Reel/IntermediateBuildFilesPath/AMSMB2.build/Release-iphoneos/libsmb2.build/Objects-normal/arm64/aes_reference.d --serialize-diagnostics /Users/runner/Library/Developer/Xcode/DerivedData/Reel-eksnidxqjeiwfnbzsppehnrbqtac/Build/Intermediates.noindex/ArchiveIntermediates/Reel/IntermediateBuildFilesPath/AMSMB2.build/Release-iphoneos/libsmb2.build/Objects-normal/arm64/aes_reference.dia -c /Users/runner/work/reel/reel/Packages/AMSMB2/Dependencies/libsmb2/lib/aes_reference.c -o /Users/runner/Library/Developer/Xcode/DerivedData/Reel-eksnidxqjeiwfnbzsppehnrbqtac/Build/Intermediates.noindex/ArchiveIntermediates/Reel/IntermediateBuildFilesPath/AMSMB2.build/Release-iphoneos/libsmb2.build/Objects-normal/arm64/aes_reference.o

ScanDependencies /Users/runner/Library/Developer/Xcode/DerivedData/Reel-eksnidxqjeiwfnbzsppehnrbqtac/Build/Intermediates.noindex/ArchiveIntermediates/Reel/IntermediateBuildFilesPath/AMSMB2.build/Release-iphoneos/libsmb2.build/Objects-normal/arm64/aes_apple.o /Users/runner/work/reel/reel/Packages/AMSMB2/Dependencies/libsmb2/lib/aes_apple.c normal arm64 c com.apple.compilers.llvm.clang.1_0.compiler (in target 'libsmb2' from project 'AMSMB2')
    cd /Users/runner/work/reel/reel/Reel.xcodeproj
    
    Using response file: /Users/runner/Library/Developer/Xcode/DerivedData/Reel-eksnidxqjeiwfnbzsppehnrbqtac/Build/Intermediates.noindex/ArchiveIntermediates/Reel/IntermediateBuildFilesPath/AMSMB2.build/Release-iphoneos/libsmb2.build/Objects-normal/arm64/7187679823f38a2a940e0043cdf9d637-common-args.resp
    
    builtin-ScanDependencies -o /Users/runner/Library/Developer/Xcode/DerivedData/Reel-eksnidxqjeiwfnbzsppehnrbqtac/Build/Intermediates.noindex/ArchiveIntermediates/Reel/IntermediateBuildFilesPath/AMSMB2.build/Release-iphoneos/libsmb2.build/Objects-normal/arm64/aes_apple.o.scan -- /Applications/Xcode_26.6.app/Contents/Developer/Toolchains/XcodeDefault.xctoolchain/usr/bin/clang -x c -ivfsstatcache /Users/runner/Library/Developer/Xcode/DerivedData/SDKStatCaches.noindex/iphoneos26.5-23F81a-688ef53f1462e2c8f657fdc38a81448fee66e23052a0157c865c76b268046726.sdkstatcache -target arm64-apple-ios13.0 -fmessage-length\=0 -fdiagnostics-show-note-include-stack -fmacro-backtrace-limit\=0 -fno-color-diagnostics -fmodules-prune-interval\=86400 -fmodules-prune-after\=345600 -fbuild-session-file\=/Users/runner/Library/Developer/Xcode/DerivedData/ModuleCache.noindex/Session.modulevalidation -fmodules-validate-once-per-build-session -Wnon-modular-include-in-framework-module -Werror\=non-modular-include-in-framework-module -Wno-trigraphs -Wno-missing-field-initializers -Wno-missing-prototypes -Wno-return-type -Wno-missing-braces -Wparentheses -Wswitch -Wno-unused-function -Wno-unused-label -Wno-unused-parameter -Wno-unused-variable -Wunused-value -Wno-empty-body -Wno-uninitialized -Wno-unknown-pragmas -w -Wno-shadow -Wno-four-char-constants -Wno-conversion -Wno-constant-conversion -Wno-int-conversion -Wno-bool-conversion -Wno-enum-conversion -Wno-float-conversion -Wno-non-literal-null-conversion -Wno-objc-literal-conversion -Wshorten-64-to-32 -Wpointer-sign -Wno-newline-eof -Wno-implicit-fallthrough -isysroot /Applications/Xcode_26.6.app/Contents/Developer/Platforms/iPhoneOS.platform/Developer/SDKs/iPhoneOS26.5.sdk -fstrict-aliasing -Wdeprecated-declarations -Wno-sign-conversion -Wno-infinite-recursion -Wno-comma -Wno-block-capture-autoreleasing -Wno-strict-prototypes -Wno-semicolon-before-method-body @/Users/runner/Library/Developer/Xcode/DerivedData/Reel-eksnidxqjeiwfnbzsppehnrbqtac/Build/Intermediates.noindex/ArchiveIntermediates/Reel/IntermediateBuildFilesPath/AMSMB2.build/Release-iphoneos/libsmb2.build/Objects-normal/arm64/7187679823f38a2a940e0043cdf9d637-common-args.resp -MMD -MT dependencies -MF /Users/runner/Library/Developer/Xcode/DerivedData/Reel-eksnidxqjeiwfnbzsppehnrbqtac/Build/Intermediates.noindex/ArchiveIntermediates/Reel/IntermediateBuildFilesPath/AMSMB2.build/Release-iphoneos/libsmb2.build/Objects-normal/arm64/aes_apple.d --serialize-diagnostics /Users/runner/Library/Developer/Xcode/DerivedData/Reel-eksnidxqjeiwfnbzsppehnrbqtac/Build/Intermediates.noindex/ArchiveIntermediates/Reel/IntermediateBuildFilesPath/AMSMB2.build/Release-iphoneos/libsmb2.build/Objects-normal/arm64/aes_apple.dia -c /Users/runner/work/reel/reel/Packages/AMSMB2/Dependencies/libsmb2/lib/aes_apple.c -o /Users/runner/Library/Developer/Xcode/DerivedData/Reel-eksnidxqjeiwfnbzsppehnrbqtac/Build/Intermediates.noindex/ArchiveIntermediates/Reel/IntermediateBuildFilesPath/AMSMB2.build/Release-iphoneos/libsmb2.build/Objects-normal/arm64/aes_apple.o

ScanDependencies /Users/runner/Library/Developer/Xcode/DerivedData/Reel-eksnidxqjeiwfnbzsppehnrbqtac/Build/Intermediates.noindex/ArchiveIntermediates/Reel/IntermediateBuildFilesPath/AMSMB2.build/Release-iphoneos/libsmb2.build/Objects-normal/arm64/aes128ccm.o /Users/runner/work/reel/reel/Packages/AMSMB2/Dependencies/libsmb2/lib/aes128ccm.c normal arm64 c com.apple.compilers.llvm.clang.1_0.compiler (in target 'libsmb2' from project 'AMSMB2')
    cd /Users/runner/work/reel/reel/Reel.xcodeproj
    
    Using response file: /Users/runner/Library/Developer/Xcode/DerivedData/Reel-eksnidxqjeiwfnbzsppehnrbqtac/Build/Intermediates.noindex/ArchiveIntermediates/Reel/IntermediateBuildFilesPath/AMSMB2.build/Release-iphoneos/libsmb2.build/Objects-normal/arm64/7187679823f38a2a940e0043cdf9d637-common-args.resp
    
    builtin-ScanDependencies -o /Users/runner/Library/Developer/Xcode/DerivedData/Reel-eksnidxqjeiwfnbzsppehnrbqtac/Build/Intermediates.noindex/ArchiveIntermediates/Reel/IntermediateBuildFilesPath/AMSMB2.build/Release-iphoneos/libsmb2.build/Objects-normal/arm64/aes128ccm.o.scan -- /Applications/Xcode_26.6.app/Contents/Developer/Toolchains/XcodeDefault.xctoolchain/usr/bin/clang -x c -ivfsstatcache /Users/runner/Library/Developer/Xcode/DerivedData/SDKStatCaches.noindex/iphoneos26.5-23F81a-688ef53f1462e2c8f657fdc38a81448fee66e23052a0157c865c76b268046726.sdkstatcache -target arm64-apple-ios13.0 -fmessage-length\=0 -fdiagnostics-show-note-include-stack -fmacro-backtrace-limit\=0 -fno-color-diagnostics -fmodules-prune-interval\=86400 -fmodules-prune-after\=345600 -fbuild-session-file\=/Users/runner/Library/Developer/Xcode/DerivedData/ModuleCache.noindex/Session.modulevalidation -fmodules-validate-once-per-build-session -Wnon-modular-include-in-framework-module -Werror\=non-modular-include-in-framework-module -Wno-trigraphs -Wno-missing-field-initializers -Wno-missing-prototypes -Wno-return-type -Wno-missing-braces -Wparentheses -Wswitch -Wno-unused-function -Wno-unused-label -Wno-unused-parameter -Wno-unused-variable -Wunused-value -Wno-empty-body -Wno-uninitialized -Wno-unknown-pragmas -w -Wno-shadow -Wno-four-char-constants -Wno-conversion -Wno-constant-conversion -Wno-int-conversion -Wno-bool-conversion -Wno-enum-conversion -Wno-float-conversion -Wno-non-literal-null-conversion -Wno-objc-literal-conversion -Wshorten-64-to-32 -Wpointer-sign -Wno-newline-eof -Wno-implicit-fallthrough -isysroot /Applications/Xcode_26.6.app/Contents/Developer/Platforms/iPhoneOS.platform/Developer/SDKs/iPhoneOS26.5.sdk -fstrict-aliasing -Wdeprecated-declarations -Wno-sign-conversion -Wno-infinite-recursion -Wno-comma -Wno-block-capture-autoreleasing -Wno-strict-prototypes -Wno-semicolon-before-method-body @/Users/runner/Library/Developer/Xcode/DerivedData/Reel-eksnidxqjeiwfnbzsppehnrbqtac/Build/Intermediates.noindex/ArchiveIntermediates/Reel/IntermediateBuildFilesPath/AMSMB2.build/Release-iphoneos/libsmb2.build/Objects-normal/arm64/7187679823f38a2a940e0043cdf9d637-common-args.resp -MMD -MT dependencies -MF /Users/runner/Library/Developer/Xcode/DerivedData/Reel-eksnidxqjeiwfnbzsppehnrbqtac/Build/Intermediates.noindex/ArchiveIntermediates/Reel/IntermediateBuildFilesPath/AMSMB2.build/Release-iphoneos/libsmb2.build/Objects-normal/arm64/aes128ccm.d --serialize-diagnostics /Users/runner/Library/Developer/Xcode/DerivedData/Reel-eksnidxqjeiwfnbzsppehnrbqtac/Build/Intermediates.noindex/ArchiveIntermediates/Reel/IntermediateBuildFilesPath/AMSMB2.build/Release-iphoneos/libsmb2.build/Objects-normal/arm64/aes128ccm.dia -c /Users/runner/work/reel/reel/Packages/AMSMB2/Dependencies/libsmb2/lib/aes128ccm.c -o /Users/runner/Library/Developer/Xcode/DerivedData/Reel-eksnidxqjeiwfnbzsppehnrbqtac/Build/Intermediates.noindex/ArchiveIntermediates/Reel/IntermediateBuildFilesPath/AMSMB2.build/Release-iphoneos/libsmb2.build/Objects-normal/arm64/aes128ccm.o

ScanDependencies /Users/runner/Library/Developer/Xcode/DerivedData/Reel-eksnidxqjeiwfnbzsppehnrbqtac/Build/Intermediates.noindex/ArchiveIntermediates/Reel/IntermediateBuildFilesPath/AMSMB2.build/Release-iphoneos/libsmb2.build/Objects-normal/arm64/aes.o /Users/runner/work/reel/reel/Packages/AMSMB2/Dependencies/libsmb2/lib/aes.c normal arm64 c com.apple.compilers.llvm.clang.1_0.compiler (in target 'libsmb2' from project 'AMSMB2')
    cd /Users/runner/work/reel/reel/Reel.xcodeproj
    
    Using response file: /Users/runner/Library/Developer/Xcode/DerivedData/Reel-eksnidxqjeiwfnbzsppehnrbqtac/Build/Intermediates.noindex/ArchiveIntermediates/Reel/IntermediateBuildFilesPath/AMSMB2.build/Release-iphoneos/libsmb2.build/Objects-normal/arm64/7187679823f38a2a940e0043cdf9d637-common-args.resp
    
    builtin-ScanDependencies -o /Users/runner/Library/Developer/Xcode/DerivedData/Reel-eksnidxqjeiwfnbzsppehnrbqtac/Build/Intermediates.noindex/ArchiveIntermediates/Reel/IntermediateBuildFilesPath/AMSMB2.build/Release-iphoneos/libsmb2.build/Objects-normal/arm64/aes.o.scan -- /Applications/Xcode_26.6.app/Contents/Developer/Toolchains/XcodeDefault.xctoolchain/usr/bin/clang -x c -ivfsstatcache /Users/runner/Library/Developer/Xcode/DerivedData/SDKStatCaches.noindex/iphoneos26.5-23F81a-688ef53f1462e2c8f657fdc38a81448fee66e23052a0157c865c76b268046726.sdkstatcache -target arm64-apple-ios13.0 -fmessage-length\=0 -fdiagnostics-show-note-include-stack -fmacro-backtrace-limit\=0 -fno-color-diagnostics -fmodules-prune-interval\=86400 -fmodules-prune-after\=345600 -fbuild-session-file\=/Users/runner/Library/Developer/Xcode/DerivedData/ModuleCache.noindex/Session.modulevalidation -fmodules-validate-once-per-build-session -Wnon-modular-include-in-framework-module -Werror\=non-modular-include-in-framework-module -Wno-trigraphs -Wno-missing-field-initializers -Wno-missing-prototypes -Wno-return-type -Wno-missing-braces -Wparentheses -Wswitch -Wno-unused-function -Wno-unused-label -Wno-unused-parameter -Wno-unused-variable -Wunused-value -Wno-empty-body -Wno-uninitialized -Wno-unknown-pragmas -w -Wno-shadow -Wno-four-char-constants -Wno-conversion -Wno-constant-conversion -Wno-int-conversion -Wno-bool-conversion -Wno-enum-conversion -Wno-float-conversion -Wno-non-literal-null-conversion -Wno-objc-literal-conversion -Wshorten-64-to-32 -Wpointer-sign -Wno-newline-eof -Wno-implicit-fallthrough -isysroot /Applications/Xcode_26.6.app/Contents/Developer/Platforms/iPhoneOS.platform/Developer/SDKs/iPhoneOS26.5.sdk -fstrict-aliasing -Wdeprecated-declarations -Wno-sign-conversion -Wno-infinite-recursion -Wno-comma -Wno-block-capture-autoreleasing -Wno-strict-prototypes -Wno-semicolon-before-method-body @/Users/runner/Library/Developer/Xcode/DerivedData/Reel-eksnidxqjeiwfnbzsppehnrbqtac/Build/Intermediates.noindex/ArchiveIntermediates/Reel/IntermediateBuildFilesPath/AMSMB2.build/Release-iphoneos/libsmb2.build/Objects-normal/arm64/7187679823f38a2a940e0043cdf9d637-common-args.resp -MMD -MT dependencies -MF /Users/runner/Library/Developer/Xcode/DerivedData/Reel-eksnidxqjeiwfnbzsppehnrbqtac/Build/Intermediates.noindex/ArchiveIntermediates/Reel/IntermediateBuildFilesPath/AMSMB2.build/Release-iphoneos/libsmb2.build/Objects-normal/arm64/aes.d --serialize-diagnostics /Users/runner/Library/Developer/Xcode/DerivedData/Reel-eksnidxqjeiwfnbzsppehnrbqtac/Build/Intermediates.noindex/ArchiveIntermediates/Reel/IntermediateBuildFilesPath/AMSMB2.build/Release-iphoneos/libsmb2.build/Objects-normal/arm64/aes.dia -c /Users/runner/work/reel/reel/Packages/AMSMB2/Dependencies/libsmb2/lib/aes.c -o /Users/runner/Library/Developer/Xcode/DerivedData/Reel-eksnidxqjeiwfnbzsppehnrbqtac/Build/Intermediates.noindex/ArchiveIntermediates/Reel/IntermediateBuildFilesPath/AMSMB2.build/Release-iphoneos/libsmb2.build/Objects-normal/arm64/aes.o

CompileC /Users/runner/Library/Developer/Xcode/DerivedData/Reel-eksnidxqjeiwfnbzsppehnrbqtac/Build/Intermediates.noindex/ArchiveIntermediates/Reel/IntermediateBuildFilesPath/AMSMB2.build/Release-iphoneos/libsmb2.build/Objects-normal/arm64/aes128ccm.o /Users/runner/work/reel/reel/Packages/AMSMB2/Dependencies/libsmb2/lib/aes128ccm.c normal arm64 c com.apple.compilers.llvm.clang.1_0.compiler (in target 'libsmb2' from project 'AMSMB2')
    cd /Users/runner/work/reel/reel/Reel.xcodeproj
    
    Using response file: /Users/runner/Library/Developer/Xcode/DerivedData/Reel-eksnidxqjeiwfnbzsppehnrbqtac/Build/Intermediates.noindex/ArchiveIntermediates/Reel/IntermediateBuildFilesPath/AMSMB2.build/Release-iphoneos/libsmb2.build/Objects-normal/arm64/7187679823f38a2a940e0043cdf9d637-common-args.resp
    
    /Applications/Xcode_26.6.app/Contents/Developer/Toolchains/XcodeDefault.xctoolchain/usr/bin/clang -x c -ivfsstatcache /Users/runner/Library/Developer/Xcode/DerivedData/SDKStatCaches.noindex/iphoneos26.5-23F81a-688ef53f1462e2c8f657fdc38a81448fee66e23052a0157c865c76b268046726.sdkstatcache -target arm64-apple-ios13.0 -fmessage-length\=0 -fdiagnostics-show-note-include-stack -fmacro-backtrace-limit\=0 -fno-color-diagnostics -fmodules-prune-interval\=86400 -fmodules-prune-after\=345600 -fbuild-session-file\=/Users/runner/Library/Developer/Xcode/DerivedData/ModuleCache.noindex/Session.modulevalidation -fmodules-validate-once-per-build-session -Wnon-modular-include-in-framework-module -Werror\=non-modular-include-in-framework-module -Wno-trigraphs -Wno-missing-field-initializers -Wno-missing-prototypes -Wno-return-type -Wno-missing-braces -Wparentheses -Wswitch -Wno-unused-function -Wno-unused-label -Wno-unused-parameter -Wno-unused-variable -Wunused-value -Wno-empty-body -Wno-uninitialized -Wno-unknown-pragmas -w -Wno-shadow -Wno-four-char-constants -Wno-conversion -Wno-constant-conversion -Wno-int-conversion -Wno-bool-conversion -Wno-enum-conversion -Wno-float-conversion -Wno-non-literal-null-conversion -Wno-objc-literal-conversion -Wshorten-64-to-32 -Wpointer-sign -Wno-newline-eof -Wno-implicit-fallthrough -isysroot /Applications/Xcode_26.6.app/Contents/Developer/Platforms/iPhoneOS.platform/Developer/SDKs/iPhoneOS26.5.sdk -fstrict-aliasing -Wdeprecated-declarations -Wno-sign-conversion -Wno-infinite-recursion -Wno-comma -Wno-block-capture-autoreleasing -Wno-strict-prototypes -Wno-semicolon-before-method-body @/Users/runner/Library/Developer/Xcode/DerivedData/Reel-eksnidxqjeiwfnbzsppehnrbqtac/Build/Intermediates.noindex/ArchiveIntermediates/Reel/IntermediateBuildFilesPath/AMSMB2.build/Release-iphoneos/libsmb2.build/Objects-normal/arm64/7187679823f38a2a940e0043cdf9d637-common-args.resp -MMD -MT dependencies -MF /Users/runner/Library/Developer/Xcode/DerivedData/Reel-eksnidxqjeiwfnbzsppehnrbqtac/Build/Intermediates.noindex/ArchiveIntermediates/Reel/IntermediateBuildFilesPath/AMSMB2.build/Release-iphoneos/libsmb2.build/Objects-normal/arm64/aes128ccm.d --serialize-diagnostics /Users/runner/Library/Developer/Xcode/DerivedData/Reel-eksnidxqjeiwfnbzsppehnrbqtac/Build/Intermediates.noindex/ArchiveIntermediates/Reel/IntermediateBuildFilesPath/AMSMB2.build/Release-iphoneos/libsmb2.build/Objects-normal/arm64/aes128ccm.dia -c /Users/runner/work/reel/reel/Packages/AMSMB2/Dependencies/libsmb2/lib/aes128ccm.c -o /Users/runner/Library/Developer/Xcode/DerivedData/Reel-eksnidxqjeiwfnbzsppehnrbqtac/Build/Intermediates.noindex/ArchiveIntermediates/Reel/IntermediateBuildFilesPath/AMSMB2.build/Release-iphoneos/libsmb2.build/Objects-normal/arm64/aes128ccm.o

PrecompileModule /Users/runner/Library/Developer/Xcode/DerivedData/Reel-eksnidxqjeiwfnbzsppehnrbqtac/Build/Intermediates.noindex/ArchiveIntermediates/Reel/IntermediateBuildFilesPath/ExplicitPrecompiledModules/CommonCrypto-D3S9XARZHOF8QIRJ36E8VHJ3O.scan
    cd /
    builtin-precompileModule /Users/runner/Library/Developer/Xcode/DerivedData/Reel-eksnidxqjeiwfnbzsppehnrbqtac/Build/Intermediates.noindex/ArchiveIntermediates/Reel/IntermediateBuildFilesPath/ExplicitPrecompiledModules/CommonCrypto-D3S9XARZHOF8QIRJ36E8VHJ3O.scan

CompileC /Users/runner/Library/Developer/Xcode/DerivedData/Reel-eksnidxqjeiwfnbzsppehnrbqtac/Build/Intermediates.noindex/ArchiveIntermediates/Reel/IntermediateBuildFilesPath/AMSMB2.build/Release-iphoneos/libsmb2.build/Objects-normal/arm64/aes.o /Users/runner/work/reel/reel/Packages/AMSMB2/Dependencies/libsmb2/lib/aes.c normal arm64 c com.apple.compilers.llvm.clang.1_0.compiler (in target 'libsmb2' from project 'AMSMB2')
    cd /Users/runner/work/reel/reel/Reel.xcodeproj
    
    Using response file: /Users/runner/Library/Developer/Xcode/DerivedData/Reel-eksnidxqjeiwfnbzsppehnrbqtac/Build/Intermediates.noindex/ArchiveIntermediates/Reel/IntermediateBuildFilesPath/AMSMB2.build/Release-iphoneos/libsmb2.build/Objects-normal/arm64/7187679823f38a2a940e0043cdf9d637-common-args.resp
    
    /Applications/Xcode_26.6.app/Contents/Developer/Toolchains/XcodeDefault.xctoolchain/usr/bin/clang -x c -ivfsstatcache /Users/runner/Library/Developer/Xcode/DerivedData/SDKStatCaches.noindex/iphoneos26.5-23F81a-688ef53f1462e2c8f657fdc38a81448fee66e23052a0157c865c76b268046726.sdkstatcache -target arm64-apple-ios13.0 -fmessage-length\=0 -fdiagnostics-show-note-include-stack -fmacro-backtrace-limit\=0 -fno-color-diagnostics -fmodules-prune-interval\=86400 -fmodules-prune-after\=345600 -fbuild-session-file\=/Users/runner/Library/Developer/Xcode/DerivedData/ModuleCache.noindex/Session.modulevalidation -fmodules-validate-once-per-build-session -Wnon-modular-include-in-framework-module -Werror\=non-modular-include-in-framework-module -Wno-trigraphs -Wno-missing-field-initializers -Wno-missing-prototypes -Wno-return-type -Wno-missing-braces -Wparentheses -Wswitch -Wno-unused-function -Wno-unused-label -Wno-unused-parameter -Wno-unused-variable -Wunused-value -Wno-empty-body -Wno-uninitialized -Wno-unknown-pragmas -w -Wno-shadow -Wno-four-char-constants -Wno-conversion -Wno-constant-conversion -Wno-int-conversion -Wno-bool-conversion -Wno-enum-conversion -Wno-float-conversion -Wno-non-literal-null-conversion -Wno-objc-literal-conversion -Wshorten-64-to-32 -Wpointer-sign -Wno-newline-eof -Wno-implicit-fallthrough -isysroot /Applications/Xcode_26.6.app/Contents/Developer/Platforms/iPhoneOS.platform/Developer/SDKs/iPhoneOS26.5.sdk -fstrict-aliasing -Wdeprecated-declarations -Wno-sign-conversion -Wno-infinite-recursion -Wno-comma -Wno-block-capture-autoreleasing -Wno-strict-prototypes -Wno-semicolon-before-method-body @/Users/runner/Library/Developer/Xcode/DerivedData/Reel-eksnidxqjeiwfnbzsppehnrbqtac/Build/Intermediates.noindex/ArchiveIntermediates/Reel/IntermediateBuildFilesPath/AMSMB2.build/Release-iphoneos/libsmb2.build/Objects-normal/arm64/7187679823f38a2a940e0043cdf9d637-common-args.resp -MMD -MT dependencies -MF /Users/runner/Library/Developer/Xcode/DerivedData/Reel-eksnidxqjeiwfnbzsppehnrbqtac/Build/Intermediates.noindex/ArchiveIntermediates/Reel/IntermediateBuildFilesPath/AMSMB2.build/Release-iphoneos/libsmb2.build/Objects-normal/arm64/aes.d --serialize-diagnostics /Users/runner/Library/Developer/Xcode/DerivedData/Reel-eksnidxqjeiwfnbzsppehnrbqtac/Build/Intermediates.noindex/ArchiveIntermediates/Reel/IntermediateBuildFilesPath/AMSMB2.build/Release-iphoneos/libsmb2.build/Objects-normal/arm64/aes.dia -c /Users/runner/work/reel/reel/Packages/AMSMB2/Dependencies/libsmb2/lib/aes.c -o /Users/runner/Library/Developer/Xcode/DerivedData/Reel-eksnidxqjeiwfnbzsppehnrbqtac/Build/Intermediates.noindex/ArchiveIntermediates/Reel/IntermediateBuildFilesPath/AMSMB2.build/Release-iphoneos/libsmb2.build/Objects-normal/arm64/aes.o

CompileC /Users/runner/Library/Developer/Xcode/DerivedData/Reel-eksnidxqjeiwfnbzsppehnrbqtac/Build/Intermediates.noindex/ArchiveIntermediates/Reel/IntermediateBuildFilesPath/AMSMB2.build/Release-iphoneos/libsmb2.build/Objects-normal/arm64/aes_apple.o /Users/runner/work/reel/reel/Packages/AMSMB2/Dependencies/libsmb2/lib/aes_apple.c normal arm64 c com.apple.compilers.llvm.clang.1_0.compiler (in target 'libsmb2' from project 'AMSMB2')
    cd /Users/runner/work/reel/reel/Reel.xcodeproj
    
    Using response file: /Users/runner/Library/Developer/Xcode/DerivedData/Reel-eksnidxqjeiwfnbzsppehnrbqtac/Build/Intermediates.noindex/ArchiveIntermediates/Reel/IntermediateBuildFilesPath/AMSMB2.build/Release-iphoneos/libsmb2.build/Objects-normal/arm64/7187679823f38a2a940e0043cdf9d637-common-args.resp
    
    /Applications/Xcode_26.6.app/Contents/Developer/Toolchains/XcodeDefault.xctoolchain/usr/bin/clang -x c -ivfsstatcache /Users/runner/Library/Developer/Xcode/DerivedData/SDKStatCaches.noindex/iphoneos26.5-23F81a-688ef53f1462e2c8f657fdc38a81448fee66e23052a0157c865c76b268046726.sdkstatcache -target arm64-apple-ios13.0 -fmessage-length\=0 -fdiagnostics-show-note-include-stack -fmacro-backtrace-limit\=0 -fno-color-diagnostics -fmodules-prune-interval\=86400 -fmodules-prune-after\=345600 -fbuild-session-file\=/Users/runner/Library/Developer/Xcode/DerivedData/ModuleCache.noindex/Session.modulevalidation -fmodules-validate-once-per-build-session -Wnon-modular-include-in-framework-module -Werror\=non-modular-include-in-framework-module -Wno-trigraphs -Wno-missing-field-initializers -Wno-missing-prototypes -Wno-return-type -Wno-missing-braces -Wparentheses -Wswitch -Wno-unused-function -Wno-unused-label -Wno-unused-parameter -Wno-unused-variable -Wunused-value -Wno-empty-body -Wno-uninitialized -Wno-unknown-pragmas -w -Wno-shadow -Wno-four-char-constants -Wno-conversion -Wno-constant-conversion -Wno-int-conversion -Wno-bool-conversion -Wno-enum-conversion -Wno-float-conversion -Wno-non-literal-null-conversion -Wno-objc-literal-conversion -Wshorten-64-to-32 -Wpointer-sign -Wno-newline-eof -Wno-implicit-fallthrough -isysroot /Applications/Xcode_26.6.app/Contents/Developer/Platforms/iPhoneOS.platform/Developer/SDKs/iPhoneOS26.5.sdk -fstrict-aliasing -Wdeprecated-declarations -Wno-sign-conversion -Wno-infinite-recursion -Wno-comma -Wno-block-capture-autoreleasing -Wno-strict-prototypes -Wno-semicolon-before-method-body @/Users/runner/Library/Developer/Xcode/DerivedData/Reel-eksnidxqjeiwfnbzsppehnrbqtac/Build/Intermediates.noindex/ArchiveIntermediates/Reel/IntermediateBuildFilesPath/AMSMB2.build/Release-iphoneos/libsmb2.build/Objects-normal/arm64/7187679823f38a2a940e0043cdf9d637-common-args.resp -MMD -MT dependencies -MF /Users/runner/Library/Developer/Xcode/DerivedData/Reel-eksnidxqjeiwfnbzsppehnrbqtac/Build/Intermediates.noindex/ArchiveIntermediates/Reel/IntermediateBuildFilesPath/AMSMB2.build/Release-iphoneos/libsmb2.build/Objects-normal/arm64/aes_apple.d --serialize-diagnostics /Users/runner/Library/Developer/Xcode/DerivedData/Reel-eksnidxqjeiwfnbzsppehnrbqtac/Build/Intermediates.noindex/ArchiveIntermediates/Reel/IntermediateBuildFilesPath/AMSMB2.build/Release-iphoneos/libsmb2.build/Objects-normal/arm64/aes_apple.dia -c /Users/runner/work/reel/reel/Packages/AMSMB2/Dependencies/libsmb2/lib/aes_apple.c -o /Users/runner/Library/Developer/Xcode/DerivedData/Reel-eksnidxqjeiwfnbzsppehnrbqtac/Build/Intermediates.noindex/ArchiveIntermediates/Reel/IntermediateBuildFilesPath/AMSMB2.build/Release-iphoneos/libsmb2.build/Objects-normal/arm64/aes_apple.o

SwiftDriver\ Compilation VLCKitSPM normal arm64 com.apple.xcode.tools.swift.compiler (in target 'VLCKitSPM' from project 'vlckit-spm')
    cd /Users/runner/work/reel/reel/Reel.xcodeproj
    builtin-Swift-Compilation -- /Applications/Xcode_26.6.app/Contents/Developer/Toolchains/XcodeDefault.xctoolchain/usr/bin/swiftc -module-name VLCKitSPM -O -whole-module-optimization @/Users/runner/Library/Developer/Xcode/DerivedData/Reel-eksnidxqjeiwfnbzsppehnrbqtac/Build/Intermediates.noindex/ArchiveIntermediates/Reel/IntermediateBuildFilesPath/vlckit-spm.build/Release-iphoneos/VLCKitSPM.build/Objects-normal/arm64/VLCKitSPM.SwiftFileList -DSWIFT_PACKAGE -DSWIFT_MODULE_RESOURCE_BUNDLE_UNAVAILABLE -DXcode -plugin-path /Applications/Xcode_26.6.app/Contents/Developer/Toolchains/XcodeDefault.xctoolchain/usr/lib/swift/host/plugins/testing -enable-experimental-feature DebugDescriptionMacro -sdk /Applications/Xcode_26.6.app/Contents/Developer/Platforms/iPhoneOS.platform/Developer/SDKs/iPhoneOS26.5.sdk -target arm64-apple-ios12.0 -g -module-cache-path /Users/runner/Library/Developer/Xcode/DerivedData/ModuleCache.noindex -Xfrontend -serialize-debugging-options -suppress-warnings -swift-version 5 -I /Users/runner/Library/Developer/Xcode/DerivedData/Reel-eksnidxqjeiwfnbzsppehnrbqtac/Build/Intermediates.noindex/ArchiveIntermediates/Reel/BuildProductsPath/Release-iphoneos -Isystem /Applications/Xcode_26.6.app/Contents/Developer/Platforms/iPhoneOS.platform/Developer/usr/lib -F /Users/runner/Library/Developer/Xcode/DerivedData/Reel-eksnidxqjeiwfnbzsppehnrbqtac/Build/Intermediates.noindex/ArchiveIntermediates/Reel/BuildProductsPath/Release-iphoneos -F /Applications/Xcode_26.6.app/Contents/Developer/Platforms/iPhoneOS.platform/Developer/Library/Frameworks -F /Applications/Xcode_26.6.app/Contents/Developer/Platforms/iPhoneOS.platform/Developer/SDKs/iPhoneOS26.5.sdk/Developer/Library/Frameworks -parse-as-library -c -num-threads 3 -Xcc -ivfsstatcache -Xcc /Users/runner/Library/Developer/Xcode/DerivedData/SDKStatCaches.noindex/iphoneos26.5-23F81a-688ef53f1462e2c8f657fdc38a81448fee66e23052a0157c865c76b268046726.sdkstatcache -output-file-map /Users/runner/Library/Developer/Xcode/DerivedData/Reel-eksnidxqjeiwfnbzsppehnrbqtac/Build/Intermediates.noindex/ArchiveIntermediates/Reel/IntermediateBuildFilesPath/vlckit-spm.build/Release-iphoneos/VLCKitSPM.build/Objects-normal/arm64/VLCKitSPM-OutputFileMap.json -use-frontend-parseable-output -save-temps -no-color-diagnostics -explicit-module-build -module-cache-path /Users/runner/Library/Developer/Xcode/DerivedData/Reel-eksnidxqjeiwfnbzsppehnrbqtac/Build/Intermediates.noindex/ArchiveIntermediates/Reel/IntermediateBuildFilesPath/SwiftExplicitPrecompiledModules -clang-scanner-module-cache-path /Users/runner/Library/Developer/Xcode/DerivedData/ModuleCache.noindex -sdk-module-cache-path /Users/runner/Library/Developer/Xcode/DerivedData/ModuleCache.noindex -serialize-diagnostics -emit-dependencies -emit-module -emit-module-path /Users/runner/Library/Developer/Xcode/DerivedData/Reel-eksnidxqjeiwfnbzsppehnrbqtac/Build/Intermediates.noindex/ArchiveIntermediates/Reel/IntermediateBuildFilesPath/vlckit-spm.build/Release-iphoneos/VLCKitSPM.build/Objects-normal/arm64/VLCKitSPM.swiftmodule -validate-clang-modules-once -clang-build-session-file /Users/runner/Library/Developer/Xcode/DerivedData/ModuleCache.noindex/Session.modulevalidation -Xcc -I/Users/runner/Library/Developer/Xcode/DerivedData/Reel-eksnidxqjeiwfnbzsppehnrbqtac/Build/Intermediates.noindex/ArchiveIntermediates/Reel/IntermediateBuildFilesPath/vlckit-spm.build/Release-iphoneos/VLCKitSPM.build/swift-overrides.hmap -emit-const-values -Xfrontend -const-gather-protocols-file -Xfrontend /Users/runner/Library/Developer/Xcode/DerivedData/Reel-eksnidxqjeiwfnbzsppehnrbqtac/Build/Intermediates.noindex/ArchiveIntermediates/Reel/IntermediateBuildFilesPath/vlckit-spm.build/Release-iphoneos/VLCKitSPM.build/Objects-normal/arm64/VLCKitSPM_const_extract_protocols.json -Xcc -I/Users/runner/Library/Developer/Xcode/DerivedData/Reel-eksnidxqjeiwfnbzsppehnrbqtac/Build/Intermediates.noindex/ArchiveIntermediates/Reel/BuildProductsPath/Release-iphoneos/include -Xcc -I/Users/runner/Library/Developer/Xcode/DerivedData/Reel-eksnidxqjeiwfnbzsppehnrbqtac/Build/Intermediates.noindex/ArchiveIntermediates/Reel/IntermediateBuildFilesPath/vlckit-spm.build/Release-iphoneos/VLCKitSPM.build/DerivedSources-normal/arm64 -Xcc -I/Users/runner/Library/Developer/Xcode/DerivedData/Reel-eksnidxqjeiwfnbzsppehnrbqtac/Build/Intermediates.noindex/ArchiveIntermediates/Reel/IntermediateBuildFilesPath/vlckit-spm.build/Release-iphoneos/VLCKitSPM.build/DerivedSources/arm64 -Xcc -I/Users/runner/Library/Developer/Xcode/DerivedData/Reel-eksnidxqjeiwfnbzsppehnrbqtac/Build/Intermediates.noindex/ArchiveIntermediates/Reel/IntermediateBuildFilesPath/vlckit-spm.build/Release-iphoneos/VLCKitSPM.build/DerivedSources -Xcc -DSWIFT_PACKAGE -emit-objc-header -emit-objc-header-path /Users/runner/Library/Developer/Xcode/DerivedData/Reel-eksnidxqjeiwfnbzsppehnrbqtac/Build/Intermediates.noindex/ArchiveIntermediates/Reel/IntermediateBuildFilesPath/vlckit-spm.build/Release-iphoneos/VLCKitSPM.build/Objects-normal/arm64/VLCKitSPM-Swift.h -working-directory /Users/runner/work/reel/reel/Reel.xcodeproj -no-emit-module-separately-wmo

SwiftDriver\ Compilation AMSMB2 normal arm64 com.apple.xcode.tools.swift.compiler (in target 'AMSMB2' from project 'AMSMB2')
    cd /Users/runner/work/reel/reel/Reel.xcodeproj
    builtin-Swift-Compilation -- /Applications/Xcode_26.6.app/Contents/Developer/Toolchains/XcodeDefault.xctoolchain/usr/bin/swiftc -module-name AMSMB2 -O -whole-module-optimization @/Users/runner/Library/Developer/Xcode/DerivedData/Reel-eksnidxqjeiwfnbzsppehnrbqtac/Build/Intermediates.noindex/ArchiveIntermediates/Reel/IntermediateBuildFilesPath/AMSMB2.build/Release-iphoneos/AMSMB2.build/Objects-normal/arm64/AMSMB2.SwiftFileList -DSWIFT_PACKAGE -DSWIFT_MODULE_RESOURCE_BUNDLE_UNAVAILABLE -DXcode -enable-upcoming-feature ExistentialAny -plugin-path /Applications/Xcode_26.6.app/Contents/Developer/Toolchains/XcodeDefault.xctoolchain/usr/lib/swift/host/plugins/testing -enable-experimental-feature DebugDescriptionMacro -sdk /Applications/Xcode_26.6.app/Contents/Developer/Platforms/iPhoneOS.platform/Developer/SDKs/iPhoneOS26.5.sdk -target arm64-apple-ios13.0 -g -module-cache-path /Users/runner/Library/Developer/Xcode/DerivedData/ModuleCache.noindex -Xfrontend -serialize-debugging-options -suppress-warnings -swift-version 6 -I /Users/runner/Library/Developer/Xcode/DerivedData/Reel-eksnidxqjeiwfnbzsppehnrbqtac/Build/Intermediates.noindex/ArchiveIntermediates/Reel/BuildProductsPath/Release-iphoneos -Isystem /Applications/Xcode_26.6.app/Contents/Developer/Platforms/iPhoneOS.platform/Developer/usr/lib -F /Users/runner/Library/Developer/Xcode/DerivedData/Reel-eksnidxqjeiwfnbzsppehnrbqtac/Build/Intermediates.noindex/ArchiveIntermediates/Reel/BuildProductsPath/Release-iphoneos/PackageFrameworks -F /Users/runner/Library/Developer/Xcode/DerivedData/Reel-eksnidxqjeiwfnbzsppehnrbqtac/Build/Intermediates.noindex/ArchiveIntermediates/Reel/BuildProductsPath/Release-iphoneos -F /Applications/Xcode_26.6.app/Contents/Developer/Platforms/iPhoneOS.platform/Developer/Library/Frameworks -F /Applications/Xcode_26.6.app/Contents/Developer/Platforms/iPhoneOS.platform/Developer/SDKs/iPhoneOS26.5.sdk/Developer/Library/Frameworks -c -num-threads 3 -Xcc -ivfsstatcache -Xcc /Users/runner/Library/Developer/Xcode/DerivedData/SDKStatCaches.noindex/iphoneos26.5-23F81a-688ef53f1462e2c8f657fdc38a81448fee66e23052a0157c865c76b268046726.sdkstatcache -output-file-map /Users/runner/Library/Developer/Xcode/DerivedData/Reel-eksnidxqjeiwfnbzsppehnrbqtac/Build/Intermediates.noindex/ArchiveIntermediates/Reel/IntermediateBuildFilesPath/AMSMB2.build/Release-iphoneos/AMSMB2.build/Objects-normal/arm64/AMSMB2-OutputFileMap.json -use-frontend-parseable-output -save-temps -no-color-diagnostics -explicit-module-build -module-cache-path /Users/runner/Library/Developer/Xcode/DerivedData/Reel-eksnidxqjeiwfnbzsppehnrbqtac/Build/Intermediates.noindex/ArchiveIntermediates/Reel/IntermediateBuildFilesPath/SwiftExplicitPrecompiledModules -clang-scanner-module-cache-path /Users/runner/Library/Developer/Xcode/DerivedData/ModuleCache.noindex -sdk-module-cache-path /Users/runner/Library/Developer/Xcode/DerivedData/ModuleCache.noindex -serialize-diagnostics -emit-dependencies -emit-module -emit-module-path /Users/runner/Library/Developer/Xcode/DerivedData/Reel-eksnidxqjeiwfnbzsppehnrbqtac/Build/Intermediates.noindex/ArchiveIntermediates/Reel/IntermediateBuildFilesPath/AMSMB2.build/Release-iphoneos/AMSMB2.build/Objects-normal/arm64/AMSMB2.swiftmodule -validate-clang-modules-once -clang-build-session-file /Users/runner/Library/Developer/Xcode/DerivedData/ModuleCache.noindex/Session.modulevalidation -package-name amsmb2 -Xcc -I/Users/runner/Library/Developer/Xcode/DerivedData/Reel-eksnidxqjeiwfnbzsppehnrbqtac/Build/Intermediates.noindex/ArchiveIntermediates/Reel/IntermediateBuildFilesPath/AMSMB2.build/Release-iphoneos/AMSMB2.build/swift-overrides.hmap -emit-const-values -Xfrontend -const-gather-protocols-file -Xfrontend /Users/runner/Library/Developer/Xcode/DerivedData/Reel-eksnidxqjeiwfnbzsppehnrbqtac/Build/Intermediates.noindex/ArchiveIntermediates/Reel/IntermediateBuildFilesPath/AMSMB2.build/Release-iphoneos/AMSMB2.build/Objects-normal/arm64/AMSMB2_const_extract_protocols.json -Xcc -I/Users/runner/work/reel/reel/Packages/AMSMB2/Dependencies/libsmb2/include -Xcc -I/Users/runner/Library/Developer/Xcode/DerivedData/Reel-eksnidxqjeiwfnbzsppehnrbqtac/Build/Intermediates.noindex/ArchiveIntermediates/Reel/BuildProductsPath/Release-iphoneos/include -Xcc -I/Users/runner/Library/Developer/Xcode/DerivedData/Reel-eksnidxqjeiwfnbzsppehnrbqtac/Build/Intermediates.noindex/ArchiveIntermediates/Reel/IntermediateBuildFilesPath/AMSMB2.build/Release-iphoneos/AMSMB2.build/DerivedSources-normal/arm64 -Xcc -I/Users/runner/Library/Developer/Xcode/DerivedData/Reel-eksnidxqjeiwfnbzsppehnrbqtac/Build/Intermediates.noindex/ArchiveIntermediates/Reel/IntermediateBuildFilesPath/AMSMB2.build/Release-iphoneos/AMSMB2.build/DerivedSources/arm64 -Xcc -I/Users/runner/Library/Developer/Xcode/DerivedData/Reel-eksnidxqjeiwfnbzsppehnrbqtac/Build/Intermediates.noindex/ArchiveIntermediates/Reel/IntermediateBuildFilesPath/AMSMB2.build/Release-iphoneos/AMSMB2.build/DerivedSources -Xcc -DSWIFT_PACKAGE -emit-objc-header -emit-objc-header-path /Users/runner/Library/Developer/Xcode/DerivedData/Reel-eksnidxqjeiwfnbzsppehnrbqtac/Build/Intermediates.noindex/ArchiveIntermediates/Reel/IntermediateBuildFilesPath/AMSMB2.build/Release-iphoneos/AMSMB2.build/Objects-normal/arm64/AMSMB2-Swift.h -working-directory /Users/runner/work/reel/reel/Reel.xcodeproj -no-emit-module-separately-wmo

Ld /Users/runner/Library/Developer/Xcode/DerivedData/Reel-eksnidxqjeiwfnbzsppehnrbqtac/Build/Intermediates.noindex/ArchiveIntermediates/Reel/IntermediateBuildFilesPath/UninstalledProducts/iphoneos/VLCKitSPM.o normal (in target 'VLCKitSPM' from project 'vlckit-spm')
    cd /Users/runner/work/reel/reel/.spm/checkouts/vlckit-spm
    /Applications/Xcode_26.6.app/Contents/Developer/Toolchains/XcodeDefault.xctoolchain/usr/bin/clang -Xlinker -reproducible -target arm64-apple-ios12.0 -r -isysroot /Applications/Xcode_26.6.app/Contents/Developer/Platforms/iPhoneOS.platform/Developer/SDKs/iPhoneOS26.5.sdk -Os -w -F/Users/runner/Library/Developer/Xcode/DerivedData/Reel-eksnidxqjeiwfnbzsppehnrbqtac/Build/Intermediates.noindex/ArchiveIntermediates/Reel/IntermediateBuildFilesPath/EagerLinkingTBDs/Release-iphoneos -F/Users/runner/Library/Developer/Xcode/DerivedData/Reel-eksnidxqjeiwfnbzsppehnrbqtac/Build/Intermediates.noindex/ArchiveIntermediates/Reel/BuildProductsPath/Release-iphoneos -iframework /Applications/Xcode_26.6.app/Contents/Developer/Platforms/iPhoneOS.platform/Developer/Library/Frameworks -iframework /Applications/Xcode_26.6.app/Contents/Developer/Platforms/iPhoneOS.platform/Developer/SDKs/iPhoneOS26.5.sdk/Developer/Library/Frameworks -filelist /Users/runner/Library/Developer/Xcode/DerivedData/Reel-eksnidxqjeiwfnbzsppehnrbqtac/Build/Intermediates.noindex/ArchiveIntermediates/Reel/IntermediateBuildFilesPath/vlckit-spm.build/Release-iphoneos/VLCKitSPM.build/Objects-normal/arm64/VLCKitSPM.LinkFileList -nostdlib -Xlinker -object_path_lto -Xlinker /Users/runner/Library/Developer/Xcode/DerivedData/Reel-eksnidxqjeiwfnbzsppehnrbqtac/Build/Intermediates.noindex/ArchiveIntermediates/Reel/IntermediateBuildFilesPath/vlckit-spm.build/Release-iphoneos/VLCKitSPM.build/Objects-normal/arm64/VLCKitSPM_lto.o -Xlinker -dependency_info -Xlinker /Users/runner/Library/Developer/Xcode/DerivedData/Reel-eksnidxqjeiwfnbzsppehnrbqtac/Build/Intermediates.noindex/ArchiveIntermediates/Reel/IntermediateBuildFilesPath/vlckit-spm.build/Release-iphoneos/VLCKitSPM.build/Objects-normal/arm64/VLCKitSPM_dependency_info.dat -fobjc-link-runtime -L/Applications/Xcode_26.6.app/Contents/Developer/Toolchains/XcodeDefault.xctoolchain/usr/lib/swift/iphoneos -L/usr/lib/swift -Xlinker -add_ast_path -Xlinker /Users/runner/Library/Developer/Xcode/DerivedData/Reel-eksnidxqjeiwfnbzsppehnrbqtac/Build/Intermediates.noindex/ArchiveIntermediates/Reel/IntermediateBuildFilesPath/vlckit-spm.build/Release-iphoneos/VLCKitSPM.build/Objects-normal/arm64/VLCKitSPM.swiftmodule @/Users/runner/Library/Developer/Xcode/DerivedData/Reel-eksnidxqjeiwfnbzsppehnrbqtac/Build/Intermediates.noindex/ArchiveIntermediates/Reel/IntermediateBuildFilesPath/vlckit-spm.build/Release-iphoneos/VLCKitSPM.build/Objects-normal/arm64/VLCKitSPM-linker-args.resp -o /Users/runner/Library/Developer/Xcode/DerivedData/Reel-eksnidxqjeiwfnbzsppehnrbqtac/Build/Intermediates.noindex/ArchiveIntermediates/Reel/IntermediateBuildFilesPath/UninstalledProducts/iphoneos/VLCKitSPM.o

Ld /Users/runner/Library/Developer/Xcode/DerivedData/Reel-eksnidxqjeiwfnbzsppehnrbqtac/Build/Intermediates.noindex/ArchiveIntermediates/Reel/IntermediateBuildFilesPath/UninstalledProducts/iphoneos/libsmb2.o normal (in target 'libsmb2' from project 'AMSMB2')
    cd /Users/runner/work/reel/reel/Packages/AMSMB2
    /Applications/Xcode_26.6.app/Contents/Developer/Toolchains/XcodeDefault.xctoolchain/usr/bin/clang -Xlinker -reproducible -target arm64-apple-ios13.0 -r -isysroot /Applications/Xcode_26.6.app/Contents/Developer/Platforms/iPhoneOS.platform/Developer/SDKs/iPhoneOS26.5.sdk -Os -w -F/Users/runner/Library/Developer/Xcode/DerivedData/Reel-eksnidxqjeiwfnbzsppehnrbqtac/Build/Intermediates.noindex/ArchiveIntermediates/Reel/IntermediateBuildFilesPath/EagerLinkingTBDs/Release-iphoneos -F/Users/runner/Library/Developer/Xcode/DerivedData/Reel-eksnidxqjeiwfnbzsppehnrbqtac/Build/Intermediates.noindex/ArchiveIntermediates/Reel/BuildProductsPath/Release-iphoneos -iframework /Applications/Xcode_26.6.app/Contents/Developer/Platforms/iPhoneOS.platform/Developer/Library/Frameworks -iframework /Applications/Xcode_26.6.app/Contents/Developer/Platforms/iPhoneOS.platform/Developer/SDKs/iPhoneOS26.5.sdk/Developer/Library/Frameworks -filelist /Users/runner/Library/Developer/Xcode/DerivedData/Reel-eksnidxqjeiwfnbzsppehnrbqtac/Build/Intermediates.noindex/ArchiveIntermediates/Reel/IntermediateBuildFilesPath/AMSMB2.build/Release-iphoneos/libsmb2.build/Objects-normal/arm64/libsmb2.LinkFileList -nostdlib -Xlinker -object_path_lto -Xlinker /Users/runner/Library/Developer/Xcode/DerivedData/Reel-eksnidxqjeiwfnbzsppehnrbqtac/Build/Intermediates.noindex/ArchiveIntermediates/Reel/IntermediateBuildFilesPath/AMSMB2.build/Release-iphoneos/libsmb2.build/Objects-normal/arm64/libsmb2_lto.o -Xlinker -dependency_info -Xlinker /Users/runner/Library/Developer/Xcode/DerivedData/Reel-eksnidxqjeiwfnbzsppehnrbqtac/Build/Intermediates.noindex/ArchiveIntermediates/Reel/IntermediateBuildFilesPath/AMSMB2.build/Release-iphoneos/libsmb2.build/Objects-normal/arm64/libsmb2_dependency_info.dat -o /Users/runner/Library/Developer/Xcode/DerivedData/Reel-eksnidxqjeiwfnbzsppehnrbqtac/Build/Intermediates.noindex/ArchiveIntermediates/Reel/IntermediateBuildFilesPath/UninstalledProducts/iphoneos/libsmb2.o

ExtractAppIntentsMetadata (in target 'VLCKitSPM' from project 'vlckit-spm')
    cd /Users/runner/work/reel/reel/.spm/checkouts/vlckit-spm
    /Applications/Xcode_26.6.app/Contents/Developer/Toolchains/XcodeDefault.xctoolchain/usr/bin/appintentsmetadataprocessor --toolchain-dir /var/run/com.apple.security.cryptexd/mnt/com.apple.MobileAsset.MetalToolchain-v17.6.109.0.d2W7IB/Metal.xctoolchain --module-name VLCKitSPM --sdk-root /Applications/Xcode_26.6.app/Contents/Developer/Platforms/iPhoneOS.platform/Developer/SDKs/iPhoneOS26.5.sdk --xcode-version 17F113 --platform-family iOS --deployment-target 12.0 --bundle-identifier vlckit-spm.VLCKitSPM --output /Users/runner/Library/Developer/Xcode/DerivedData/Reel-eksnidxqjeiwfnbzsppehnrbqtac/Build/Intermediates.noindex/ArchiveIntermediates/Reel/IntermediateBuildFilesPath/UninstalledProducts/iphoneos/VLCKitSPM.appintents --target-triple arm64-apple-ios12.0 --binary-file /Users/runner/Library/Developer/Xcode/DerivedData/Reel-eksnidxqjeiwfnbzsppehnrbqtac/Build/Intermediates.noindex/ArchiveIntermediates/Reel/IntermediateBuildFilesPath/UninstalledProducts/iphoneos/VLCKitSPM.o --dependency-file /Users/runner/Library/Developer/Xcode/DerivedData/Reel-eksnidxqjeiwfnbzsppehnrbqtac/Build/Intermediates.noindex/ArchiveIntermediates/Reel/IntermediateBuildFilesPath/vlckit-spm.build/Release-iphoneos/VLCKitSPM.build/Objects-normal/arm64/VLCKitSPM_dependency_info.dat --stringsdata-file /Users/runner/Library/Developer/Xcode/DerivedData/Reel-eksnidxqjeiwfnbzsppehnrbqtac/Build/Intermediates.noindex/ArchiveIntermediates/Reel/IntermediateBuildFilesPath/vlckit-spm.build/Release-iphoneos/VLCKitSPM.build/Objects-normal/arm64/ExtractedAppShortcutsMetadata.stringsdata --source-file-list /Users/runner/Library/Developer/Xcode/DerivedData/Reel-eksnidxqjeiwfnbzsppehnrbqtac/Build/Intermediates.noindex/ArchiveIntermediates/Reel/IntermediateBuildFilesPath/vlckit-spm.build/Release-iphoneos/VLCKitSPM.build/Objects-normal/arm64/VLCKitSPM.SwiftFileList --metadata-file-list /Users/runner/Library/Developer/Xcode/DerivedData/Reel-eksnidxqjeiwfnbzsppehnrbqtac/Build/Intermediates.noindex/ArchiveIntermediates/Reel/IntermediateBuildFilesPath/vlckit-spm.build/Release-iphoneos/VLCKitSPM.build/VLCKitSPM.DependencyMetadataFileList --static-metadata-file-list /Users/runner/Library/Developer/Xcode/DerivedData/Reel-eksnidxqjeiwfnbzsppehnrbqtac/Build/Intermediates.noindex/ArchiveIntermediates/Reel/IntermediateBuildFilesPath/vlckit-spm.build/Release-iphoneos/VLCKitSPM.build/VLCKitSPM.DependencyStaticMetadataFileList --swift-const-vals-list /Users/runner/Library/Developer/Xcode/DerivedData/Reel-eksnidxqjeiwfnbzsppehnrbqtac/Build/Intermediates.noindex/ArchiveIntermediates/Reel/IntermediateBuildFilesPath/vlckit-spm.build/Release-iphoneos/VLCKitSPM.build/Objects-normal/arm64/VLCKitSPM.SwiftConstValuesFileList --force --compile-time-extraction --deployment-aware-processing --validate-assistant-intents --no-app-shortcuts-localization
2026-10-05 17:19:52.471 appintentsmetadataprocessor[5152:19885] Starting appintentsmetadataprocessor export
2026-10-05 17:19:52.565 appintentsmetadataprocessor[5152:19885] Extracted no relevant App Intents symbols, skipping writing output

SetOwnerAndGroup runner:staff /Users/runner/Library/Developer/Xcode/DerivedData/Reel-eksnidxqjeiwfnbzsppehnrbqtac/Build/Intermediates.noindex/ArchiveIntermediates/Reel/IntermediateBuildFilesPath/UninstalledProducts/iphoneos/libsmb2.o (in target 'libsmb2' from project 'AMSMB2')
    cd /Users/runner/work/reel/reel/Packages/AMSMB2
    /usr/sbin/chown -RH runner:staff /Users/runner/Library/Developer/Xcode/DerivedData/Reel-eksnidxqjeiwfnbzsppehnrbqtac/Build/Intermediates.noindex/ArchiveIntermediates/Reel/IntermediateBuildFilesPath/UninstalledProducts/iphoneos/libsmb2.o

SetMode u+w,go-w,a+rX /Users/runner/Library/Developer/Xcode/DerivedData/Reel-eksnidxqjeiwfnbzsppehnrbqtac/Build/Intermediates.noindex/ArchiveIntermediates/Reel/IntermediateBuildFilesPath/UninstalledProducts/iphoneos/libsmb2.o (in target 'libsmb2' from project 'AMSMB2')
    cd /Users/runner/work/reel/reel/Packages/AMSMB2
    /bin/chmod -RH u+w,go-w,a+rX /Users/runner/Library/Developer/Xcode/DerivedData/Reel-eksnidxqjeiwfnbzsppehnrbqtac/Build/Intermediates.noindex/ArchiveIntermediates/Reel/IntermediateBuildFilesPath/UninstalledProducts/iphoneos/libsmb2.o

RegisterExecutionPolicyException /Users/runner/Library/Developer/Xcode/DerivedData/Reel-eksnidxqjeiwfnbzsppehnrbqtac/Build/Intermediates.noindex/ArchiveIntermediates/Reel/IntermediateBuildFilesPath/UninstalledProducts/iphoneos/libsmb2.o (in target 'libsmb2' from project 'AMSMB2')
    cd /Users/runner/work/reel/reel/Packages/AMSMB2
    builtin-RegisterExecutionPolicyException /Users/runner/Library/Developer/Xcode/DerivedData/Reel-eksnidxqjeiwfnbzsppehnrbqtac/Build/Intermediates.noindex/ArchiveIntermediates/Reel/IntermediateBuildFilesPath/UninstalledProducts/iphoneos/libsmb2.o

SetOwnerAndGroup runner:staff /Users/runner/Library/Developer/Xcode/DerivedData/Reel-eksnidxqjeiwfnbzsppehnrbqtac/Build/Intermediates.noindex/ArchiveIntermediates/Reel/IntermediateBuildFilesPath/UninstalledProducts/iphoneos/VLCKitSPM.o (in target 'VLCKitSPM' from project 'vlckit-spm')
    cd /Users/runner/work/reel/reel/.spm/checkouts/vlckit-spm
    /usr/sbin/chown -RH runner:staff /Users/runner/Library/Developer/Xcode/DerivedData/Reel-eksnidxqjeiwfnbzsppehnrbqtac/Build/Intermediates.noindex/ArchiveIntermediates/Reel/IntermediateBuildFilesPath/UninstalledProducts/iphoneos/VLCKitSPM.o

SetMode u+w,go-w,a+rX /Users/runner/Library/Developer/Xcode/DerivedData/Reel-eksnidxqjeiwfnbzsppehnrbqtac/Build/Intermediates.noindex/ArchiveIntermediates/Reel/IntermediateBuildFilesPath/UninstalledProducts/iphoneos/VLCKitSPM.o (in target 'VLCKitSPM' from project 'vlckit-spm')
    cd /Users/runner/work/reel/reel/.spm/checkouts/vlckit-spm
    /bin/chmod -RH u+w,go-w,a+rX /Users/runner/Library/Developer/Xcode/DerivedData/Reel-eksnidxqjeiwfnbzsppehnrbqtac/Build/Intermediates.noindex/ArchiveIntermediates/Reel/IntermediateBuildFilesPath/UninstalledProducts/iphoneos/VLCKitSPM.o

RegisterExecutionPolicyException /Users/runner/Library/Developer/Xcode/DerivedData/Reel-eksnidxqjeiwfnbzsppehnrbqtac/Build/Intermediates.noindex/ArchiveIntermediates/Reel/IntermediateBuildFilesPath/UninstalledProducts/iphoneos/VLCKitSPM.o (in target 'VLCKitSPM' from project 'vlckit-spm')
    cd /Users/runner/work/reel/reel/.spm/checkouts/vlckit-spm
    builtin-RegisterExecutionPolicyException /Users/runner/Library/Developer/Xcode/DerivedData/Reel-eksnidxqjeiwfnbzsppehnrbqtac/Build/Intermediates.noindex/ArchiveIntermediates/Reel/IntermediateBuildFilesPath/UninstalledProducts/iphoneos/VLCKitSPM.o

SwiftDriverJobDiscovery normal arm64 Compiling AMSMB2.swift, Context.swift, Directory.swift, Extensions.swift, FileHandle.swift, FileMonitoring.swift, Fsctl.swift, MSRPC.swift, ObjCCompat.swift, Parsers.swift, Stream.swift (in target 'AMSMB2' from project 'AMSMB2')

SwiftDriver\ Compilation\ Requirements AMSMB2 normal arm64 com.apple.xcode.tools.swift.compiler (in target 'AMSMB2' from project 'AMSMB2')
    cd /Users/runner/work/reel/reel/Reel.xcodeproj
    builtin-Swift-Compilation-Requirements -- /Applications/Xcode_26.6.app/Contents/Developer/Toolchains/XcodeDefault.xctoolchain/usr/bin/swiftc -module-name AMSMB2 -O -whole-module-optimization @/Users/runner/Library/Developer/Xcode/DerivedData/Reel-eksnidxqjeiwfnbzsppehnrbqtac/Build/Intermediates.noindex/ArchiveIntermediates/Reel/IntermediateBuildFilesPath/AMSMB2.build/Release-iphoneos/AMSMB2.build/Objects-normal/arm64/AMSMB2.SwiftFileList -DSWIFT_PACKAGE -DSWIFT_MODULE_RESOURCE_BUNDLE_UNAVAILABLE -DXcode -enable-upcoming-feature ExistentialAny -plugin-path /Applications/Xcode_26.6.app/Contents/Developer/Toolchains/XcodeDefault.xctoolchain/usr/lib/swift/host/plugins/testing -enable-experimental-feature DebugDescriptionMacro -sdk /Applications/Xcode_26.6.app/Contents/Developer/Platforms/iPhoneOS.platform/Developer/SDKs/iPhoneOS26.5.sdk -target arm64-apple-ios13.0 -g -module-cache-path /Users/runner/Library/Developer/Xcode/DerivedData/ModuleCache.noindex -Xfrontend -serialize-debugging-options -suppress-warnings -swift-version 6 -I /Users/runner/Library/Developer/Xcode/DerivedData/Reel-eksnidxqjeiwfnbzsppehnrbqtac/Build/Intermediates.noindex/ArchiveIntermediates/Reel/BuildProductsPath/Release-iphoneos -Isystem /Applications/Xcode_26.6.app/Contents/Developer/Platforms/iPhoneOS.platform/Developer/usr/lib -F /Users/runner/Library/Developer/Xcode/DerivedData/Reel-eksnidxqjeiwfnbzsppehnrbqtac/Build/Intermediates.noindex/ArchiveIntermediates/Reel/BuildProductsPath/Release-iphoneos/PackageFrameworks -F /Users/runner/Library/Developer/Xcode/DerivedData/Reel-eksnidxqjeiwfnbzsppehnrbqtac/Build/Intermediates.noindex/ArchiveIntermediates/Reel/BuildProductsPath/Release-iphoneos -F /Applications/Xcode_26.6.app/Contents/Developer/Platforms/iPhoneOS.platform/Developer/Library/Frameworks -F /Applications/Xcode_26.6.app/Contents/Developer/Platforms/iPhoneOS.platform/Developer/SDKs/iPhoneOS26.5.sdk/Developer/Library/Frameworks -c -num-threads 3 -Xcc -ivfsstatcache -Xcc /Users/runner/Library/Developer/Xcode/DerivedData/SDKStatCaches.noindex/iphoneos26.5-23F81a-688ef53f1462e2c8f657fdc38a81448fee66e23052a0157c865c76b268046726.sdkstatcache -output-file-map /Users/runner/Library/Developer/Xcode/DerivedData/Reel-eksnidxqjeiwfnbzsppehnrbqtac/Build/Intermediates.noindex/ArchiveIntermediates/Reel/IntermediateBuildFilesPath/AMSMB2.build/Release-iphoneos/AMSMB2.build/Objects-normal/arm64/AMSMB2-OutputFileMap.json -use-frontend-parseable-output -save-temps -no-color-diagnostics -explicit-module-build -module-cache-path /Users/runner/Library/Developer/Xcode/DerivedData/Reel-eksnidxqjeiwfnbzsppehnrbqtac/Build/Intermediates.noindex/ArchiveIntermediates/Reel/IntermediateBuildFilesPath/SwiftExplicitPrecompiledModules -clang-scanner-module-cache-path /Users/runner/Library/Developer/Xcode/DerivedData/ModuleCache.noindex -sdk-module-cache-path /Users/runner/Library/Developer/Xcode/DerivedData/ModuleCache.noindex -serialize-diagnostics -emit-dependencies -emit-module -emit-module-path /Users/runner/Library/Developer/Xcode/DerivedData/Reel-eksnidxqjeiwfnbzsppehnrbqtac/Build/Intermediates.noindex/ArchiveIntermediates/Reel/IntermediateBuildFilesPath/AMSMB2.build/Release-iphoneos/AMSMB2.build/Objects-normal/arm64/AMSMB2.swiftmodule -validate-clang-modules-once -clang-build-session-file /Users/runner/Library/Developer/Xcode/DerivedData/ModuleCache.noindex/Session.modulevalidation -package-name amsmb2 -Xcc -I/Users/runner/Library/Developer/Xcode/DerivedData/Reel-eksnidxqjeiwfnbzsppehnrbqtac/Build/Intermediates.noindex/ArchiveIntermediates/Reel/IntermediateBuildFilesPath/AMSMB2.build/Release-iphoneos/AMSMB2.build/swift-overrides.hmap -emit-const-values -Xfrontend -const-gather-protocols-file -Xfrontend /Users/runner/Library/Developer/Xcode/DerivedData/Reel-eksnidxqjeiwfnbzsppehnrbqtac/Build/Intermediates.noindex/ArchiveIntermediates/Reel/IntermediateBuildFilesPath/AMSMB2.build/Release-iphoneos/AMSMB2.build/Objects-normal/arm64/AMSMB2_const_extract_protocols.json -Xcc -I/Users/runner/work/reel/reel/Packages/AMSMB2/Dependencies/libsmb2/include -Xcc -I/Users/runner/Library/Developer/Xcode/DerivedData/Reel-eksnidxqjeiwfnbzsppehnrbqtac/Build/Intermediates.noindex/ArchiveIntermediates/Reel/BuildProductsPath/Release-iphoneos/include -Xcc -I/Users/runner/Library/Developer/Xcode/DerivedData/Reel-eksnidxqjeiwfnbzsppehnrbqtac/Build/Intermediates.noindex/ArchiveIntermediates/Reel/IntermediateBuildFilesPath/AMSMB2.build/Release-iphoneos/AMSMB2.build/DerivedSources-normal/arm64 -Xcc -I/Users/runner/Library/Developer/Xcode/DerivedData/Reel-eksnidxqjeiwfnbzsppehnrbqtac/Build/Intermediates.noindex/ArchiveIntermediates/Reel/IntermediateBuildFilesPath/AMSMB2.build/Release-iphoneos/AMSMB2.build/DerivedSources/arm64 -Xcc -I/Users/runner/Library/Developer/Xcode/DerivedData/Reel-eksnidxqjeiwfnbzsppehnrbqtac/Build/Intermediates.noindex/ArchiveIntermediates/Reel/IntermediateBuildFilesPath/AMSMB2.build/Release-iphoneos/AMSMB2.build/DerivedSources -Xcc -DSWIFT_PACKAGE -emit-objc-header -emit-objc-header-path /Users/runner/Library/Developer/Xcode/DerivedData/Reel-eksnidxqjeiwfnbzsppehnrbqtac/Build/Intermediates.noindex/ArchiveIntermediates/Reel/IntermediateBuildFilesPath/AMSMB2.build/Release-iphoneos/AMSMB2.build/Objects-normal/arm64/AMSMB2-Swift.h -working-directory /Users/runner/work/reel/reel/Reel.xcodeproj -no-emit-module-separately-wmo

SwiftMergeGeneratedHeaders /Users/runner/Library/Developer/Xcode/DerivedData/Reel-eksnidxqjeiwfnbzsppehnrbqtac/Build/Intermediates.noindex/ArchiveIntermediates/Reel/IntermediateBuildFilesPath/GeneratedModuleMaps-iphoneos/AMSMB2-Swift.h /Users/runner/Library/Developer/Xcode/DerivedData/Reel-eksnidxqjeiwfnbzsppehnrbqtac/Build/Intermediates.noindex/ArchiveIntermediates/Reel/IntermediateBuildFilesPath/AMSMB2.build/Release-iphoneos/AMSMB2.build/Objects-normal/arm64/AMSMB2-Swift.h (in target 'AMSMB2' from project 'AMSMB2')
    cd /Users/runner/work/reel/reel/Packages/AMSMB2
    builtin-swiftHeaderTool -arch arm64 /Users/runner/Library/Developer/Xcode/DerivedData/Reel-eksnidxqjeiwfnbzsppehnrbqtac/Build/Intermediates.noindex/ArchiveIntermediates/Reel/IntermediateBuildFilesPath/AMSMB2.build/Release-iphoneos/AMSMB2.build/Objects-normal/arm64/AMSMB2-Swift.h -o /Users/runner/Library/Developer/Xcode/DerivedData/Reel-eksnidxqjeiwfnbzsppehnrbqtac/Build/Intermediates.noindex/ArchiveIntermediates/Reel/IntermediateBuildFilesPath/GeneratedModuleMaps-iphoneos/AMSMB2-Swift.h

Copy /Users/runner/Library/Developer/Xcode/DerivedData/Reel-eksnidxqjeiwfnbzsppehnrbqtac/Build/Intermediates.noindex/ArchiveIntermediates/Reel/BuildProductsPath/Release-iphoneos/AMSMB2.swiftmodule/arm64-apple-ios.swiftmodule /Users/runner/Library/Developer/Xcode/DerivedData/Reel-eksnidxqjeiwfnbzsppehnrbqtac/Build/Intermediates.noindex/ArchiveIntermediates/Reel/IntermediateBuildFilesPath/AMSMB2.build/Release-iphoneos/AMSMB2.build/Objects-normal/arm64/AMSMB2.swiftmodule (in target 'AMSMB2' from project 'AMSMB2')
    cd /Users/runner/work/reel/reel/Packages/AMSMB2
    builtin-copy -exclude .DS_Store -exclude CVS -exclude .svn -exclude .git -exclude .hg -strip-unsigned-binaries -strip-deterministic -strip-tool /Applications/Xcode_26.6.app/Contents/Developer/Toolchains/XcodeDefault.xctoolchain/usr/bin/strip -resolve-src-symlinks -rename /Users/runner/Library/Developer/Xcode/DerivedData/Reel-eksnidxqjeiwfnbzsppehnrbqtac/Build/Intermediates.noindex/ArchiveIntermediates/Reel/IntermediateBuildFilesPath/AMSMB2.build/Release-iphoneos/AMSMB2.build/Objects-normal/arm64/AMSMB2.swiftmodule /Users/runner/Library/Developer/Xcode/DerivedData/Reel-eksnidxqjeiwfnbzsppehnrbqtac/Build/Intermediates.noindex/ArchiveIntermediates/Reel/BuildProductsPath/Release-iphoneos/AMSMB2.swiftmodule/arm64-apple-ios.swiftmodule

Copy /Users/runner/Library/Developer/Xcode/DerivedData/Reel-eksnidxqjeiwfnbzsppehnrbqtac/Build/Intermediates.noindex/ArchiveIntermediates/Reel/BuildProductsPath/Release-iphoneos/AMSMB2.swiftmodule/arm64-apple-ios.swiftdoc /Users/runner/Library/Developer/Xcode/DerivedData/Reel-eksnidxqjeiwfnbzsppehnrbqtac/Build/Intermediates.noindex/ArchiveIntermediates/Reel/IntermediateBuildFilesPath/AMSMB2.build/Release-iphoneos/AMSMB2.build/Objects-normal/arm64/AMSMB2.swiftdoc (in target 'AMSMB2' from project 'AMSMB2')
    cd /Users/runner/work/reel/reel/Packages/AMSMB2
    builtin-copy -exclude .DS_Store -exclude CVS -exclude .svn -exclude .git -exclude .hg -strip-unsigned-binaries -strip-deterministic -strip-tool /Applications/Xcode_26.6.app/Contents/Developer/Toolchains/XcodeDefault.xctoolchain/usr/bin/strip -resolve-src-symlinks -rename /Users/runner/Library/Developer/Xcode/DerivedData/Reel-eksnidxqjeiwfnbzsppehnrbqtac/Build/Intermediates.noindex/ArchiveIntermediates/Reel/IntermediateBuildFilesPath/AMSMB2.build/Release-iphoneos/AMSMB2.build/Objects-normal/arm64/AMSMB2.swiftdoc /Users/runner/Library/Developer/Xcode/DerivedData/Reel-eksnidxqjeiwfnbzsppehnrbqtac/Build/Intermediates.noindex/ArchiveIntermediates/Reel/BuildProductsPath/Release-iphoneos/AMSMB2.swiftmodule/arm64-apple-ios.swiftdoc

Copy /Users/runner/Library/Developer/Xcode/DerivedData/Reel-eksnidxqjeiwfnbzsppehnrbqtac/Build/Intermediates.noindex/ArchiveIntermediates/Reel/BuildProductsPath/Release-iphoneos/AMSMB2.swiftmodule/arm64-apple-ios.abi.json /Users/runner/Library/Developer/Xcode/DerivedData/Reel-eksnidxqjeiwfnbzsppehnrbqtac/Build/Intermediates.noindex/ArchiveIntermediates/Reel/IntermediateBuildFilesPath/AMSMB2.build/Release-iphoneos/AMSMB2.build/Objects-normal/arm64/AMSMB2.abi.json (in target 'AMSMB2' from project 'AMSMB2')
    cd /Users/runner/work/reel/reel/Packages/AMSMB2
    builtin-copy -exclude .DS_Store -exclude CVS -exclude .svn -exclude .git -exclude .hg -strip-unsigned-binaries -strip-deterministic -strip-tool /Applications/Xcode_26.6.app/Contents/Developer/Toolchains/XcodeDefault.xctoolchain/usr/bin/strip -resolve-src-symlinks -rename /Users/runner/Library/Developer/Xcode/DerivedData/Reel-eksnidxqjeiwfnbzsppehnrbqtac/Build/Intermediates.noindex/ArchiveIntermediates/Reel/IntermediateBuildFilesPath/AMSMB2.build/Release-iphoneos/AMSMB2.build/Objects-normal/arm64/AMSMB2.abi.json /Users/runner/Library/Developer/Xcode/DerivedData/Reel-eksnidxqjeiwfnbzsppehnrbqtac/Build/Intermediates.noindex/ArchiveIntermediates/Reel/BuildProductsPath/Release-iphoneos/AMSMB2.swiftmodule/arm64-apple-ios.abi.json

Ld /Users/runner/Library/Developer/Xcode/DerivedData/Reel-eksnidxqjeiwfnbzsppehnrbqtac/Build/Intermediates.noindex/ArchiveIntermediates/Reel/IntermediateBuildFilesPath/UninstalledProducts/iphoneos/AMSMB2.o normal (in target 'AMSMB2' from project 'AMSMB2')
    cd /Users/runner/work/reel/reel/Packages/AMSMB2
    /Applications/Xcode_26.6.app/Contents/Developer/Toolchains/XcodeDefault.xctoolchain/usr/bin/clang -Xlinker -reproducible -target arm64-apple-ios13.0 -r -isysroot /Applications/Xcode_26.6.app/Contents/Developer/Platforms/iPhoneOS.platform/Developer/SDKs/iPhoneOS26.5.sdk -Os -w -F/Users/runner/Library/Developer/Xcode/DerivedData/Reel-eksnidxqjeiwfnbzsppehnrbqtac/Build/Intermediates.noindex/ArchiveIntermediates/Reel/IntermediateBuildFilesPath/EagerLinkingTBDs/Release-iphoneos -F/Users/runner/Library/Developer/Xcode/DerivedData/Reel-eksnidxqjeiwfnbzsppehnrbqtac/Build/Intermediates.noindex/ArchiveIntermediates/Reel/BuildProductsPath/Release-iphoneos/PackageFrameworks -F/Users/runner/Library/Developer/Xcode/DerivedData/Reel-eksnidxqjeiwfnbzsppehnrbqtac/Build/Intermediates.noindex/ArchiveIntermediates/Reel/BuildProductsPath/Release-iphoneos -iframework /Applications/Xcode_26.6.app/Contents/Developer/Platforms/iPhoneOS.platform/Developer/Library/Frameworks -iframework /Applications/Xcode_26.6.app/Contents/Developer/Platforms/iPhoneOS.platform/Developer/SDKs/iPhoneOS26.5.sdk/Developer/Library/Frameworks -filelist /Users/runner/Library/Developer/Xcode/DerivedData/Reel-eksnidxqjeiwfnbzsppehnrbqtac/Build/Intermediates.noindex/ArchiveIntermediates/Reel/IntermediateBuildFilesPath/AMSMB2.build/Release-iphoneos/AMSMB2.build/Objects-normal/arm64/AMSMB2.LinkFileList -nostdlib -Xlinker -object_path_lto -Xlinker /Users/runner/Library/Developer/Xcode/DerivedData/Reel-eksnidxqjeiwfnbzsppehnrbqtac/Build/Intermediates.noindex/ArchiveIntermediates/Reel/IntermediateBuildFilesPath/AMSMB2.build/Release-iphoneos/AMSMB2.build/Objects-normal/arm64/AMSMB2_lto.o -Xlinker -dependency_info -Xlinker /Users/runner/Library/Developer/Xcode/DerivedData/Reel-eksnidxqjeiwfnbzsppehnrbqtac/Build/Intermediates.noindex/ArchiveIntermediates/Reel/IntermediateBuildFilesPath/AMSMB2.build/Release-iphoneos/AMSMB2.build/Objects-normal/arm64/AMSMB2_dependency_info.dat -fobjc-link-runtime -L/Applications/Xcode_26.6.app/Contents/Developer/Toolchains/XcodeDefault.xctoolchain/usr/lib/swift/iphoneos -L/usr/lib/swift -Xlinker -add_ast_path -Xlinker /Users/runner/Library/Developer/Xcode/DerivedData/Reel-eksnidxqjeiwfnbzsppehnrbqtac/Build/Intermediates.noindex/ArchiveIntermediates/Reel/IntermediateBuildFilesPath/AMSMB2.build/Release-iphoneos/AMSMB2.build/Objects-normal/arm64/AMSMB2.swiftmodule @/Users/runner/Library/Developer/Xcode/DerivedData/Reel-eksnidxqjeiwfnbzsppehnrbqtac/Build/Intermediates.noindex/ArchiveIntermediates/Reel/IntermediateBuildFilesPath/AMSMB2.build/Release-iphoneos/AMSMB2.build/Objects-normal/arm64/AMSMB2-linker-args.resp -o /Users/runner/Library/Developer/Xcode/DerivedData/Reel-eksnidxqjeiwfnbzsppehnrbqtac/Build/Intermediates.noindex/ArchiveIntermediates/Reel/IntermediateBuildFilesPath/UninstalledProducts/iphoneos/AMSMB2.o

SwiftDriver ReelCore normal arm64 com.apple.xcode.tools.swift.compiler (in target 'ReelCore' from project 'ReelCore')
    cd /Users/runner/work/reel/reel/Reel.xcodeproj
    builtin-SwiftDriver -- /Applications/Xcode_26.6.app/Contents/Developer/Toolchains/XcodeDefault.xctoolchain/usr/bin/swiftc -module-name ReelCore -O -whole-module-optimization @/Users/runner/Library/Developer/Xcode/DerivedData/Reel-eksnidxqjeiwfnbzsppehnrbqtac/Build/Intermediates.noindex/ArchiveIntermediates/Reel/IntermediateBuildFilesPath/ReelCore.build/Release-iphoneos/ReelCore.build/Objects-normal/arm64/ReelCore.SwiftFileList -DSWIFT_PACKAGE -DSWIFT_MODULE_RESOURCE_BUNDLE_UNAVAILABLE -DXcode -plugin-path /Applications/Xcode_26.6.app/Contents/Developer/Toolchains/XcodeDefault.xctoolchain/usr/lib/swift/host/plugins/testing -enable-experimental-feature DebugDescriptionMacro -sdk /Applications/Xcode_26.6.app/Contents/Developer/Platforms/iPhoneOS.platform/Developer/SDKs/iPhoneOS26.5.sdk -target arm64-apple-ios17.0 -g -module-cache-path /Users/runner/Library/Developer/Xcode/DerivedData/ModuleCache.noindex -Xfrontend -serialize-debugging-options -swift-version 6 -I /Users/runner/Library/Developer/Xcode/DerivedData/Reel-eksnidxqjeiwfnbzsppehnrbqtac/Build/Intermediates.noindex/ArchiveIntermediates/Reel/BuildProductsPath/Release-iphoneos -Isystem /Applications/Xcode_26.6.app/Contents/Developer/Platforms/iPhoneOS.platform/Developer/usr/lib -F /Users/runner/Library/Developer/Xcode/DerivedData/Reel-eksnidxqjeiwfnbzsppehnrbqtac/Build/Intermediates.noindex/ArchiveIntermediates/Reel/BuildProductsPath/Release-iphoneos/PackageFrameworks -F /Users/runner/Library/Developer/Xcode/DerivedData/Reel-eksnidxqjeiwfnbzsppehnrbqtac/Build/Intermediates.noindex/ArchiveIntermediates/Reel/BuildProductsPath/Release-iphoneos/PackageFrameworks -F /Users/runner/Library/Developer/Xcode/DerivedData/Reel-eksnidxqjeiwfnbzsppehnrbqtac/Build/Intermediates.noindex/ArchiveIntermediates/Reel/BuildProductsPath/Release-iphoneos -F /Applications/Xcode_26.6.app/Contents/Developer/Platforms/iPhoneOS.platform/Developer/Library/Frameworks -F /Applications/Xcode_26.6.app/Contents/Developer/Platforms/iPhoneOS.platform/Developer/SDKs/iPhoneOS26.5.sdk/Developer/Library/Frameworks -c -num-threads 3 -Xcc -ivfsstatcache -Xcc /Users/runner/Library/Developer/Xcode/DerivedData/SDKStatCaches.noindex/iphoneos26.5-23F81a-688ef53f1462e2c8f657fdc38a81448fee66e23052a0157c865c76b268046726.sdkstatcache -output-file-map /Users/runner/Library/Developer/Xcode/DerivedData/Reel-eksnidxqjeiwfnbzsppehnrbqtac/Build/Intermediates.noindex/ArchiveIntermediates/Reel/IntermediateBuildFilesPath/ReelCore.build/Release-iphoneos/ReelCore.build/Objects-normal/arm64/ReelCore-OutputFileMap.json -use-frontend-parseable-output -save-temps -no-color-diagnostics -explicit-module-build -module-cache-path /Users/runner/Library/Developer/Xcode/DerivedData/Reel-eksnidxqjeiwfnbzsppehnrbqtac/Build/Intermediates.noindex/ArchiveIntermediates/Reel/IntermediateBuildFilesPath/SwiftExplicitPrecompiledModules -clang-scanner-module-cache-path /Users/runner/Library/Developer/Xcode/DerivedData/ModuleCache.noindex -sdk-module-cache-path /Users/runner/Library/Developer/Xcode/DerivedData/ModuleCache.noindex -serialize-diagnostics -emit-dependencies -emit-module -emit-module-path /Users/runner/Library/Developer/Xcode/DerivedData/Reel-eksnidxqjeiwfnbzsppehnrbqtac/Build/Intermediates.noindex/ArchiveIntermediates/Reel/IntermediateBuildFilesPath/ReelCore.build/Release-iphoneos/ReelCore.build/Objects-normal/arm64/ReelCore.swiftmodule -validate-clang-modules-once -clang-build-session-file /Users/runner/Library/Developer/Xcode/DerivedData/ModuleCache.noindex/Session.modulevalidation -package-name reelcore -Xcc -I/Users/runner/Library/Developer/Xcode/DerivedData/Reel-eksnidxqjeiwfnbzsppehnrbqtac/Build/Intermediates.noindex/ArchiveIntermediates/Reel/IntermediateBuildFilesPath/ReelCore.build/Release-iphoneos/ReelCore.build/swift-overrides.hmap -emit-const-values -Xfrontend -const-gather-protocols-file -Xfrontend /Users/runner/Library/Developer/Xcode/DerivedData/Reel-eksnidxqjeiwfnbzsppehnrbqtac/Build/Intermediates.noindex/ArchiveIntermediates/Reel/IntermediateBuildFilesPath/ReelCore.build/Release-iphoneos/ReelCore.build/Objects-normal/arm64/ReelCore_const_extract_protocols.json -Xcc -I/Users/runner/work/reel/reel/Packages/AMSMB2/Dependencies/libsmb2/include -Xcc -I/Users/runner/Library/Developer/Xcode/DerivedData/Reel-eksnidxqjeiwfnbzsppehnrbqtac/Build/Intermediates.noindex/ArchiveIntermediates/Reel/BuildProductsPath/Release-iphoneos/include -Xcc -I/Users/runner/Library/Developer/Xcode/DerivedData/Reel-eksnidxqjeiwfnbzsppehnrbqtac/Build/Intermediates.noindex/ArchiveIntermediates/Reel/IntermediateBuildFilesPath/ReelCore.build/Release-iphoneos/ReelCore.build/DerivedSources-normal/arm64 -Xcc -I/Users/runner/Library/Developer/Xcode/DerivedData/Reel-eksnidxqjeiwfnbzsppehnrbqtac/Build/Intermediates.noindex/ArchiveIntermediates/Reel/IntermediateBuildFilesPath/ReelCore.build/Release-iphoneos/ReelCore.build/DerivedSources/arm64 -Xcc -I/Users/runner/Library/Developer/Xcode/DerivedData/Reel-eksnidxqjeiwfnbzsppehnrbqtac/Build/Intermediates.noindex/ArchiveIntermediates/Reel/IntermediateBuildFilesPath/ReelCore.build/Release-iphoneos/ReelCore.build/DerivedSources -Xcc -DSWIFT_PACKAGE -emit-objc-header -emit-objc-header-path /Users/runner/Library/Developer/Xcode/DerivedData/Reel-eksnidxqjeiwfnbzsppehnrbqtac/Build/Intermediates.noindex/ArchiveIntermediates/Reel/IntermediateBuildFilesPath/ReelCore.build/Release-iphoneos/ReelCore.build/Objects-normal/arm64/ReelCore-Swift.h -working-directory /Users/runner/work/reel/reel/Reel.xcodeproj -no-emit-module-separately-wmo

ExtractAppIntentsMetadata (in target 'AMSMB2' from project 'AMSMB2')
    cd /Users/runner/work/reel/reel/Packages/AMSMB2
    /Applications/Xcode_26.6.app/Contents/Developer/Toolchains/XcodeDefault.xctoolchain/usr/bin/appintentsmetadataprocessor --toolchain-dir /var/run/com.apple.security.cryptexd/mnt/com.apple.MobileAsset.MetalToolchain-v17.6.109.0.d2W7IB/Metal.xctoolchain --module-name AMSMB2 --sdk-root /Applications/Xcode_26.6.app/Contents/Developer/Platforms/iPhoneOS.platform/Developer/SDKs/iPhoneOS26.5.sdk --xcode-version 17F113 --platform-family iOS --deployment-target 13.0 --bundle-identifier amsmb2.AMSMB2 --output /Users/runner/Library/Developer/Xcode/DerivedData/Reel-eksnidxqjeiwfnbzsppehnrbqtac/Build/Intermediates.noindex/ArchiveIntermediates/Reel/IntermediateBuildFilesPath/UninstalledProducts/iphoneos/AMSMB2.appintents --target-triple arm64-apple-ios13.0 --binary-file /Users/runner/Library/Developer/Xcode/DerivedData/Reel-eksnidxqjeiwfnbzsppehnrbqtac/Build/Intermediates.noindex/ArchiveIntermediates/Reel/IntermediateBuildFilesPath/UninstalledProducts/iphoneos/AMSMB2.o --dependency-file /Users/runner/Library/Developer/Xcode/DerivedData/Reel-eksnidxqjeiwfnbzsppehnrbqtac/Build/Intermediates.noindex/ArchiveIntermediates/Reel/IntermediateBuildFilesPath/AMSMB2.build/Release-iphoneos/AMSMB2.build/Objects-normal/arm64/AMSMB2_dependency_info.dat --stringsdata-file /Users/runner/Library/Developer/Xcode/DerivedData/Reel-eksnidxqjeiwfnbzsppehnrbqtac/Build/Intermediates.noindex/ArchiveIntermediates/Reel/IntermediateBuildFilesPath/AMSMB2.build/Release-iphoneos/AMSMB2.build/Objects-normal/arm64/ExtractedAppShortcutsMetadata.stringsdata --source-file-list /Users/runner/Library/Developer/Xcode/DerivedData/Reel-eksnidxqjeiwfnbzsppehnrbqtac/Build/Intermediates.noindex/ArchiveIntermediates/Reel/IntermediateBuildFilesPath/AMSMB2.build/Release-iphoneos/AMSMB2.build/Objects-normal/arm64/AMSMB2.SwiftFileList --metadata-file-list /Users/runner/Library/Developer/Xcode/DerivedData/Reel-eksnidxqjeiwfnbzsppehnrbqtac/Build/Intermediates.noindex/ArchiveIntermediates/Reel/IntermediateBuildFilesPath/AMSMB2.build/Release-iphoneos/AMSMB2.build/AMSMB2.DependencyMetadataFileList --static-metadata-file-list /Users/runner/Library/Developer/Xcode/DerivedData/Reel-eksnidxqjeiwfnbzsppehnrbqtac/Build/Intermediates.noindex/ArchiveIntermediates/Reel/IntermediateBuildFilesPath/AMSMB2.build/Release-iphoneos/AMSMB2.build/AMSMB2.DependencyStaticMetadataFileList --swift-const-vals-list /Users/runner/Library/Developer/Xcode/DerivedData/Reel-eksnidxqjeiwfnbzsppehnrbqtac/Build/Intermediates.noindex/ArchiveIntermediates/Reel/IntermediateBuildFilesPath/AMSMB2.build/Release-iphoneos/AMSMB2.build/Objects-normal/arm64/AMSMB2.SwiftConstValuesFileList --force --compile-time-extraction --deployment-aware-processing --validate-assistant-intents --no-app-shortcuts-localization
2026-10-05 17:20:02.247 appintentsmetadataprocessor[5469:20715] Starting appintentsmetadataprocessor export
2026-10-05 17:20:02.345 appintentsmetadataprocessor[5469:20715] Extracted no relevant App Intents symbols, skipping writing output

SetOwnerAndGroup runner:staff /Users/runner/Library/Developer/Xcode/DerivedData/Reel-eksnidxqjeiwfnbzsppehnrbqtac/Build/Intermediates.noindex/ArchiveIntermediates/Reel/IntermediateBuildFilesPath/UninstalledProducts/iphoneos/AMSMB2.o (in target 'AMSMB2' from project 'AMSMB2')
    cd /Users/runner/work/reel/reel/Packages/AMSMB2
    /usr/sbin/chown -RH runner:staff /Users/runner/Library/Developer/Xcode/DerivedData/Reel-eksnidxqjeiwfnbzsppehnrbqtac/Build/Intermediates.noindex/ArchiveIntermediates/Reel/IntermediateBuildFilesPath/UninstalledProducts/iphoneos/AMSMB2.o

SetMode u+w,go-w,a+rX /Users/runner/Library/Developer/Xcode/DerivedData/Reel-eksnidxqjeiwfnbzsppehnrbqtac/Build/Intermediates.noindex/ArchiveIntermediates/Reel/IntermediateBuildFilesPath/UninstalledProducts/iphoneos/AMSMB2.o (in target 'AMSMB2' from project 'AMSMB2')
    cd /Users/runner/work/reel/reel/Packages/AMSMB2
    /bin/chmod -RH u+w,go-w,a+rX /Users/runner/Library/Developer/Xcode/DerivedData/Reel-eksnidxqjeiwfnbzsppehnrbqtac/Build/Intermediates.noindex/ArchiveIntermediates/Reel/IntermediateBuildFilesPath/UninstalledProducts/iphoneos/AMSMB2.o

RegisterExecutionPolicyException /Users/runner/Library/Developer/Xcode/DerivedData/Reel-eksnidxqjeiwfnbzsppehnrbqtac/Build/Intermediates.noindex/ArchiveIntermediates/Reel/IntermediateBuildFilesPath/UninstalledProducts/iphoneos/AMSMB2.o (in target 'AMSMB2' from project 'AMSMB2')
    cd /Users/runner/work/reel/reel/Packages/AMSMB2
    builtin-RegisterExecutionPolicyException /Users/runner/Library/Developer/Xcode/DerivedData/Reel-eksnidxqjeiwfnbzsppehnrbqtac/Build/Intermediates.noindex/ArchiveIntermediates/Reel/IntermediateBuildFilesPath/UninstalledProducts/iphoneos/AMSMB2.o

ProcessInfoPlistFile /Users/runner/Library/Developer/Xcode/DerivedData/Reel-eksnidxqjeiwfnbzsppehnrbqtac/Build/Intermediates.noindex/ArchiveIntermediates/Reel/IntermediateBuildFilesPath/UninstalledProducts/iphoneos/AMSMB2.framework/Info.plist /Users/runner/Library/Developer/Xcode/DerivedData/Reel-eksnidxqjeiwfnbzsppehnrbqtac/Build/Intermediates.noindex/ArchiveIntermediates/Reel/IntermediateBuildFilesPath/AMSMB2.build/Release-iphoneos/AMSMB2\ product.build/empty-AMSMB2.plist (in target 'AMSMB2' from project 'AMSMB2')
    cd /Users/runner/work/reel/reel/Packages/AMSMB2
    builtin-infoPlistUtility /Users/runner/Library/Developer/Xcode/DerivedData/Reel-eksnidxqjeiwfnbzsppehnrbqtac/Build/Intermediates.noindex/ArchiveIntermediates/Reel/IntermediateBuildFilesPath/AMSMB2.build/Release-iphoneos/AMSMB2\ product.build/empty-AMSMB2.plist -producttype com.apple.product-type.framework -expandbuildsettings -format binary -platform iphoneos -requiredArchitecture arm64 -o /Users/runner/Library/Developer/Xcode/DerivedData/Reel-eksnidxqjeiwfnbzsppehnrbqtac/Build/Intermediates.noindex/ArchiveIntermediates/Reel/IntermediateBuildFilesPath/UninstalledProducts/iphoneos/AMSMB2.framework/Info.plist

Ld /Users/runner/Library/Developer/Xcode/DerivedData/Reel-eksnidxqjeiwfnbzsppehnrbqtac/Build/Intermediates.noindex/ArchiveIntermediates/Reel/IntermediateBuildFilesPath/UninstalledProducts/iphoneos/AMSMB2.framework/AMSMB2 normal (in target 'AMSMB2' from project 'AMSMB2')
    cd /Users/runner/work/reel/reel/Packages/AMSMB2
    /Applications/Xcode_26.6.app/Contents/Developer/Toolchains/XcodeDefault.xctoolchain/usr/bin/clang -Xlinker -reproducible -target arm64-apple-ios13.0 -dynamiclib -isysroot /Applications/Xcode_26.6.app/Contents/Developer/Platforms/iPhoneOS.platform/Developer/SDKs/iPhoneOS26.5.sdk -Os -w -L/Users/runner/Library/Developer/Xcode/DerivedData/Reel-eksnidxqjeiwfnbzsppehnrbqtac/Build/Intermediates.noindex/ArchiveIntermediates/Reel/IntermediateBuildFilesPath/EagerLinkingTBDs/Release-iphoneos -L/Users/runner/Library/Developer/Xcode/DerivedData/Reel-eksnidxqjeiwfnbzsppehnrbqtac/Build/Intermediates.noindex/ArchiveIntermediates/Reel/BuildProductsPath/Release-iphoneos -L/Applications/Xcode_26.6.app/Contents/Developer/Platforms/iPhoneOS.platform/Developer/usr/lib -F/Users/runner/Library/Developer/Xcode/DerivedData/Reel-eksnidxqjeiwfnbzsppehnrbqtac/Build/Intermediates.noindex/ArchiveIntermediates/Reel/IntermediateBuildFilesPath/EagerLinkingTBDs/Release-iphoneos -F/Users/runner/Library/Developer/Xcode/DerivedData/Reel-eksnidxqjeiwfnbzsppehnrbqtac/Build/Intermediates.noindex/ArchiveIntermediates/Reel/BuildProductsPath/Release-iphoneos/PackageFrameworks -F/Users/runner/Library/Developer/Xcode/DerivedData/Reel-eksnidxqjeiwfnbzsppehnrbqtac/Build/Intermediates.noindex/ArchiveIntermediates/Reel/BuildProductsPath/Release-iphoneos/PackageFrameworks -F/Users/runner/Library/Developer/Xcode/DerivedData/Reel-eksnidxqjeiwfnbzsppehnrbqtac/Build/Intermediates.noindex/ArchiveIntermediates/Reel/BuildProductsPath/Release-iphoneos -iframework /Applications/Xcode_26.6.app/Contents/Developer/Platforms/iPhoneOS.platform/Developer/Library/Frameworks -iframework /Applications/Xcode_26.6.app/Contents/Developer/Platforms/iPhoneOS.platform/Developer/SDKs/iPhoneOS26.5.sdk/Developer/Library/Frameworks -filelist /Users/runner/Library/Developer/Xcode/DerivedData/Reel-eksnidxqjeiwfnbzsppehnrbqtac/Build/Intermediates.noindex/ArchiveIntermediates/Reel/IntermediateBuildFilesPath/AMSMB2.build/Release-iphoneos/AMSMB2\ product.build/Objects-normal/arm64/AMSMB2.LinkFileList -install_name @rpath/AMSMB2.framework/AMSMB2 -Xlinker -rpath -Xlinker /usr/lib/swift -Xlinker -dead_strip -Xlinker -object_path_lto -Xlinker /Users/runner/Library/Developer/Xcode/DerivedData/Reel-eksnidxqjeiwfnbzsppehnrbqtac/Build/Intermediates.noindex/ArchiveIntermediates/Reel/IntermediateBuildFilesPath/AMSMB2.build/Release-iphoneos/AMSMB2\ product.build/Objects-normal/arm64/AMSMB2_lto.o -Xlinker -dependency_info -Xlinker /Users/runner/Library/Developer/Xcode/DerivedData/Reel-eksnidxqjeiwfnbzsppehnrbqtac/Build/Intermediates.noindex/ArchiveIntermediates/Reel/IntermediateBuildFilesPath/AMSMB2.build/Release-iphoneos/AMSMB2\ product.build/Objects-normal/arm64/AMSMB2_dependency_info.dat -fobjc-link-runtime -L/Applications/Xcode_26.6.app/Contents/Developer/Toolchains/XcodeDefault.xctoolchain/usr/lib/swift/iphoneos -L/usr/lib/swift -Wl,-no_warn_duplicate_libraries -Wl,-no_warn_duplicate_libraries -o /Users/runner/Library/Developer/Xcode/DerivedData/Reel-eksnidxqjeiwfnbzsppehnrbqtac/Build/Intermediates.noindex/ArchiveIntermediates/Reel/IntermediateBuildFilesPath/UninstalledProducts/iphoneos/AMSMB2.framework/AMSMB2 -Xlinker -add_ast_path -Xlinker /Users/runner/Library/Developer/Xcode/DerivedData/Reel-eksnidxqjeiwfnbzsppehnrbqtac/Build/Intermediates.noindex/ArchiveIntermediates/Reel/IntermediateBuildFilesPath/AMSMB2.build/Release-iphoneos/AMSMB2.build/Objects-normal/arm64/AMSMB2.swiftmodule @/Users/runner/Library/Developer/Xcode/DerivedData/Reel-eksnidxqjeiwfnbzsppehnrbqtac/Build/Intermediates.noindex/ArchiveIntermediates/Reel/IntermediateBuildFilesPath/AMSMB2.build/Release-iphoneos/AMSMB2.build/Objects-normal/arm64/AMSMB2-linker-args.resp

SwiftCompile normal arm64 Compiling\ CollectionRules.swift,\ FileDownload.swift,\ GenreBrowse.swift,\ LibraryLocator.swift,\ LibraryScanner.swift,\ MoreLikeThis.swift,\ NameParser.swift,\ SMBFileSource.swift,\ ScanSpeed.swift,\ ShareConfig.swift,\ SharedCollections.swift,\ SharedFrames.swift,\ SharedProgress.swift,\ TMDB.swift,\ WebDAVFileSource.swift /Users/runner/work/reel/reel/Packages/ReelCore/Sources/ReelCore/CollectionRules.swift /Users/runner/work/reel/reel/Packages/ReelCore/Sources/ReelCore/FileDownload.swift /Users/runner/work/reel/reel/Packages/ReelCore/Sources/ReelCore/GenreBrowse.swift /Users/runner/work/reel/reel/Packages/ReelCore/Sources/ReelCore/LibraryLocator.swift /Users/runner/work/reel/reel/Packages/ReelCore/Sources/ReelCore/LibraryScanner.swift /Users/runner/work/reel/reel/Packages/ReelCore/Sources/ReelCore/MoreLikeThis.swift /Users/runner/work/reel/reel/Packages/ReelCore/Sources/ReelCore/NameParser.swift /Users/runner/work/reel/reel/Packages/ReelCore/Sources/ReelCore/SMBFileSource.swift /Users/runner/work/reel/reel/Packages/ReelCore/Sources/ReelCore/ScanSpeed.swift /Users/runner/work/reel/reel/Packages/ReelCore/Sources/ReelCore/ShareConfig.swift /Users/runner/work/reel/reel/Packages/ReelCore/Sources/ReelCore/SharedCollections.swift /Users/runner/work/reel/reel/Packages/ReelCore/Sources/ReelCore/SharedFrames.swift /Users/runner/work/reel/reel/Packages/ReelCore/Sources/ReelCore/SharedProgress.swift /Users/runner/work/reel/reel/Packages/ReelCore/Sources/ReelCore/TMDB.swift /Users/runner/work/reel/reel/Packages/ReelCore/Sources/ReelCore/WebDAVFileSource.swift /Applications/Xcode_26.6.app/Contents/Developer/Toolchains/XcodeDefault.xctoolchain/usr/lib/swift/iphoneos/prebuilt-modules/26.5/_DarwinFoundation3.swiftmodule/arm64e-apple-ios.swiftmodule /Applications/Xcode_26.6.app/Contents/Developer/Toolchains/XcodeDefault.xctoolchain/usr/lib/swift/iphoneos/prebuilt-modules/26.5/Combine.swiftmodule/arm64e-apple-ios.swiftmodule /Applications/Xcode_26.6.app/Contents/Developer/Toolchains/XcodeDefault.xctoolchain/usr/lib/swift/iphoneos/prebuilt-modules/26.5/CoreFoundation.swiftmodule/arm64e-apple-ios.swiftmodule /Users/runner/Library/Developer/Xcode/DerivedData/Reel-eksnidxqjeiwfnbzsppehnrbqtac/Build/Intermediates.noindex/ArchiveIntermediates/Reel/BuildProductsPath/Release-iphoneos/AMSMB2.swiftmodule/arm64-apple-ios.swiftmodule /Applications/Xcode_26.6.app/Contents/Developer/Toolchains/XcodeDefault.xctoolchain/usr/lib/swift/iphoneos/prebuilt-modules/26.5/Swift.swiftmodule/arm64e-apple-ios.swiftmodule /Applications/Xcode_26.6.app/Contents/Developer/Toolchains/XcodeDefault.xctoolchain/usr/lib/swift/iphoneos/prebuilt-modules/26.5/Darwin.swiftmodule/arm64e-apple-ios.swiftmodule /Applications/Xcode_26.6.app/Contents/Developer/Toolchains/XcodeDefault.xctoolchain/usr/lib/swift/iphoneos/prebuilt-modules/26.5/XPC.swiftmodule/arm64e-apple-ios.swiftmodule /Applications/Xcode_26.6.app/Contents/Developer/Toolchains/XcodeDefault.xctoolchain/usr/lib/swift/iphoneos/prebuilt-modules/26.5/_StringProcessing.swiftmodule/arm64e-apple-ios.swiftmodule /Applications/Xcode_26.6.app/Contents/Developer/Toolchains/XcodeDefault.xctoolchain/usr/lib/swift/iphoneos/prebuilt-modules/26.5/Observation.swiftmodule/arm64e-apple-ios.swiftmodule /Applications/Xcode_26.6.app/Contents/Developer/Toolchains/XcodeDefault.xctoolchain/usr/lib/swift/iphoneos/prebuilt-modules/26.5/_DarwinFoundation2.swiftmodule/arm64e-apple-ios.swiftmodule /Applications/Xcode_26.6.app/Contents/Developer/Toolchains/XcodeDefault.xctoolchain/usr/lib/swift/iphoneos/prebuilt-modules/26.5/ObjectiveC.swiftmodule/arm64e-apple-ios.swiftmodule /Applications/Xcode_26.6.app/Contents/Developer/Toolchains/XcodeDefault.xctoolchain/usr/lib/swift/iphoneos/prebuilt-modules/26.5/_DarwinFoundation1.swiftmodule/arm64e-apple-ios.swiftmodule /Applications/Xcode_26.6.app/Contents/Developer/Toolchains/XcodeDefault.xctoolchain/usr/lib/swift/iphoneos/prebuilt-modules/26.5/_Builtin_float.swiftmodule/arm64e-apple-ios.swiftmodule /Applications/Xcode_26.6.app/Contents/Developer/Toolchains/XcodeDefault.xctoolchain/usr/lib/swift/iphoneos/prebuilt-modules/26.5/Foundation.swiftmodule/arm64e-apple-ios.swiftmodule /Applications/Xcode_26.6.app/Contents/Developer/Toolchains/XcodeDefault.xctoolchain/usr/lib/swift/iphoneos/prebuilt-modules/26.5/System.swiftmodule/arm64e-apple-ios.swiftmodule /Applications/Xcode_26.6.app/Contents/Developer/Toolchains/XcodeDefault.xctoolchain/usr/lib/swift/iphoneos/prebuilt-modules/26.5/_Concurrency.swiftmodule/arm64e-apple-ios.swiftmodule /Applications/Xcode_26.6.app/Contents/Developer/Toolchains/XcodeDefault.xctoolchain/usr/lib/swift/iphoneos/prebuilt-modules/26.5/Dispatch.swiftmodule/arm64e-apple-ios.swiftmodule /Users/runner/Library/Developer/Xcode/DerivedData/ModuleCache.noindex/_AvailabilityInternal-A954CE05HM8BFVSYV2CRVDT42.pcm /Users/runner/Library/Developer/Xcode/DerivedData/ModuleCache.noindex/sys_types-5BKSTJV32EJOJ391W2WV19LPT.pcm /Users/runner/Library/Developer/Xcode/DerivedData/ModuleCache.noindex/_Builtin_stdbool-61CVV7O1QIP5QEAY8B5KS9HIN.pcm /Users/runner/Library/Developer/Xcode/DerivedData/ModuleCache.noindex/XPC-1WBQIO2G6MMGA1EZM3FK4J3SV.pcm /Users/runner/Library/Developer/Xcode/DerivedData/ModuleCache.noindex/Darwin-9MTDOZR5EX08QTNKWOVS0CEBK.pcm /Users/runner/Library/Developer/Xcode/DerivedData/ModuleCache.noindex/_SwiftConcurrencyShims-2I3JAJC6XMU8TLT3QGQ5ELQBA.pcm /Users/runner/Library/Developer/Xcode/DerivedData/Reel-eksnidxqjeiwfnbzsppehnrbqtac/Build/Intermediates.noindex/ArchiveIntermediates/Reel/IntermediateBuildFilesPath/SwiftExplicitPrecompiledModules/SMB2-LJGPIHJ6VYPMN59YCUHGF0BL.pcm /Users/runner/Library/Developer/Xcode/DerivedData/ModuleCache.noindex/SwiftShims-8O9FJCB82AJJBB20CJG67X9I.pcm /Users/runner/Library/Developer/Xcode/DerivedData/ModuleCache.noindex/_Builtin_stdarg-1J2VYTBV9L5KXQTWBUOJTRJW5.pcm /Users/runner/Library/Developer/Xcode/DerivedData/ModuleCache.noindex/CoreFoundation-86FJOO3PBG8D25LCCPBQ68PB3.pcm /Users/runner/Library/Developer/Xcode/DerivedData/ModuleCache.noindex/_DarwinFoundation2-2G7NS2EMZ2LU7SSQBRKJNU29R.pcm /Users/runner/Library/Developer/Xcode/DerivedData/ModuleCache.noindex/_Builtin_stdint-577R8JJTYJU2Z5VYNZMHK5DO4.pcm /Users/runner/Library/Developer/Xcode/DerivedData/ModuleCache.noindex/os_workgroup-22NFCBQH3ZDCNU7G5BUNZLBXZ.pcm /Users/runner/Library/Developer/Xcode/DerivedData/ModuleCache.noindex/ptrauth-ANSUK7XQS36KB6NMO2FCR2Q5T.pcm /Users/runner/Library/Developer/Xcode/DerivedData/ModuleCache.noindex/Security-9E1NHGU21RHJ349IOXWUKQJLD.pcm /Users/runner/Library/Developer/Xcode/DerivedData/ModuleCache.noindex/_Builtin_inttypes-AEB8DCKEVW8YAHJL87KM02VZD.pcm /Users/runner/Library/Developer/Xcode/DerivedData/ModuleCache.noindex/_Builtin_float-D0BD8M9MDTEFVGM4YAQQ3M4VK.pcm /Users/runner/Library/Developer/Xcode/DerivedData/ModuleCache.noindex/_DarwinFoundation1-55FNQ4BZJBPRCU0U3B4YXX72.pcm /Users/runner/Library/Developer/Xcode/DerivedData/ModuleCache.noindex/_DarwinFoundation3-DCH96MPQE381OR8SWDBXHNCJ4.pcm /Users/runner/Library/Developer/Xcode/DerivedData/ModuleCache.noindex/Dispatch-C661BX31HHE9G665HM84NKZS8.pcm /Users/runner/Library/Developer/Xcode/DerivedData/ModuleCache.noindex/_Builtin_stddef-4FDMBOQ79JZ92Y6W6EC8LYD32.pcm /Users/runner/Library/Developer/Xcode/DerivedData/ModuleCache.noindex/ObjectiveC-1NER7Y6YP2LIGLRV9AY2VCV5M.pcm /Users/runner/Library/Developer/Xcode/DerivedData/ModuleCache.noindex/os_object-DI1OM793XIE8SC8UTSZDAMH2Z.pcm /Users/runner/Library/Developer/Xcode/DerivedData/ModuleCache.noindex/ptrcheck-BZWDM779X83BAMMAVJ9UGSER7.pcm /Users/runner/Library/Developer/Xcode/DerivedData/ModuleCache.noindex/CFNetwork-7JZGWI9V8QXM8GL4PJV58OUYM.pcm /Users/runner/Library/Developer/Xcode/DerivedData/ModuleCache.noindex/_Builtin_limits-BYYOQS2SAKG6SJIZWPKGOA0D5.pcm /Users/runner/Library/Developer/Xcode/DerivedData/ModuleCache.noindex/Foundation-5KUPL212KR4LMUIBHES8GBCOA.pcm /Users/runner/Library/Developer/Xcode/DerivedData/Reel-eksnidxqjeiwfnbzsppehnrbqtac/Build/Intermediates.noindex/ArchiveIntermediates/Reel/IntermediateBuildFilesPath/ReelCore.build/Release-iphoneos/ReelCore.build/Objects-normal/arm64/ReelCore-dependencies-1.json (in target 'ReelCore' from project 'ReelCore')

CompileSwift normal arm64 (in target 'ReelCore' from project 'ReelCore')
    cd /Users/runner/work/reel/reel/Reel.xcodeproj
    

SwiftDriver\ Compilation ReelCore normal arm64 com.apple.xcode.tools.swift.compiler (in target 'ReelCore' from project 'ReelCore')
    cd /Users/runner/work/reel/reel/Reel.xcodeproj
    builtin-Swift-Compilation -- /Applications/Xcode_26.6.app/Contents/Developer/Toolchains/XcodeDefault.xctoolchain/usr/bin/swiftc -module-name ReelCore -O -whole-module-optimization @/Users/runner/Library/Developer/Xcode/DerivedData/Reel-eksnidxqjeiwfnbzsppehnrbqtac/Build/Intermediates.noindex/ArchiveIntermediates/Reel/IntermediateBuildFilesPath/ReelCore.build/Release-iphoneos/ReelCore.build/Objects-normal/arm64/ReelCore.SwiftFileList -DSWIFT_PACKAGE -DSWIFT_MODULE_RESOURCE_BUNDLE_UNAVAILABLE -DXcode -plugin-path /Applications/Xcode_26.6.app/Contents/Developer/Toolchains/XcodeDefault.xctoolchain/usr/lib/swift/host/plugins/testing -enable-experimental-feature DebugDescriptionMacro -sdk /Applications/Xcode_26.6.app/Contents/Developer/Platforms/iPhoneOS.platform/Developer/SDKs/iPhoneOS26.5.sdk -target arm64-apple-ios17.0 -g -module-cache-path /Users/runner/Library/Developer/Xcode/DerivedData/ModuleCache.noindex -Xfrontend -serialize-debugging-options -swift-version 6 -I /Users/runner/Library/Developer/Xcode/DerivedData/Reel-eksnidxqjeiwfnbzsppehnrbqtac/Build/Intermediates.noindex/ArchiveIntermediates/Reel/BuildProductsPath/Release-iphoneos -Isystem /Applications/Xcode_26.6.app/Contents/Developer/Platforms/iPhoneOS.platform/Developer/usr/lib -F /Users/runner/Library/Developer/Xcode/DerivedData/Reel-eksnidxqjeiwfnbzsppehnrbqtac/Build/Intermediates.noindex/ArchiveIntermediates/Reel/BuildProductsPath/Release-iphoneos/PackageFrameworks -F /Users/runner/Library/Developer/Xcode/DerivedData/Reel-eksnidxqjeiwfnbzsppehnrbqtac/Build/Intermediates.noindex/ArchiveIntermediates/Reel/BuildProductsPath/Release-iphoneos/PackageFrameworks -F /Users/runner/Library/Developer/Xcode/DerivedData/Reel-eksnidxqjeiwfnbzsppehnrbqtac/Build/Intermediates.noindex/ArchiveIntermediates/Reel/BuildProductsPath/Release-iphoneos -F /Applications/Xcode_26.6.app/Contents/Developer/Platforms/iPhoneOS.platform/Developer/Library/Frameworks -F /Applications/Xcode_26.6.app/Contents/Developer/Platforms/iPhoneOS.platform/Developer/SDKs/iPhoneOS26.5.sdk/Developer/Library/Frameworks -c -num-threads 3 -Xcc -ivfsstatcache -Xcc /Users/runner/Library/Developer/Xcode/DerivedData/SDKStatCaches.noindex/iphoneos26.5-23F81a-688ef53f1462e2c8f657fdc38a81448fee66e23052a0157c865c76b268046726.sdkstatcache -output-file-map /Users/runner/Library/Developer/Xcode/DerivedData/Reel-eksnidxqjeiwfnbzsppehnrbqtac/Build/Intermediates.noindex/ArchiveIntermediates/Reel/IntermediateBuildFilesPath/ReelCore.build/Release-iphoneos/ReelCore.build/Objects-normal/arm64/ReelCore-OutputFileMap.json -use-frontend-parseable-output -save-temps -no-color-diagnostics -explicit-module-build -module-cache-path /Users/runner/Library/Developer/Xcode/DerivedData/Reel-eksnidxqjeiwfnbzsppehnrbqtac/Build/Intermediates.noindex/ArchiveIntermediates/Reel/IntermediateBuildFilesPath/SwiftExplicitPrecompiledModules -clang-scanner-module-cache-path /Users/runner/Library/Developer/Xcode/DerivedData/ModuleCache.noindex -sdk-module-cache-path /Users/runner/Library/Developer/Xcode/DerivedData/ModuleCache.noindex -serialize-diagnostics -emit-dependencies -emit-module -emit-module-path /Users/runner/Library/Developer/Xcode/DerivedData/Reel-eksnidxqjeiwfnbzsppehnrbqtac/Build/Intermediates.noindex/ArchiveIntermediates/Reel/IntermediateBuildFilesPath/ReelCore.build/Release-iphoneos/ReelCore.build/Objects-normal/arm64/ReelCore.swiftmodule -validate-clang-modules-once -clang-build-session-file /Users/runner/Library/Developer/Xcode/DerivedData/ModuleCache.noindex/Session.modulevalidation -package-name reelcore -Xcc -I/Users/runner/Library/Developer/Xcode/DerivedData/Reel-eksnidxqjeiwfnbzsppehnrbqtac/Build/Intermediates.noindex/ArchiveIntermediates/Reel/IntermediateBuildFilesPath/ReelCore.build/Release-iphoneos/ReelCore.build/swift-overrides.hmap -emit-const-values -Xfrontend -const-gather-protocols-file -Xfrontend /Users/runner/Library/Developer/Xcode/DerivedData/Reel-eksnidxqjeiwfnbzsppehnrbqtac/Build/Intermediates.noindex/ArchiveIntermediates/Reel/IntermediateBuildFilesPath/ReelCore.build/Release-iphoneos/ReelCore.build/Objects-normal/arm64/ReelCore_const_extract_protocols.json -Xcc -I/Users/runner/work/reel/reel/Packages/AMSMB2/Dependencies/libsmb2/include -Xcc -I/Users/runner/Library/Developer/Xcode/DerivedData/Reel-eksnidxqjeiwfnbzsppehnrbqtac/Build/Intermediates.noindex/ArchiveIntermediates/Reel/BuildProductsPath/Release-iphoneos/include -Xcc -I/Users/runner/Library/Developer/Xcode/DerivedData/Reel-eksnidxqjeiwfnbzsppehnrbqtac/Build/Intermediates.noindex/ArchiveIntermediates/Reel/IntermediateBuildFilesPath/ReelCore.build/Release-iphoneos/ReelCore.build/DerivedSources-normal/arm64 -Xcc -I/Users/runner/Library/Developer/Xcode/DerivedData/Reel-eksnidxqjeiwfnbzsppehnrbqtac/Build/Intermediates.noindex/ArchiveIntermediates/Reel/IntermediateBuildFilesPath/ReelCore.build/Release-iphoneos/ReelCore.build/DerivedSources/arm64 -Xcc -I/Users/runner/Library/Developer/Xcode/DerivedData/Reel-eksnidxqjeiwfnbzsppehnrbqtac/Build/Intermediates.noindex/ArchiveIntermediates/Reel/IntermediateBuildFilesPath/ReelCore.build/Release-iphoneos/ReelCore.build/DerivedSources -Xcc -DSWIFT_PACKAGE -emit-objc-header -emit-objc-header-path /Users/runner/Library/Developer/Xcode/DerivedData/Reel-eksnidxqjeiwfnbzsppehnrbqtac/Build/Intermediates.noindex/ArchiveIntermediates/Reel/IntermediateBuildFilesPath/ReelCore.build/Release-iphoneos/ReelCore.build/Objects-normal/arm64/ReelCore-Swift.h -working-directory /Users/runner/work/reel/reel/Reel.xcodeproj -no-emit-module-separately-wmo

GenerateDSYMFile /Users/runner/Library/Developer/Xcode/DerivedData/Reel-eksnidxqjeiwfnbzsppehnrbqtac/Build/Intermediates.noindex/ArchiveIntermediates/Reel/BuildProductsPath/Release-iphoneos/AMSMB2.framework.dSYM /Users/runner/Library/Developer/Xcode/DerivedData/Reel-eksnidxqjeiwfnbzsppehnrbqtac/Build/Intermediates.noindex/ArchiveIntermediates/Reel/IntermediateBuildFilesPath/UninstalledProducts/iphoneos/AMSMB2.framework/AMSMB2 (in target 'AMSMB2' from project 'AMSMB2')
    cd /Users/runner/work/reel/reel/Packages/AMSMB2
    /Applications/Xcode_26.6.app/Contents/Developer/Toolchains/XcodeDefault.xctoolchain/usr/bin/dsymutil /Users/runner/Library/Developer/Xcode/DerivedData/Reel-eksnidxqjeiwfnbzsppehnrbqtac/Build/Intermediates.noindex/ArchiveIntermediates/Reel/IntermediateBuildFilesPath/UninstalledProducts/iphoneos/AMSMB2.framework/AMSMB2 -o /Users/runner/Library/Developer/Xcode/DerivedData/Reel-eksnidxqjeiwfnbzsppehnrbqtac/Build/Intermediates.noindex/ArchiveIntermediates/Reel/BuildProductsPath/Release-iphoneos/AMSMB2.framework.dSYM

Strip /Users/runner/Library/Developer/Xcode/DerivedData/Reel-eksnidxqjeiwfnbzsppehnrbqtac/Build/Intermediates.noindex/ArchiveIntermediates/Reel/IntermediateBuildFilesPath/UninstalledProducts/iphoneos/AMSMB2.framework/AMSMB2 (in target 'AMSMB2' from project 'AMSMB2')
    cd /Users/runner/work/reel/reel/Packages/AMSMB2
    /Applications/Xcode_26.6.app/Contents/Developer/Toolchains/XcodeDefault.xctoolchain/usr/bin/strip -D -S -T /Users/runner/Library/Developer/Xcode/DerivedData/Reel-eksnidxqjeiwfnbzsppehnrbqtac/Build/Intermediates.noindex/ArchiveIntermediates/Reel/IntermediateBuildFilesPath/UninstalledProducts/iphoneos/AMSMB2.framework/AMSMB2

SetOwnerAndGroup runner:staff /Users/runner/Library/Developer/Xcode/DerivedData/Reel-eksnidxqjeiwfnbzsppehnrbqtac/Build/Intermediates.noindex/ArchiveIntermediates/Reel/IntermediateBuildFilesPath/UninstalledProducts/iphoneos/AMSMB2.framework (in target 'AMSMB2' from project 'AMSMB2')
    cd /Users/runner/work/reel/reel/Packages/AMSMB2
    /usr/sbin/chown -RH runner:staff /Users/runner/Library/Developer/Xcode/DerivedData/Reel-eksnidxqjeiwfnbzsppehnrbqtac/Build/Intermediates.noindex/ArchiveIntermediates/Reel/IntermediateBuildFilesPath/UninstalledProducts/iphoneos/AMSMB2.framework

SetMode u+w,go-w,a+rX /Users/runner/Library/Developer/Xcode/DerivedData/Reel-eksnidxqjeiwfnbzsppehnrbqtac/Build/Intermediates.noindex/ArchiveIntermediates/Reel/IntermediateBuildFilesPath/UninstalledProducts/iphoneos/AMSMB2.framework (in target 'AMSMB2' from project 'AMSMB2')
    cd /Users/runner/work/reel/reel/Packages/AMSMB2
    /bin/chmod -RH u+w,go-w,a+rX /Users/runner/Library/Developer/Xcode/DerivedData/Reel-eksnidxqjeiwfnbzsppehnrbqtac/Build/Intermediates.noindex/ArchiveIntermediates/Reel/IntermediateBuildFilesPath/UninstalledProducts/iphoneos/AMSMB2.framework

RegisterExecutionPolicyException /Users/runner/Library/Developer/Xcode/DerivedData/Reel-eksnidxqjeiwfnbzsppehnrbqtac/Build/Intermediates.noindex/ArchiveIntermediates/Reel/IntermediateBuildFilesPath/UninstalledProducts/iphoneos/AMSMB2.framework (in target 'AMSMB2' from project 'AMSMB2')
    cd /Users/runner/work/reel/reel/Packages/AMSMB2
    builtin-RegisterExecutionPolicyException /Users/runner/Library/Developer/Xcode/DerivedData/Reel-eksnidxqjeiwfnbzsppehnrbqtac/Build/Intermediates.noindex/ArchiveIntermediates/Reel/IntermediateBuildFilesPath/UninstalledProducts/iphoneos/AMSMB2.framework

Touch /Users/runner/Library/Developer/Xcode/DerivedData/Reel-eksnidxqjeiwfnbzsppehnrbqtac/Build/Intermediates.noindex/ArchiveIntermediates/Reel/IntermediateBuildFilesPath/UninstalledProducts/iphoneos/AMSMB2.framework (in target 'AMSMB2' from project 'AMSMB2')
    cd /Users/runner/work/reel/reel/Packages/AMSMB2
    /usr/bin/touch -c /Users/runner/Library/Developer/Xcode/DerivedData/Reel-eksnidxqjeiwfnbzsppehnrbqtac/Build/Intermediates.noindex/ArchiveIntermediates/Reel/IntermediateBuildFilesPath/UninstalledProducts/iphoneos/AMSMB2.framework

SwiftDriverJobDiscovery normal arm64 Compiling CollectionRules.swift, FileDownload.swift, GenreBrowse.swift, LibraryLocator.swift, LibraryScanner.swift, MoreLikeThis.swift, NameParser.swift, SMBFileSource.swift, ScanSpeed.swift, ShareConfig.swift, SharedCollections.swift, SharedFrames.swift, SharedProgress.swift, TMDB.swift, WebDAVFileSource.swift (in target 'ReelCore' from project 'ReelCore')

SwiftDriver\ Compilation\ Requirements ReelCore normal arm64 com.apple.xcode.tools.swift.compiler (in target 'ReelCore' from project 'ReelCore')
    cd /Users/runner/work/reel/reel/Reel.xcodeproj
    builtin-Swift-Compilation-Requirements -- /Applications/Xcode_26.6.app/Contents/Developer/Toolchains/XcodeDefault.xctoolchain/usr/bin/swiftc -module-name ReelCore -O -whole-module-optimization @/Users/runner/Library/Developer/Xcode/DerivedData/Reel-eksnidxqjeiwfnbzsppehnrbqtac/Build/Intermediates.noindex/ArchiveIntermediates/Reel/IntermediateBuildFilesPath/ReelCore.build/Release-iphoneos/ReelCore.build/Objects-normal/arm64/ReelCore.SwiftFileList -DSWIFT_PACKAGE -DSWIFT_MODULE_RESOURCE_BUNDLE_UNAVAILABLE -DXcode -plugin-path /Applications/Xcode_26.6.app/Contents/Developer/Toolchains/XcodeDefault.xctoolchain/usr/lib/swift/host/plugins/testing -enable-experimental-feature DebugDescriptionMacro -sdk /Applications/Xcode_26.6.app/Contents/Developer/Platforms/iPhoneOS.platform/Developer/SDKs/iPhoneOS26.5.sdk -target arm64-apple-ios17.0 -g -module-cache-path /Users/runner/Library/Developer/Xcode/DerivedData/ModuleCache.noindex -Xfrontend -serialize-debugging-options -swift-version 6 -I /Users/runner/Library/Developer/Xcode/DerivedData/Reel-eksnidxqjeiwfnbzsppehnrbqtac/Build/Intermediates.noindex/ArchiveIntermediates/Reel/BuildProductsPath/Release-iphoneos -Isystem /Applications/Xcode_26.6.app/Contents/Developer/Platforms/iPhoneOS.platform/Developer/usr/lib -F /Users/runner/Library/Developer/Xcode/DerivedData/Reel-eksnidxqjeiwfnbzsppehnrbqtac/Build/Intermediates.noindex/ArchiveIntermediates/Reel/BuildProductsPath/Release-iphoneos/PackageFrameworks -F /Users/runner/Library/Developer/Xcode/DerivedData/Reel-eksnidxqjeiwfnbzsppehnrbqtac/Build/Intermediates.noindex/ArchiveIntermediates/Reel/BuildProductsPath/Release-iphoneos/PackageFrameworks -F /Users/runner/Library/Developer/Xcode/DerivedData/Reel-eksnidxqjeiwfnbzsppehnrbqtac/Build/Intermediates.noindex/ArchiveIntermediates/Reel/BuildProductsPath/Release-iphoneos -F /Applications/Xcode_26.6.app/Contents/Developer/Platforms/iPhoneOS.platform/Developer/Library/Frameworks -F /Applications/Xcode_26.6.app/Contents/Developer/Platforms/iPhoneOS.platform/Developer/SDKs/iPhoneOS26.5.sdk/Developer/Library/Frameworks -c -num-threads 3 -Xcc -ivfsstatcache -Xcc /Users/runner/Library/Developer/Xcode/DerivedData/SDKStatCaches.noindex/iphoneos26.5-23F81a-688ef53f1462e2c8f657fdc38a81448fee66e23052a0157c865c76b268046726.sdkstatcache -output-file-map /Users/runner/Library/Developer/Xcode/DerivedData/Reel-eksnidxqjeiwfnbzsppehnrbqtac/Build/Intermediates.noindex/ArchiveIntermediates/Reel/IntermediateBuildFilesPath/ReelCore.build/Release-iphoneos/ReelCore.build/Objects-normal/arm64/ReelCore-OutputFileMap.json -use-frontend-parseable-output -save-temps -no-color-diagnostics -explicit-module-build -module-cache-path /Users/runner/Library/Developer/Xcode/DerivedData/Reel-eksnidxqjeiwfnbzsppehnrbqtac/Build/Intermediates.noindex/ArchiveIntermediates/Reel/IntermediateBuildFilesPath/SwiftExplicitPrecompiledModules -clang-scanner-module-cache-path /Users/runner/Library/Developer/Xcode/DerivedData/ModuleCache.noindex -sdk-module-cache-path /Users/runner/Library/Developer/Xcode/DerivedData/ModuleCache.noindex -serialize-diagnostics -emit-dependencies -emit-module -emit-module-path /Users/runner/Library/Developer/Xcode/DerivedData/Reel-eksnidxqjeiwfnbzsppehnrbqtac/Build/Intermediates.noindex/ArchiveIntermediates/Reel/IntermediateBuildFilesPath/ReelCore.build/Release-iphoneos/ReelCore.build/Objects-normal/arm64/ReelCore.swiftmodule -validate-clang-modules-once -clang-build-session-file /Users/runner/Library/Developer/Xcode/DerivedData/ModuleCache.noindex/Session.modulevalidation -package-name reelcore -Xcc -I/Users/runner/Library/Developer/Xcode/DerivedData/Reel-eksnidxqjeiwfnbzsppehnrbqtac/Build/Intermediates.noindex/ArchiveIntermediates/Reel/IntermediateBuildFilesPath/ReelCore.build/Release-iphoneos/ReelCore.build/swift-overrides.hmap -emit-const-values -Xfrontend -const-gather-protocols-file -Xfrontend /Users/runner/Library/Developer/Xcode/DerivedData/Reel-eksnidxqjeiwfnbzsppehnrbqtac/Build/Intermediates.noindex/ArchiveIntermediates/Reel/IntermediateBuildFilesPath/ReelCore.build/Release-iphoneos/ReelCore.build/Objects-normal/arm64/ReelCore_const_extract_protocols.json -Xcc -I/Users/runner/work/reel/reel/Packages/AMSMB2/Dependencies/libsmb2/include -Xcc -I/Users/runner/Library/Developer/Xcode/DerivedData/Reel-eksnidxqjeiwfnbzsppehnrbqtac/Build/Intermediates.noindex/ArchiveIntermediates/Reel/BuildProductsPath/Release-iphoneos/include -Xcc -I/Users/runner/Library/Developer/Xcode/DerivedData/Reel-eksnidxqjeiwfnbzsppehnrbqtac/Build/Intermediates.noindex/ArchiveIntermediates/Reel/IntermediateBuildFilesPath/ReelCore.build/Release-iphoneos/ReelCore.build/DerivedSources-normal/arm64 -Xcc -I/Users/runner/Library/Developer/Xcode/DerivedData/Reel-eksnidxqjeiwfnbzsppehnrbqtac/Build/Intermediates.noindex/ArchiveIntermediates/Reel/IntermediateBuildFilesPath/ReelCore.build/Release-iphoneos/ReelCore.build/DerivedSources/arm64 -Xcc -I/Users/runner/Library/Developer/Xcode/DerivedData/Reel-eksnidxqjeiwfnbzsppehnrbqtac/Build/Intermediates.noindex/ArchiveIntermediates/Reel/IntermediateBuildFilesPath/ReelCore.build/Release-iphoneos/ReelCore.build/DerivedSources -Xcc -DSWIFT_PACKAGE -emit-objc-header -emit-objc-header-path /Users/runner/Library/Developer/Xcode/DerivedData/Reel-eksnidxqjeiwfnbzsppehnrbqtac/Build/Intermediates.noindex/ArchiveIntermediates/Reel/IntermediateBuildFilesPath/ReelCore.build/Release-iphoneos/ReelCore.build/Objects-normal/arm64/ReelCore-Swift.h -working-directory /Users/runner/work/reel/reel/Reel.xcodeproj -no-emit-module-separately-wmo

SwiftMergeGeneratedHeaders /Users/runner/Library/Developer/Xcode/DerivedData/Reel-eksnidxqjeiwfnbzsppehnrbqtac/Build/Intermediates.noindex/ArchiveIntermediates/Reel/IntermediateBuildFilesPath/GeneratedModuleMaps-iphoneos/ReelCore-Swift.h /Users/runner/Library/Developer/Xcode/DerivedData/Reel-eksnidxqjeiwfnbzsppehnrbqtac/Build/Intermediates.noindex/ArchiveIntermediates/Reel/IntermediateBuildFilesPath/ReelCore.build/Release-iphoneos/ReelCore.build/Objects-normal/arm64/ReelCore-Swift.h (in target 'ReelCore' from project 'ReelCore')
    cd /Users/runner/work/reel/reel/Packages/ReelCore
    builtin-swiftHeaderTool -arch arm64 /Users/runner/Library/Developer/Xcode/DerivedData/Reel-eksnidxqjeiwfnbzsppehnrbqtac/Build/Intermediates.noindex/ArchiveIntermediates/Reel/IntermediateBuildFilesPath/ReelCore.build/Release-iphoneos/ReelCore.build/Objects-normal/arm64/ReelCore-Swift.h -o /Users/runner/Library/Developer/Xcode/DerivedData/Reel-eksnidxqjeiwfnbzsppehnrbqtac/Build/Intermediates.noindex/ArchiveIntermediates/Reel/IntermediateBuildFilesPath/GeneratedModuleMaps-iphoneos/ReelCore-Swift.h

Copy /Users/runner/Library/Developer/Xcode/DerivedData/Reel-eksnidxqjeiwfnbzsppehnrbqtac/Build/Intermediates.noindex/ArchiveIntermediates/Reel/BuildProductsPath/Release-iphoneos/ReelCore.swiftmodule/arm64-apple-ios.swiftmodule /Users/runner/Library/Developer/Xcode/DerivedData/Reel-eksnidxqjeiwfnbzsppehnrbqtac/Build/Intermediates.noindex/ArchiveIntermediates/Reel/IntermediateBuildFilesPath/ReelCore.build/Release-iphoneos/ReelCore.build/Objects-normal/arm64/ReelCore.swiftmodule (in target 'ReelCore' from project 'ReelCore')
    cd /Users/runner/work/reel/reel/Packages/ReelCore
    builtin-copy -exclude .DS_Store -exclude CVS -exclude .svn -exclude .git -exclude .hg -strip-unsigned-binaries -strip-deterministic -strip-tool /Applications/Xcode_26.6.app/Contents/Developer/Toolchains/XcodeDefault.xctoolchain/usr/bin/strip -resolve-src-symlinks -rename /Users/runner/Library/Developer/Xcode/DerivedData/Reel-eksnidxqjeiwfnbzsppehnrbqtac/Build/Intermediates.noindex/ArchiveIntermediates/Reel/IntermediateBuildFilesPath/ReelCore.build/Release-iphoneos/ReelCore.build/Objects-normal/arm64/ReelCore.swiftmodule /Users/runner/Library/Developer/Xcode/DerivedData/Reel-eksnidxqjeiwfnbzsppehnrbqtac/Build/Intermediates.noindex/ArchiveIntermediates/Reel/BuildProductsPath/Release-iphoneos/ReelCore.swiftmodule/arm64-apple-ios.swiftmodule

Copy /Users/runner/Library/Developer/Xcode/DerivedData/Reel-eksnidxqjeiwfnbzsppehnrbqtac/Build/Intermediates.noindex/ArchiveIntermediates/Reel/BuildProductsPath/Release-iphoneos/ReelCore.swiftmodule/arm64-apple-ios.swiftdoc /Users/runner/Library/Developer/Xcode/DerivedData/Reel-eksnidxqjeiwfnbzsppehnrbqtac/Build/Intermediates.noindex/ArchiveIntermediates/Reel/IntermediateBuildFilesPath/ReelCore.build/Release-iphoneos/ReelCore.build/Objects-normal/arm64/ReelCore.swiftdoc (in target 'ReelCore' from project 'ReelCore')
    cd /Users/runner/work/reel/reel/Packages/ReelCore
    builtin-copy -exclude .DS_Store -exclude CVS -exclude .svn -exclude .git -exclude .hg -strip-unsigned-binaries -strip-deterministic -strip-tool /Applications/Xcode_26.6.app/Contents/Developer/Toolchains/XcodeDefault.xctoolchain/usr/bin/strip -resolve-src-symlinks -rename /Users/runner/Library/Developer/Xcode/DerivedData/Reel-eksnidxqjeiwfnbzsppehnrbqtac/Build/Intermediates.noindex/ArchiveIntermediates/Reel/IntermediateBuildFilesPath/ReelCore.build/Release-iphoneos/ReelCore.build/Objects-normal/arm64/ReelCore.swiftdoc /Users/runner/Library/Developer/Xcode/DerivedData/Reel-eksnidxqjeiwfnbzsppehnrbqtac/Build/Intermediates.noindex/ArchiveIntermediates/Reel/BuildProductsPath/Release-iphoneos/ReelCore.swiftmodule/arm64-apple-ios.swiftdoc

Copy /Users/runner/Library/Developer/Xcode/DerivedData/Reel-eksnidxqjeiwfnbzsppehnrbqtac/Build/Intermediates.noindex/ArchiveIntermediates/Reel/BuildProductsPath/Release-iphoneos/ReelCore.swiftmodule/arm64-apple-ios.abi.json /Users/runner/Library/Developer/Xcode/DerivedData/Reel-eksnidxqjeiwfnbzsppehnrbqtac/Build/Intermediates.noindex/ArchiveIntermediates/Reel/IntermediateBuildFilesPath/ReelCore.build/Release-iphoneos/ReelCore.build/Objects-normal/arm64/ReelCore.abi.json (in target 'ReelCore' from project 'ReelCore')
    cd /Users/runner/work/reel/reel/Packages/ReelCore
    builtin-copy -exclude .DS_Store -exclude CVS -exclude .svn -exclude .git -exclude .hg -strip-unsigned-binaries -strip-deterministic -strip-tool /Applications/Xcode_26.6.app/Contents/Developer/Toolchains/XcodeDefault.xctoolchain/usr/bin/strip -resolve-src-symlinks -rename /Users/runner/Library/Developer/Xcode/DerivedData/Reel-eksnidxqjeiwfnbzsppehnrbqtac/Build/Intermediates.noindex/ArchiveIntermediates/Reel/IntermediateBuildFilesPath/ReelCore.build/Release-iphoneos/ReelCore.build/Objects-normal/arm64/ReelCore.abi.json /Users/runner/Library/Developer/Xcode/DerivedData/Reel-eksnidxqjeiwfnbzsppehnrbqtac/Build/Intermediates.noindex/ArchiveIntermediates/Reel/BuildProductsPath/Release-iphoneos/ReelCore.swiftmodule/arm64-apple-ios.abi.json

Ld /Users/runner/Library/Developer/Xcode/DerivedData/Reel-eksnidxqjeiwfnbzsppehnrbqtac/Build/Intermediates.noindex/ArchiveIntermediates/Reel/IntermediateBuildFilesPath/UninstalledProducts/iphoneos/ReelCore.o normal (in target 'ReelCore' from project 'ReelCore')
    cd /Users/runner/work/reel/reel/Packages/ReelCore
    /Applications/Xcode_26.6.app/Contents/Developer/Toolchains/XcodeDefault.xctoolchain/usr/bin/clang -Xlinker -reproducible -target arm64-apple-ios17.0 -r -isysroot /Applications/Xcode_26.6.app/Contents/Developer/Platforms/iPhoneOS.platform/Developer/SDKs/iPhoneOS26.5.sdk -Os -F/Users/runner/Library/Developer/Xcode/DerivedData/Reel-eksnidxqjeiwfnbzsppehnrbqtac/Build/Intermediates.noindex/ArchiveIntermediates/Reel/IntermediateBuildFilesPath/EagerLinkingTBDs/Release-iphoneos -F/Users/runner/Library/Developer/Xcode/DerivedData/Reel-eksnidxqjeiwfnbzsppehnrbqtac/Build/Intermediates.noindex/ArchiveIntermediates/Reel/BuildProductsPath/Release-iphoneos/PackageFrameworks -F/Users/runner/Library/Developer/Xcode/DerivedData/Reel-eksnidxqjeiwfnbzsppehnrbqtac/Build/Intermediates.noindex/ArchiveIntermediates/Reel/BuildProductsPath/Release-iphoneos/PackageFrameworks -F/Users/runner/Library/Developer/Xcode/DerivedData/Reel-eksnidxqjeiwfnbzsppehnrbqtac/Build/Intermediates.noindex/ArchiveIntermediates/Reel/BuildProductsPath/Release-iphoneos -iframework /Applications/Xcode_26.6.app/Contents/Developer/Platforms/iPhoneOS.platform/Developer/Library/Frameworks -iframework /Applications/Xcode_26.6.app/Contents/Developer/Platforms/iPhoneOS.platform/Developer/SDKs/iPhoneOS26.5.sdk/Developer/Library/Frameworks -filelist /Users/runner/Library/Developer/Xcode/DerivedData/Reel-eksnidxqjeiwfnbzsppehnrbqtac/Build/Intermediates.noindex/ArchiveIntermediates/Reel/IntermediateBuildFilesPath/ReelCore.build/Release-iphoneos/ReelCore.build/Objects-normal/arm64/ReelCore.LinkFileList -nostdlib -Xlinker -object_path_lto -Xlinker /Users/runner/Library/Developer/Xcode/DerivedData/Reel-eksnidxqjeiwfnbzsppehnrbqtac/Build/Intermediates.noindex/ArchiveIntermediates/Reel/IntermediateBuildFilesPath/ReelCore.build/Release-iphoneos/ReelCore.build/Objects-normal/arm64/ReelCore_lto.o -Xlinker -dependency_info -Xlinker /Users/runner/Library/Developer/Xcode/DerivedData/Reel-eksnidxqjeiwfnbzsppehnrbqtac/Build/Intermediates.noindex/ArchiveIntermediates/Reel/IntermediateBuildFilesPath/ReelCore.build/Release-iphoneos/ReelCore.build/Objects-normal/arm64/ReelCore_dependency_info.dat -fobjc-link-runtime -L/Applications/Xcode_26.6.app/Contents/Developer/Toolchains/XcodeDefault.xctoolchain/usr/lib/swift/iphoneos -L/usr/lib/swift -Xlinker -add_ast_path -Xlinker /Users/runner/Library/Developer/Xcode/DerivedData/Reel-eksnidxqjeiwfnbzsppehnrbqtac/Build/Intermediates.noindex/ArchiveIntermediates/Reel/IntermediateBuildFilesPath/ReelCore.build/Release-iphoneos/ReelCore.build/Objects-normal/arm64/ReelCore.swiftmodule @/Users/runner/Library/Developer/Xcode/DerivedData/Reel-eksnidxqjeiwfnbzsppehnrbqtac/Build/Intermediates.noindex/ArchiveIntermediates/Reel/IntermediateBuildFilesPath/ReelCore.build/Release-iphoneos/ReelCore.build/Objects-normal/arm64/ReelCore-linker-args.resp -o /Users/runner/Library/Developer/Xcode/DerivedData/Reel-eksnidxqjeiwfnbzsppehnrbqtac/Build/Intermediates.noindex/ArchiveIntermediates/Reel/IntermediateBuildFilesPath/UninstalledProducts/iphoneos/ReelCore.o

MkDir /Users/runner/Library/Developer/Xcode/DerivedData/Reel-eksnidxqjeiwfnbzsppehnrbqtac/Build/Intermediates.noindex/ArchiveIntermediates/Reel/IntermediateBuildFilesPath/Reel.build/Release-iphoneos/Reel.build/assetcatalog_output/unthinned (in target 'Reel' from project 'Reel')
    cd /Users/runner/work/reel/reel
    /bin/mkdir -p /Users/runner/Library/Developer/Xcode/DerivedData/Reel-eksnidxqjeiwfnbzsppehnrbqtac/Build/Intermediates.noindex/ArchiveIntermediates/Reel/IntermediateBuildFilesPath/Reel.build/Release-iphoneos/Reel.build/assetcatalog_output/unthinned

MkDir /Users/runner/Library/Developer/Xcode/DerivedData/Reel-eksnidxqjeiwfnbzsppehnrbqtac/Build/Intermediates.noindex/ArchiveIntermediates/Reel/IntermediateBuildFilesPath/Reel.build/Release-iphoneos/Reel.build/assetcatalog_output/thinned (in target 'Reel' from project 'Reel')
    cd /Users/runner/work/reel/reel
    /bin/mkdir -p /Users/runner/Library/Developer/Xcode/DerivedData/Reel-eksnidxqjeiwfnbzsppehnrbqtac/Build/Intermediates.noindex/ArchiveIntermediates/Reel/IntermediateBuildFilesPath/Reel.build/Release-iphoneos/Reel.build/assetcatalog_output/thinned

GenerateAssetSymbols /Users/runner/work/reel/reel/Reel/Assets.xcassets (in target 'Reel' from project 'Reel')
    cd /Users/runner/work/reel/reel
    /Applications/Xcode_26.6.app/Contents/Developer/usr/bin/actool /Users/runner/work/reel/reel/Reel/Assets.xcassets --compile /Users/runner/Library/Developer/Xcode/DerivedData/Reel-eksnidxqjeiwfnbzsppehnrbqtac/Build/Intermediates.noindex/ArchiveIntermediates/Reel/InstallationBuildProductsLocation/Applications/Reel.app --output-format human-readable-text --notices --warnings --export-dependency-info /Users/runner/Library/Developer/Xcode/DerivedData/Reel-eksnidxqjeiwfnbzsppehnrbqtac/Build/Intermediates.noindex/ArchiveIntermediates/Reel/IntermediateBuildFilesPath/Reel.build/Release-iphoneos/Reel.build/assetcatalog_dependencies --output-partial-info-plist /Users/runner/Library/Developer/Xcode/DerivedData/Reel-eksnidxqjeiwfnbzsppehnrbqtac/Build/Intermediates.noindex/ArchiveIntermediates/Reel/IntermediateBuildFilesPath/Reel.build/Release-iphoneos/Reel.build/assetcatalog_generated_info.plist --app-icon AppIcon --compress-pngs --enable-on-demand-resources YES --development-region en --target-device iphone --target-device ipad --minimum-deployment-target 17.0 --platform iphoneos --bundle-identifier me.eamonmurphy.reel --generate-swift-asset-symbol-extensions NO --generate-swift-asset-symbols /Users/runner/Library/Developer/Xcode/DerivedData/Reel-eksnidxqjeiwfnbzsppehnrbqtac/Build/Intermediates.noindex/ArchiveIntermediates/Reel/IntermediateBuildFilesPath/Reel.build/Release-iphoneos/Reel.build/DerivedSources/GeneratedAssetSymbols.swift --generate-objc-asset-symbols /Users/runner/Library/Developer/Xcode/DerivedData/Reel-eksnidxqjeiwfnbzsppehnrbqtac/Build/Intermediates.noindex/ArchiveIntermediates/Reel/IntermediateBuildFilesPath/Reel.build/Release-iphoneos/Reel.build/DerivedSources/GeneratedAssetSymbols.h --generate-asset-symbol-index /Users/runner/Library/Developer/Xcode/DerivedData/Reel-eksnidxqjeiwfnbzsppehnrbqtac/Build/Intermediates.noindex/ArchiveIntermediates/Reel/IntermediateBuildFilesPath/Reel.build/Release-iphoneos/Reel.build/DerivedSources/GeneratedAssetSymbols-Index.plist
/* com.apple.actool.compilation-results */
/Users/runner/Library/Developer/Xcode/DerivedData/Reel-eksnidxqjeiwfnbzsppehnrbqtac/Build/Intermediates.noindex/ArchiveIntermediates/Reel/IntermediateBuildFilesPath/Reel.build/Release-iphoneos/Reel.build/DerivedSources/GeneratedAssetSymbols-Index.plist
/Users/runner/Library/Developer/Xcode/DerivedData/Reel-eksnidxqjeiwfnbzsppehnrbqtac/Build/Intermediates.noindex/ArchiveIntermediates/Reel/IntermediateBuildFilesPath/Reel.build/Release-iphoneos/Reel.build/DerivedSources/GeneratedAssetSymbols.h
/Users/runner/Library/Developer/Xcode/DerivedData/Reel-eksnidxqjeiwfnbzsppehnrbqtac/Build/Intermediates.noindex/ArchiveIntermediates/Reel/IntermediateBuildFilesPath/Reel.build/Release-iphoneos/Reel.build/DerivedSources/GeneratedAssetSymbols.swift


CompileAssetCatalogVariant thinned /Users/runner/Library/Developer/Xcode/DerivedData/Reel-eksnidxqjeiwfnbzsppehnrbqtac/Build/Intermediates.noindex/ArchiveIntermediates/Reel/InstallationBuildProductsLocation/Applications/Reel.app /Users/runner/work/reel/reel/Reel/Assets.xcassets (in target 'Reel' from project 'Reel')
    cd /Users/runner/work/reel/reel
    /Applications/Xcode_26.6.app/Contents/Developer/usr/bin/actool /Users/runner/work/reel/reel/Reel/Assets.xcassets --compile /Users/runner/Library/Developer/Xcode/DerivedData/Reel-eksnidxqjeiwfnbzsppehnrbqtac/Build/Intermediates.noindex/ArchiveIntermediates/Reel/IntermediateBuildFilesPath/Reel.build/Release-iphoneos/Reel.build/assetcatalog_output/thinned --output-format human-readable-text --notices --warnings --export-dependency-info /Users/runner/Library/Developer/Xcode/DerivedData/Reel-eksnidxqjeiwfnbzsppehnrbqtac/Build/Intermediates.noindex/ArchiveIntermediates/Reel/IntermediateBuildFilesPath/Reel.build/Release-iphoneos/Reel.build/assetcatalog_dependencies_thinned --output-partial-info-plist /Users/runner/Library/Developer/Xcode/DerivedData/Reel-eksnidxqjeiwfnbzsppehnrbqtac/Build/Intermediates.noindex/ArchiveIntermediates/Reel/IntermediateBuildFilesPath/Reel.build/Release-iphoneos/Reel.build/assetcatalog_generated_info.plist_thinned --app-icon AppIcon --compress-pngs --enable-on-demand-resources YES --development-region en --target-device iphone --target-device ipad --minimum-deployment-target 17.0 --platform iphoneos
/* com.apple.actool.compilation-results */
/Users/runner/Library/Developer/Xcode/DerivedData/Reel-eksnidxqjeiwfnbzsppehnrbqtac/Build/Intermediates.noindex/ArchiveIntermediates/Reel/IntermediateBuildFilesPath/Reel.build/Release-iphoneos/Reel.build/assetcatalog_generated_info.plist_thinned
/Users/runner/Library/Developer/Xcode/DerivedData/Reel-eksnidxqjeiwfnbzsppehnrbqtac/Build/Intermediates.noindex/ArchiveIntermediates/Reel/IntermediateBuildFilesPath/Reel.build/Release-iphoneos/Reel.build/assetcatalog_output/thinned/AppIcon60x60@2x.png
/Users/runner/Library/Developer/Xcode/DerivedData/Reel-eksnidxqjeiwfnbzsppehnrbqtac/Build/Intermediates.noindex/ArchiveIntermediates/Reel/IntermediateBuildFilesPath/Reel.build/Release-iphoneos/Reel.build/assetcatalog_output/thinned/AppIcon76x76@2x~ipad.png
/Users/runner/Library/Developer/Xcode/DerivedData/Reel-eksnidxqjeiwfnbzsppehnrbqtac/Build/Intermediates.noindex/ArchiveIntermediates/Reel/IntermediateBuildFilesPath/Reel.build/Release-iphoneos/Reel.build/assetcatalog_output/thinned/Assets.car


SwiftDriver Reel normal arm64 com.apple.xcode.tools.swift.compiler (in target 'Reel' from project 'Reel')
    cd /Users/runner/work/reel/reel
    builtin-SwiftDriver -- /Applications/Xcode_26.6.app/Contents/Developer/Toolchains/XcodeDefault.xctoolchain/usr/bin/swiftc -module-name Reel -O -whole-module-optimization @/Users/runner/Library/Developer/Xcode/DerivedData/Reel-eksnidxqjeiwfnbzsppehnrbqtac/Build/Intermediates.noindex/ArchiveIntermediates/Reel/IntermediateBuildFilesPath/Reel.build/Release-iphoneos/Reel.build/Objects-normal/arm64/Reel.SwiftFileList -enable-bare-slash-regex -enable-experimental-feature DebugDescriptionMacro -sdk /Applications/Xcode_26.6.app/Contents/Developer/Platforms/iPhoneOS.platform/Developer/SDKs/iPhoneOS26.5.sdk -target arm64-apple-ios17.0 -g -module-cache-path /Users/runner/Library/Developer/Xcode/DerivedData/ModuleCache.noindex -Xfrontend -serialize-debugging-options -swift-version 5 -I /Users/runner/Library/Developer/Xcode/DerivedData/Reel-eksnidxqjeiwfnbzsppehnrbqtac/Build/Intermediates.noindex/ArchiveIntermediates/Reel/BuildProductsPath/Release-iphoneos -F /Users/runner/Library/Developer/Xcode/DerivedData/Reel-eksnidxqjeiwfnbzsppehnrbqtac/Build/Intermediates.noindex/ArchiveIntermediates/Reel/BuildProductsPath/Release-iphoneos/PackageFrameworks -F /Users/runner/Library/Developer/Xcode/DerivedData/Reel-eksnidxqjeiwfnbzsppehnrbqtac/Build/Intermediates.noindex/ArchiveIntermediates/Reel/BuildProductsPath/Release-iphoneos/PackageFrameworks -F /Users/runner/Library/Developer/Xcode/DerivedData/Reel-eksnidxqjeiwfnbzsppehnrbqtac/Build/Intermediates.noindex/ArchiveIntermediates/Reel/BuildProductsPath/Release-iphoneos/PackageFrameworks -F /Users/runner/Library/Developer/Xcode/DerivedData/Reel-eksnidxqjeiwfnbzsppehnrbqtac/Build/Intermediates.noindex/ArchiveIntermediates/Reel/BuildProductsPath/Release-iphoneos/PackageFrameworks -F /Users/runner/Library/Developer/Xcode/DerivedData/Reel-eksnidxqjeiwfnbzsppehnrbqtac/Build/Intermediates.noindex/ArchiveIntermediates/Reel/BuildProductsPath/Release-iphoneos -c -num-threads 3 -Xcc -ivfsstatcache -Xcc /Users/runner/Library/Developer/Xcode/DerivedData/SDKStatCaches.noindex/iphoneos26.5-23F81a-688ef53f1462e2c8f657fdc38a81448fee66e23052a0157c865c76b268046726.sdkstatcache -output-file-map /Users/runner/Library/Developer/Xcode/DerivedData/Reel-eksnidxqjeiwfnbzsppehnrbqtac/Build/Intermediates.noindex/ArchiveIntermediates/Reel/IntermediateBuildFilesPath/Reel.build/Release-iphoneos/Reel.build/Objects-normal/arm64/Reel-OutputFileMap.json -use-frontend-parseable-output -save-temps -no-color-diagnostics -explicit-module-build -module-cache-path /Users/runner/Library/Developer/Xcode/DerivedData/Reel-eksnidxqjeiwfnbzsppehnrbqtac/Build/Intermediates.noindex/ArchiveIntermediates/Reel/IntermediateBuildFilesPath/SwiftExplicitPrecompiledModules -clang-scanner-module-cache-path /Users/runner/Library/Developer/Xcode/DerivedData/ModuleCache.noindex -sdk-module-cache-path /Users/runner/Library/Developer/Xcode/DerivedData/ModuleCache.noindex -serialize-diagnostics -emit-dependencies -emit-module -emit-module-path /Users/runner/Library/Developer/Xcode/DerivedData/Reel-eksnidxqjeiwfnbzsppehnrbqtac/Build/Intermediates.noindex/ArchiveIntermediates/Reel/IntermediateBuildFilesPath/Reel.build/Release-iphoneos/Reel.build/Objects-normal/arm64/Reel.swiftmodule -validate-clang-modules-once -clang-build-session-file /Users/runner/Library/Developer/Xcode/DerivedData/ModuleCache.noindex/Session.modulevalidation -Xcc -I/Users/runner/Library/Developer/Xcode/DerivedData/Reel-eksnidxqjeiwfnbzsppehnrbqtac/Build/Intermediates.noindex/ArchiveIntermediates/Reel/IntermediateBuildFilesPath/Reel.build/Release-iphoneos/Reel.build/swift-overrides.hmap -emit-const-values -Xfrontend -const-gather-protocols-file -Xfrontend /Users/runner/Library/Developer/Xcode/DerivedData/Reel-eksnidxqjeiwfnbzsppehnrbqtac/Build/Intermediates.noindex/ArchiveIntermediates/Reel/IntermediateBuildFilesPath/Reel.build/Release-iphoneos/Reel.build/Objects-normal/arm64/Reel_const_extract_protocols.json -Xcc -iquote -Xcc /Users/runner/Library/Developer/Xcode/DerivedData/Reel-eksnidxqjeiwfnbzsppehnrbqtac/Build/Intermediates.noindex/ArchiveIntermediates/Reel/IntermediateBuildFilesPath/Reel.build/Release-iphoneos/Reel.build/Reel-generated-files.hmap -Xcc -I/Users/runner/Library/Developer/Xcode/DerivedData/Reel-eksnidxqjeiwfnbzsppehnrbqtac/Build/Intermediates.noindex/ArchiveIntermediates/Reel/IntermediateBuildFilesPath/Reel.build/Release-iphoneos/Reel.build/Reel-own-target-headers.hmap -Xcc -I/Users/runner/Library/Developer/Xcode/DerivedData/Reel-eksnidxqjeiwfnbzsppehnrbqtac/Build/Intermediates.noindex/ArchiveIntermediates/Reel/IntermediateBuildFilesPath/Reel.build/Release-iphoneos/Reel.build/Reel-all-non-framework-target-headers.hmap -Xcc -ivfsoverlay -Xcc /Users/runner/Library/Developer/Xcode/DerivedData/Reel-eksnidxqjeiwfnbzsppehnrbqtac/Build/Intermediates.noindex/ArchiveIntermediates/Reel/IntermediateBuildFilesPath/Reel.build/Release-iphoneos/Reel-28db70d7f94fe7f43afdcd020dc19cb7-VFS-iphoneos/all-product-headers.yaml -Xcc -iquote -Xcc /Users/runner/Library/Developer/Xcode/DerivedData/Reel-eksnidxqjeiwfnbzsppehnrbqtac/Build/Intermediates.noindex/ArchiveIntermediates/Reel/IntermediateBuildFilesPath/Reel.build/Release-iphoneos/Reel.build/Reel-project-headers.hmap -Xcc -I/Users/runner/work/reel/reel/Packages/AMSMB2/Dependencies/libsmb2/include -Xcc -I/Users/runner/Library/Developer/Xcode/DerivedData/Reel-eksnidxqjeiwfnbzsppehnrbqtac/Build/Intermediates.noindex/ArchiveIntermediates/Reel/BuildProductsPath/Release-iphoneos/include -Xcc -I/Users/runner/Library/Developer/Xcode/DerivedData/Reel-eksnidxqjeiwfnbzsppehnrbqtac/Build/Intermediates.noindex/ArchiveIntermediates/Reel/IntermediateBuildFilesPath/Reel.build/Release-iphoneos/Reel.build/DerivedSources-normal/arm64 -Xcc -I/Users/runner/Library/Developer/Xcode/DerivedData/Reel-eksnidxqjeiwfnbzsppehnrbqtac/Build/Intermediates.noindex/ArchiveIntermediates/Reel/IntermediateBuildFilesPath/Reel.build/Release-iphoneos/Reel.build/DerivedSources/arm64 -Xcc -I/Users/runner/Library/Developer/Xcode/DerivedData/Reel-eksnidxqjeiwfnbzsppehnrbqtac/Build/Intermediates.noindex/ArchiveIntermediates/Reel/IntermediateBuildFilesPath/Reel.build/Release-iphoneos/Reel.build/DerivedSources -emit-objc-header -emit-objc-header-path /Users/runner/Library/Developer/Xcode/DerivedData/Reel-eksnidxqjeiwfnbzsppehnrbqtac/Build/Intermediates.noindex/ArchiveIntermediates/Reel/IntermediateBuildFilesPath/Reel.build/Release-iphoneos/Reel.build/Objects-normal/arm64/Reel-Swift.h -working-directory /Users/runner/work/reel/reel -no-emit-module-separately-wmo

ExtractAppIntentsMetadata (in target 'ReelCore' from project 'ReelCore')
    cd /Users/runner/work/reel/reel/Packages/ReelCore
    /Applications/Xcode_26.6.app/Contents/Developer/Toolchains/XcodeDefault.xctoolchain/usr/bin/appintentsmetadataprocessor --toolchain-dir /var/run/com.apple.security.cryptexd/mnt/com.apple.MobileAsset.MetalToolchain-v17.6.109.0.d2W7IB/Metal.xctoolchain --module-name ReelCore --sdk-root /Applications/Xcode_26.6.app/Contents/Developer/Platforms/iPhoneOS.platform/Developer/SDKs/iPhoneOS26.5.sdk --xcode-version 17F113 --platform-family iOS --deployment-target 17.0 --bundle-identifier reelcore.ReelCore --output /Users/runner/Library/Developer/Xcode/DerivedData/Reel-eksnidxqjeiwfnbzsppehnrbqtac/Build/Intermediates.noindex/ArchiveIntermediates/Reel/IntermediateBuildFilesPath/UninstalledProducts/iphoneos/ReelCore.appintents --target-triple arm64-apple-ios17.0 --binary-file /Users/runner/Library/Developer/Xcode/DerivedData/Reel-eksnidxqjeiwfnbzsppehnrbqtac/Build/Intermediates.noindex/ArchiveIntermediates/Reel/IntermediateBuildFilesPath/UninstalledProducts/iphoneos/ReelCore.o --dependency-file /Users/runner/Library/Developer/Xcode/DerivedData/Reel-eksnidxqjeiwfnbzsppehnrbqtac/Build/Intermediates.noindex/ArchiveIntermediates/Reel/IntermediateBuildFilesPath/ReelCore.build/Release-iphoneos/ReelCore.build/Objects-normal/arm64/ReelCore_dependency_info.dat --stringsdata-file /Users/runner/Library/Developer/Xcode/DerivedData/Reel-eksnidxqjeiwfnbzsppehnrbqtac/Build/Intermediates.noindex/ArchiveIntermediates/Reel/IntermediateBuildFilesPath/ReelCore.build/Release-iphoneos/ReelCore.build/Objects-normal/arm64/ExtractedAppShortcutsMetadata.stringsdata --source-file-list /Users/runner/Library/Developer/Xcode/DerivedData/Reel-eksnidxqjeiwfnbzsppehnrbqtac/Build/Intermediates.noindex/ArchiveIntermediates/Reel/IntermediateBuildFilesPath/ReelCore.build/Release-iphoneos/ReelCore.build/Objects-normal/arm64/ReelCore.SwiftFileList --metadata-file-list /Users/runner/Library/Developer/Xcode/DerivedData/Reel-eksnidxqjeiwfnbzsppehnrbqtac/Build/Intermediates.noindex/ArchiveIntermediates/Reel/IntermediateBuildFilesPath/ReelCore.build/Release-iphoneos/ReelCore.build/ReelCore.DependencyMetadataFileList --static-metadata-file-list /Users/runner/Library/Developer/Xcode/DerivedData/Reel-eksnidxqjeiwfnbzsppehnrbqtac/Build/Intermediates.noindex/ArchiveIntermediates/Reel/IntermediateBuildFilesPath/ReelCore.build/Release-iphoneos/ReelCore.build/ReelCore.DependencyStaticMetadataFileList --swift-const-vals-list /Users/runner/Library/Developer/Xcode/DerivedData/Reel-eksnidxqjeiwfnbzsppehnrbqtac/Build/Intermediates.noindex/ArchiveIntermediates/Reel/IntermediateBuildFilesPath/ReelCore.build/Release-iphoneos/ReelCore.build/Objects-normal/arm64/ReelCore.SwiftConstValuesFileList --force --compile-time-extraction --deployment-aware-processing --validate-assistant-intents --no-app-shortcuts-localization
2026-10-05 17:20:30.000 appintentsmetadataprocessor[6594:23669] Starting appintentsmetadataprocessor export
2026-10-05 17:20:30.013 appintentsmetadataprocessor[6594:23669] Extracted no relevant App Intents symbols, skipping writing output

SetOwnerAndGroup runner:staff /Users/runner/Library/Developer/Xcode/DerivedData/Reel-eksnidxqjeiwfnbzsppehnrbqtac/Build/Intermediates.noindex/ArchiveIntermediates/Reel/IntermediateBuildFilesPath/UninstalledProducts/iphoneos/ReelCore.o (in target 'ReelCore' from project 'ReelCore')
    cd /Users/runner/work/reel/reel/Packages/ReelCore
    /usr/sbin/chown -RH runner:staff /Users/runner/Library/Developer/Xcode/DerivedData/Reel-eksnidxqjeiwfnbzsppehnrbqtac/Build/Intermediates.noindex/ArchiveIntermediates/Reel/IntermediateBuildFilesPath/UninstalledProducts/iphoneos/ReelCore.o

SetMode u+w,go-w,a+rX /Users/runner/Library/Developer/Xcode/DerivedData/Reel-eksnidxqjeiwfnbzsppehnrbqtac/Build/Intermediates.noindex/ArchiveIntermediates/Reel/IntermediateBuildFilesPath/UninstalledProducts/iphoneos/ReelCore.o (in target 'ReelCore' from project 'ReelCore')
    cd /Users/runner/work/reel/reel/Packages/ReelCore
    /bin/chmod -RH u+w,go-w,a+rX /Users/runner/Library/Developer/Xcode/DerivedData/Reel-eksnidxqjeiwfnbzsppehnrbqtac/Build/Intermediates.noindex/ArchiveIntermediates/Reel/IntermediateBuildFilesPath/UninstalledProducts/iphoneos/ReelCore.o

RegisterExecutionPolicyException /Users/runner/Library/Developer/Xcode/DerivedData/Reel-eksnidxqjeiwfnbzsppehnrbqtac/Build/Intermediates.noindex/ArchiveIntermediates/Reel/IntermediateBuildFilesPath/UninstalledProducts/iphoneos/ReelCore.o (in target 'ReelCore' from project 'ReelCore')
    cd /Users/runner/work/reel/reel/Packages/ReelCore
    builtin-RegisterExecutionPolicyException /Users/runner/Library/Developer/Xcode/DerivedData/Reel-eksnidxqjeiwfnbzsppehnrbqtac/Build/Intermediates.noindex/ArchiveIntermediates/Reel/IntermediateBuildFilesPath/UninstalledProducts/iphoneos/ReelCore.o

Copy /Users/runner/Library/Developer/Xcode/DerivedData/Reel-eksnidxqjeiwfnbzsppehnrbqtac/Build/Intermediates.noindex/ArchiveIntermediates/Reel/InstallationBuildProductsLocation/Applications/Reel.app/Frameworks/MobileVLCKit.framework /Users/runner/work/reel/reel/.spm/artifacts/vlckit-spm/VLCKit-all/VLCKit-all.xcframework/ios-arm64_armv7_armv7s/MobileVLCKit.framework (in target 'Reel' from project 'Reel')
    cd /Users/runner/work/reel/reel
    builtin-copy -exclude .DS_Store -exclude CVS -exclude .svn -exclude .git -exclude .hg -exclude Headers -exclude PrivateHeaders -exclude Modules -exclude \*.tbd -bitcode-strip all -bitcode-strip-tool /Applications/Xcode_26.6.app/Contents/Developer/Toolchains/XcodeDefault.xctoolchain/usr/bin/bitcode_strip -resolve-src-symlinks -remove-static-executable /Users/runner/work/reel/reel/.spm/artifacts/vlckit-spm/VLCKit-all/VLCKit-all.xcframework/ios-arm64_armv7_armv7s/MobileVLCKit.framework /Users/runner/Library/Developer/Xcode/DerivedData/Reel-eksnidxqjeiwfnbzsppehnrbqtac/Build/Intermediates.noindex/ArchiveIntermediates/Reel/InstallationBuildProductsLocation/Applications/Reel.app/Frameworks
/Applications/Xcode_26.6.app/Contents/Developer/Toolchains/XcodeDefault.xctoolchain/usr/bin/bitcode_strip /Users/runner/work/reel/reel/.spm/artifacts/vlckit-spm/VLCKit-all/VLCKit-all.xcframework/ios-arm64_armv7_armv7s/MobileVLCKit.framework/MobileVLCKit -r -o /Users/runner/Library/Developer/Xcode/DerivedData/Reel-eksnidxqjeiwfnbzsppehnrbqtac/Build/Intermediates.noindex/ArchiveIntermediates/Reel/InstallationBuildProductsLocation/Applications/Reel.app/Frameworks/MobileVLCKit.framework/MobileVLCKit

Copy /Users/runner/Library/Developer/Xcode/DerivedData/Reel-eksnidxqjeiwfnbzsppehnrbqtac/Build/Intermediates.noindex/ArchiveIntermediates/Reel/InstallationBuildProductsLocation/Applications/Reel.app/Frameworks/AMSMB2.framework /Users/runner/Library/Developer/Xcode/DerivedData/Reel-eksnidxqjeiwfnbzsppehnrbqtac/Build/Intermediates.noindex/ArchiveIntermediates/Reel/BuildProductsPath/Release-iphoneos/AMSMB2.framework (in target 'Reel' from project 'Reel')
    cd /Users/runner/work/reel/reel
    builtin-copy -exclude .DS_Store -exclude CVS -exclude .svn -exclude .git -exclude .hg -bitcode-strip all -bitcode-strip-tool /Applications/Xcode_26.6.app/Contents/Developer/Toolchains/XcodeDefault.xctoolchain/usr/bin/bitcode_strip -resolve-src-symlinks -remove-static-executable /Users/runner/Library/Developer/Xcode/DerivedData/Reel-eksnidxqjeiwfnbzsppehnrbqtac/Build/Intermediates.noindex/ArchiveIntermediates/Reel/BuildProductsPath/Release-iphoneos/AMSMB2.framework /Users/runner/Library/Developer/Xcode/DerivedData/Reel-eksnidxqjeiwfnbzsppehnrbqtac/Build/Intermediates.noindex/ArchiveIntermediates/Reel/InstallationBuildProductsLocation/Applications/Reel.app/Frameworks
/Applications/Xcode_26.6.app/Contents/Developer/Toolchains/XcodeDefault.xctoolchain/usr/bin/bitcode_strip /Users/runner/Library/Developer/Xcode/DerivedData/Reel-eksnidxqjeiwfnbzsppehnrbqtac/Build/Intermediates.noindex/ArchiveIntermediates/Reel/IntermediateBuildFilesPath/UninstalledProducts/iphoneos/AMSMB2.framework/AMSMB2 -r -o /Users/runner/Library/Developer/Xcode/DerivedData/Reel-eksnidxqjeiwfnbzsppehnrbqtac/Build/Intermediates.noindex/ArchiveIntermediates/Reel/InstallationBuildProductsLocation/Applications/Reel.app/Frameworks/AMSMB2.framework/AMSMB2

SwiftDriver\ Compilation Reel normal arm64 com.apple.xcode.tools.swift.compiler (in target 'Reel' from project 'Reel')
    cd /Users/runner/work/reel/reel
    builtin-Swift-Compilation -- /Applications/Xcode_26.6.app/Contents/Developer/Toolchains/XcodeDefault.xctoolchain/usr/bin/swiftc -module-name Reel -O -whole-module-optimization @/Users/runner/Library/Developer/Xcode/DerivedData/Reel-eksnidxqjeiwfnbzsppehnrbqtac/Build/Intermediates.noindex/ArchiveIntermediates/Reel/IntermediateBuildFilesPath/Reel.build/Release-iphoneos/Reel.build/Objects-normal/arm64/Reel.SwiftFileList -enable-bare-slash-regex -enable-experimental-feature DebugDescriptionMacro -sdk /Applications/Xcode_26.6.app/Contents/Developer/Platforms/iPhoneOS.platform/Developer/SDKs/iPhoneOS26.5.sdk -target arm64-apple-ios17.0 -g -module-cache-path /Users/runner/Library/Developer/Xcode/DerivedData/ModuleCache.noindex -Xfrontend -serialize-debugging-options -swift-version 5 -I /Users/runner/Library/Developer/Xcode/DerivedData/Reel-eksnidxqjeiwfnbzsppehnrbqtac/Build/Intermediates.noindex/ArchiveIntermediates/Reel/BuildProductsPath/Release-iphoneos -F /Users/runner/Library/Developer/Xcode/DerivedData/Reel-eksnidxqjeiwfnbzsppehnrbqtac/Build/Intermediates.noindex/ArchiveIntermediates/Reel/BuildProductsPath/Release-iphoneos/PackageFrameworks -F /Users/runner/Library/Developer/Xcode/DerivedData/Reel-eksnidxqjeiwfnbzsppehnrbqtac/Build/Intermediates.noindex/ArchiveIntermediates/Reel/BuildProductsPath/Release-iphoneos/PackageFrameworks -F /Users/runner/Library/Developer/Xcode/DerivedData/Reel-eksnidxqjeiwfnbzsppehnrbqtac/Build/Intermediates.noindex/ArchiveIntermediates/Reel/BuildProductsPath/Release-iphoneos/PackageFrameworks -F /Users/runner/Library/Developer/Xcode/DerivedData/Reel-eksnidxqjeiwfnbzsppehnrbqtac/Build/Intermediates.noindex/ArchiveIntermediates/Reel/BuildProductsPath/Release-iphoneos/PackageFrameworks -F /Users/runner/Library/Developer/Xcode/DerivedData/Reel-eksnidxqjeiwfnbzsppehnrbqtac/Build/Intermediates.noindex/ArchiveIntermediates/Reel/BuildProductsPath/Release-iphoneos -c -num-threads 3 -Xcc -ivfsstatcache -Xcc /Users/runner/Library/Developer/Xcode/DerivedData/SDKStatCaches.noindex/iphoneos26.5-23F81a-688ef53f1462e2c8f657fdc38a81448fee66e23052a0157c865c76b268046726.sdkstatcache -output-file-map /Users/runner/Library/Developer/Xcode/DerivedData/Reel-eksnidxqjeiwfnbzsppehnrbqtac/Build/Intermediates.noindex/ArchiveIntermediates/Reel/IntermediateBuildFilesPath/Reel.build/Release-iphoneos/Reel.build/Objects-normal/arm64/Reel-OutputFileMap.json -use-frontend-parseable-output -save-temps -no-color-diagnostics -explicit-module-build -module-cache-path /Users/runner/Library/Developer/Xcode/DerivedData/Reel-eksnidxqjeiwfnbzsppehnrbqtac/Build/Intermediates.noindex/ArchiveIntermediates/Reel/IntermediateBuildFilesPath/SwiftExplicitPrecompiledModules -clang-scanner-module-cache-path /Users/runner/Library/Developer/Xcode/DerivedData/ModuleCache.noindex -sdk-module-cache-path /Users/runner/Library/Developer/Xcode/DerivedData/ModuleCache.noindex -serialize-diagnostics -emit-dependencies -emit-module -emit-module-path /Users/runner/Library/Developer/Xcode/DerivedData/Reel-eksnidxqjeiwfnbzsppehnrbqtac/Build/Intermediates.noindex/ArchiveIntermediates/Reel/IntermediateBuildFilesPath/Reel.build/Release-iphoneos/Reel.build/Objects-normal/arm64/Reel.swiftmodule -validate-clang-modules-once -clang-build-session-file /Users/runner/Library/Developer/Xcode/DerivedData/ModuleCache.noindex/Session.modulevalidation -Xcc -I/Users/runner/Library/Developer/Xcode/DerivedData/Reel-eksnidxqjeiwfnbzsppehnrbqtac/Build/Intermediates.noindex/ArchiveIntermediates/Reel/IntermediateBuildFilesPath/Reel.build/Release-iphoneos/Reel.build/swift-overrides.hmap -emit-const-values -Xfrontend -const-gather-protocols-file -Xfrontend /Users/runner/Library/Developer/Xcode/DerivedData/Reel-eksnidxqjeiwfnbzsppehnrbqtac/Build/Intermediates.noindex/ArchiveIntermediates/Reel/IntermediateBuildFilesPath/Reel.build/Release-iphoneos/Reel.build/Objects-normal/arm64/Reel_const_extract_protocols.json -Xcc -iquote -Xcc /Users/runner/Library/Developer/Xcode/DerivedData/Reel-eksnidxqjeiwfnbzsppehnrbqtac/Build/Intermediates.noindex/ArchiveIntermediates/Reel/IntermediateBuildFilesPath/Reel.build/Release-iphoneos/Reel.build/Reel-generated-files.hmap -Xcc -I/Users/runner/Library/Developer/Xcode/DerivedData/Reel-eksnidxqjeiwfnbzsppehnrbqtac/Build/Intermediates.noindex/ArchiveIntermediates/Reel/IntermediateBuildFilesPath/Reel.build/Release-iphoneos/Reel.build/Reel-own-target-headers.hmap -Xcc -I/Users/runner/Library/Developer/Xcode/DerivedData/Reel-eksnidxqjeiwfnbzsppehnrbqtac/Build/Intermediates.noindex/ArchiveIntermediates/Reel/IntermediateBuildFilesPath/Reel.build/Release-iphoneos/Reel.build/Reel-all-non-framework-target-headers.hmap -Xcc -ivfsoverlay -Xcc /Users/runner/Library/Developer/Xcode/DerivedData/Reel-eksnidxqjeiwfnbzsppehnrbqtac/Build/Intermediates.noindex/ArchiveIntermediates/Reel/IntermediateBuildFilesPath/Reel.build/Release-iphoneos/Reel-28db70d7f94fe7f43afdcd020dc19cb7-VFS-iphoneos/all-product-headers.yaml -Xcc -iquote -Xcc /Users/runner/Library/Developer/Xcode/DerivedData/Reel-eksnidxqjeiwfnbzsppehnrbqtac/Build/Intermediates.noindex/ArchiveIntermediates/Reel/IntermediateBuildFilesPath/Reel.build/Release-iphoneos/Reel.build/Reel-project-headers.hmap -Xcc -I/Users/runner/work/reel/reel/Packages/AMSMB2/Dependencies/libsmb2/include -Xcc -I/Users/runner/Library/Developer/Xcode/DerivedData/Reel-eksnidxqjeiwfnbzsppehnrbqtac/Build/Intermediates.noindex/ArchiveIntermediates/Reel/BuildProductsPath/Release-iphoneos/include -Xcc -I/Users/runner/Library/Developer/Xcode/DerivedData/Reel-eksnidxqjeiwfnbzsppehnrbqtac/Build/Intermediates.noindex/ArchiveIntermediates/Reel/IntermediateBuildFilesPath/Reel.build/Release-iphoneos/Reel.build/DerivedSources-normal/arm64 -Xcc -I/Users/runner/Library/Developer/Xcode/DerivedData/Reel-eksnidxqjeiwfnbzsppehnrbqtac/Build/Intermediates.noindex/ArchiveIntermediates/Reel/IntermediateBuildFilesPath/Reel.build/Release-iphoneos/Reel.build/DerivedSources/arm64 -Xcc -I/Users/runner/Library/Developer/Xcode/DerivedData/Reel-eksnidxqjeiwfnbzsppehnrbqtac/Build/Intermediates.noindex/ArchiveIntermediates/Reel/IntermediateBuildFilesPath/Reel.build/Release-iphoneos/Reel.build/DerivedSources -emit-objc-header -emit-objc-header-path /Users/runner/Library/Developer/Xcode/DerivedData/Reel-eksnidxqjeiwfnbzsppehnrbqtac/Build/Intermediates.noindex/ArchiveIntermediates/Reel/IntermediateBuildFilesPath/Reel.build/Release-iphoneos/Reel.build/Objects-normal/arm64/Reel-Swift.h -working-directory /Users/runner/work/reel/reel -no-emit-module-separately-wmo

SwiftExplicitDependencyGeneratePcm arm64 /Users/runner/Library/Developer/Xcode/DerivedData/ModuleCache.noindex/ptrauth-DABL4NITE6FI9XGP0U5ICP5U7.pcm

SwiftExplicitDependencyGeneratePcm arm64 /Users/runner/Library/Developer/Xcode/DerivedData/ModuleCache.noindex/SwiftShims-72SLMYIIT0DF0R4G8CULVMIGB.pcm

SwiftExplicitDependencyGeneratePcm arm64 /Users/runner/Library/Developer/Xcode/DerivedData/ModuleCache.noindex/_Builtin_stdarg-AWNHK52NN9LOBSP9B3ES6N4JP.pcm

SwiftExplicitDependencyGeneratePcm arm64 /Users/runner/Library/Developer/Xcode/DerivedData/ModuleCache.noindex/_Builtin_stdbool-F2JDNPQEX6SQ9OSYLY30YZQUK.pcm

SwiftExplicitDependencyGeneratePcm arm64 /Users/runner/Library/Developer/Xcode/DerivedData/ModuleCache.noindex/ptrcheck-F4E3AJ5OSHOZ9IBB2GP04PWWI.pcm

SwiftExplicitDependencyGeneratePcm arm64 /Users/runner/Library/Developer/Xcode/DerivedData/ModuleCache.noindex/_AvailabilityInternal-D134KYCM5B7H7LEX0UZ8E87OC.pcm

SwiftExplicitDependencyGeneratePcm arm64 /Users/runner/Library/Developer/Xcode/DerivedData/ModuleCache.noindex/_Builtin_float-2YO6PSBAHJ04WO49MXMPSPE2E.pcm

SwiftExplicitDependencyGeneratePcm arm64 /Users/runner/Library/Developer/Xcode/DerivedData/ModuleCache.noindex/DeveloperToolsSupport-EMHRDK0O1ZXXZII2U7HYGBAAB.pcm

SwiftExplicitDependencyGeneratePcm arm64 /Users/runner/Library/Developer/Xcode/DerivedData/ModuleCache.noindex/_DarwinFoundation1-AVQP07R3FLQDOZLLLTSBQE6KZ.pcm

SwiftExplicitDependencyGeneratePcm arm64 /Users/runner/Library/Developer/Xcode/DerivedData/ModuleCache.noindex/_Builtin_stddef-DM9FIK1TI14UIQLTPTSDRJRH8.pcm

SwiftExplicitDependencyGeneratePcm arm64 /Users/runner/Library/Developer/Xcode/DerivedData/ModuleCache.noindex/_SwiftConcurrencyShims-11WQO0U6NUPEG5KX0XIBPK7HV.pcm

SwiftExplicitDependencyGeneratePcm arm64 /Users/runner/Library/Developer/Xcode/DerivedData/ModuleCache.noindex/_Builtin_limits-5XLAGNJNMUIA35MLR9224J96G.pcm

SwiftExplicitDependencyGeneratePcm arm64 /Users/runner/Library/Developer/Xcode/DerivedData/ModuleCache.noindex/_DarwinFoundation2-CHABC5SS8N2OTC0RLF1PF00IL.pcm

SwiftExplicitDependencyGeneratePcm arm64 /Users/runner/Library/Developer/Xcode/DerivedData/ModuleCache.noindex/_Builtin_stdint-1IVO0O4NH45TV1AYF52FCLU39.pcm

SwiftExplicitDependencyGeneratePcm arm64 /Users/runner/Library/Developer/Xcode/DerivedData/ModuleCache.noindex/sys_types-6VUOHF7N0NSAAA8P9FPHKE8W6.pcm

SwiftExplicitDependencyGeneratePcm arm64 /Users/runner/Library/Developer/Xcode/DerivedData/ModuleCache.noindex/_Builtin_tgmath-54R3DMFU6DS0GI3Z1X2FGPB20.pcm

SwiftExplicitDependencyGeneratePcm arm64 /Users/runner/Library/Developer/Xcode/DerivedData/ModuleCache.noindex/_Builtin_intrinsics-99O65VBQ24FR6L5LL9JW9AR1W.pcm

SwiftExplicitDependencyGeneratePcm arm64 /Users/runner/Library/Developer/Xcode/DerivedData/ModuleCache.noindex/_Builtin_stdatomic-9060L4NKPD5ER5I6FJ57E8WVA.pcm

SwiftExplicitDependencyGeneratePcm arm64 /Users/runner/Library/Developer/Xcode/DerivedData/Reel-eksnidxqjeiwfnbzsppehnrbqtac/Build/Intermediates.noindex/ArchiveIntermediates/Reel/IntermediateBuildFilesPath/SwiftExplicitPrecompiledModules/SMB2-ZCO1ED9E46PHSZKPFXLSCM9J.pcm

SwiftExplicitDependencyGeneratePcm arm64 /Users/runner/Library/Developer/Xcode/DerivedData/ModuleCache.noindex/_DarwinFoundation3-DT13DYQO20ZPMHDX5CDK95E4D.pcm

SwiftExplicitDependencyGeneratePcm arm64 /Users/runner/Library/Developer/Xcode/DerivedData/ModuleCache.noindex/simd-CLUOIJ1OU38JUV8Q94GRO1JFW.pcm

SwiftExplicitDependencyGeneratePcm arm64 /Users/runner/Library/Developer/Xcode/DerivedData/ModuleCache.noindex/_Builtin_inttypes-AMA2B4Y7QBKPABLXFSRFWCL9N.pcm

SwiftExplicitDependencyGeneratePcm arm64 /Users/runner/Library/Developer/Xcode/DerivedData/ModuleCache.noindex/Darwin-D9UWKS8G5A983R1DJ4W24YSKP.pcm

SwiftExplicitDependencyGeneratePcm arm64 /Users/runner/Library/Developer/Xcode/DerivedData/ModuleCache.noindex/MachO-B6RJ1U22Q2HMP7YR9Z0P7VQ0Z.pcm

SwiftExplicitDependencyGeneratePcm arm64 /Users/runner/Library/Developer/Xcode/DerivedData/ModuleCache.noindex/ObjectiveC-UL57PEN9KLSC4RHLEIGY3HA.pcm

SwiftExplicitDependencyGeneratePcm arm64 /Users/runner/Library/Developer/Xcode/DerivedData/ModuleCache.noindex/Spatial-66ZFZVSPF6NR4DI3VRZP5OD1H.pcm

SwiftExplicitDependencyGeneratePcm arm64 /Users/runner/Library/Developer/Xcode/DerivedData/ModuleCache.noindex/os_object-E4IBKKHD0T0YBYBJLG4YXIM1L.pcm

SwiftExplicitDependencyGeneratePcm arm64 /Users/runner/Library/Developer/Xcode/DerivedData/ModuleCache.noindex/os_workgroup-32Z9ZWHZO4UN3G5VTRHGO9J2G.pcm

SwiftExplicitDependencyGeneratePcm arm64 /Users/runner/Library/Developer/Xcode/DerivedData/ModuleCache.noindex/Dispatch-9CU9L6AJGABEPEK1MML5WOJEH.pcm

SwiftExplicitDependencyGeneratePcm arm64 /Users/runner/Library/Developer/Xcode/DerivedData/ModuleCache.noindex/CoreFoundation-AJVBJNWJLXSNXAG6CFR83HFOF.pcm

SwiftExplicitDependencyGeneratePcm arm64 /Users/runner/Library/Developer/Xcode/DerivedData/ModuleCache.noindex/XPC-4PB7SR0PM1G3Z1V4ERK8LTRR6.pcm

SwiftExplicitDependencyGeneratePcm arm64 /Users/runner/Library/Developer/Xcode/DerivedData/ModuleCache.noindex/dnssd-AB1MJ0IHS4AY4FMB9VINDZFNL.pcm

SwiftExplicitDependencyGeneratePcm arm64 /Users/runner/Library/Developer/Xcode/DerivedData/ModuleCache.noindex/os-1REBWOFRQ4PBO7QOUF0V31OPU.pcm

SwiftExplicitDependencyGeneratePcm arm64 /Users/runner/Library/Developer/Xcode/DerivedData/ModuleCache.noindex/CoreAudioTypes-5091PY7IMGYC8NT1C1RFMX3LB.pcm

SwiftExplicitDependencyGeneratePcm arm64 /Users/runner/Library/Developer/Xcode/DerivedData/ModuleCache.noindex/CoreGraphics-1G5052L8UUCYJ9W6QLENAXY9U.pcm

SwiftExplicitDependencyGeneratePcm arm64 /Users/runner/Library/Developer/Xcode/DerivedData/ModuleCache.noindex/Security-CIWSTZAS0BOTYSHUXXOWYSEX5.pcm

SwiftExplicitDependencyGeneratePcm arm64 /Users/runner/Library/Developer/Xcode/DerivedData/ModuleCache.noindex/CFNetwork-4AKTMCE1W2AF00ZV9XZ8XN8BU.pcm

SwiftExplicitDependencyGeneratePcm arm64 /Users/runner/Library/Developer/Xcode/DerivedData/ModuleCache.noindex/CoreAudio-9F3BZEY70EDS7DFFGE41U1W6R.pcm

SwiftExplicitDependencyGeneratePcm arm64 /Users/runner/Library/Developer/Xcode/DerivedData/ModuleCache.noindex/ImageIO-DO2T5X90PE8HDHJGTWQBWNA65.pcm

SwiftExplicitDependencyGeneratePcm arm64 /Users/runner/Library/Developer/Xcode/DerivedData/ModuleCache.noindex/CoreText-7G27BMK29AJO8FLDTQX72AKIO.pcm

SwiftExplicitDependencyGeneratePcm arm64 /Users/runner/Library/Developer/Xcode/DerivedData/ModuleCache.noindex/Foundation-1X62Q4Y5CFD79X7DK8WGN1XR7.pcm

SwiftExplicitDependencyGeneratePcm arm64 /Users/runner/Library/Developer/Xcode/DerivedData/ModuleCache.noindex/UniformTypeIdentifiers-5SQL832U5YS5P4OFS71ZU71ZH.pcm

SwiftExplicitDependencyGeneratePcm arm64 /Users/runner/Library/Developer/Xcode/DerivedData/ModuleCache.noindex/UIUtilities-68BP72D2ARRWVKR5ND13PTZHD.pcm

SwiftExplicitDependencyGeneratePcm arm64 /Users/runner/Library/Developer/Xcode/DerivedData/ModuleCache.noindex/Accessibility-ZCOQIL8YWBFQ0TLBXFB2N57I.pcm

SwiftExplicitDependencyGeneratePcm arm64 /Users/runner/Library/Developer/Xcode/DerivedData/ModuleCache.noindex/Network-CV64AECI38K2LZC189XU1XATE.pcm

SwiftExplicitDependencyGeneratePcm arm64 /Users/runner/Library/Developer/Xcode/DerivedData/ModuleCache.noindex/UserNotifications-9XZE59KS9YG29GOP295XNSED9.pcm

SwiftExplicitDependencyGeneratePcm arm64 /Users/runner/Library/Developer/Xcode/DerivedData/ModuleCache.noindex/FileProvider-2IGH0JAASCWFWTHH3HQB16NAT.pcm

SwiftExplicitDependencyGeneratePcm arm64 /Users/runner/Library/Developer/Xcode/DerivedData/ModuleCache.noindex/DataDetection-D4KJ1S9E4WLZ9667PTN5AXI9K.pcm

SwiftExplicitDependencyGeneratePcm arm64 /Users/runner/Library/Developer/Xcode/DerivedData/ModuleCache.noindex/LocalAuthentication-B61A4A0O9V13A05J92TMXA2JF.pcm

SwiftExplicitDependencyGeneratePcm arm64 /Users/runner/Library/Developer/Xcode/DerivedData/ModuleCache.noindex/IOSurface-5JX3VCZ80M38F2Z6PCGNGZCAT.pcm

SwiftExplicitDependencyGeneratePcm arm64 /Users/runner/Library/Developer/Xcode/DerivedData/ModuleCache.noindex/CoreTransferable-AAQIWS8UG8MGA4ZNEWBZ2W2IY.pcm

SwiftExplicitDependencyGeneratePcm arm64 /Users/runner/Library/Developer/Xcode/DerivedData/ModuleCache.noindex/CoreMIDI-AFW9RQCL2DDOC9NBGR4X2CM3L.pcm

SwiftExplicitDependencyGeneratePcm arm64 /Users/runner/Library/Developer/Xcode/DerivedData/ModuleCache.noindex/OpenGLES-457SP2TZA6UHDMTKTCX1NW350.pcm

SwiftExplicitDependencyGeneratePcm arm64 /Users/runner/Library/Developer/Xcode/DerivedData/ModuleCache.noindex/Metal-DNRDTVJ2K7CPTS3LY6NISTWHE.pcm

SwiftExplicitDependencyGeneratePcm arm64 /Users/runner/Library/Developer/Xcode/DerivedData/ModuleCache.noindex/AudioToolbox-9BX5ETP5XHFHO8GQSFBY0YW8F.pcm

SwiftExplicitDependencyGeneratePcm arm64 /Users/runner/Library/Developer/Xcode/DerivedData/ModuleCache.noindex/OSLog-DKEX056QW3YCNCO6DBH0EAM0E.pcm

SwiftExplicitDependencyGeneratePcm arm64 /Users/runner/Library/Developer/Xcode/DerivedData/ModuleCache.noindex/CoreData-3FH3JHVLSCG105NRLU6T3RF4G.pcm

SwiftExplicitDependencyGeneratePcm arm64 /Users/runner/Library/Developer/Xcode/DerivedData/ModuleCache.noindex/CoreVideo-BZMXU0P2Z8IQSJANCXSICOTKV.pcm

SwiftExplicitDependencyGeneratePcm arm64 /Users/runner/Library/Developer/Xcode/DerivedData/ModuleCache.noindex/AVRouting-8A7VPDRVCYEKXELY0B5Z02OB1.pcm

SwiftExplicitDependencyGeneratePcm arm64 /Users/runner/Library/Developer/Xcode/DerivedData/ModuleCache.noindex/Symbols-3Z96XHQKJOEPY4CGQ63YIUGXQ.pcm

SwiftExplicitDependencyGeneratePcm arm64 /Users/runner/Library/Developer/Xcode/DerivedData/ModuleCache.noindex/QuartzCore-566Q57FTIWBTHFMCCY09MABDC.pcm

SwiftExplicitDependencyGeneratePcm arm64 /Users/runner/Library/Developer/Xcode/DerivedData/ModuleCache.noindex/CoreImage-27LC9VRXJDFZFMFSKO9E5CY0O.pcm

SwiftExplicitDependencyGeneratePcm arm64 /Users/runner/Library/Developer/Xcode/DerivedData/ModuleCache.noindex/CoreMedia-2OM5WMGJE0UL49LUGXPRUYR0Y.pcm

SwiftExplicitDependencyGeneratePcm arm64 /Users/runner/Library/Developer/Xcode/DerivedData/ModuleCache.noindex/SwiftUICore-9DIEMH4Z9T64AGJB2R6KD3EOR.pcm

SwiftExplicitDependencyGeneratePcm arm64 /Users/runner/Library/Developer/Xcode/DerivedData/ModuleCache.noindex/UIKit-EXU98BO9TKBKUJMALVDROIG6.pcm

SwiftExplicitDependencyGeneratePcm arm64 /Users/runner/Library/Developer/Xcode/DerivedData/ModuleCache.noindex/AVFAudio-CSYOL09ZBXMJ2ZW59SFCL27VU.pcm

SwiftExplicitDependencyGeneratePcm arm64 /Users/runner/Library/Developer/Xcode/DerivedData/ModuleCache.noindex/MediaToolbox-CWVXBCEYDTK4E9ZA9BRY2217Z.pcm

SwiftExplicitDependencyGeneratePcm arm64 /Users/runner/Library/Developer/Xcode/DerivedData/ModuleCache.noindex/AVFoundation-5RU42VNQQ16GF3204OWCSH0KV.pcm

SwiftExplicitDependencyGeneratePcm arm64 /Users/runner/Library/Developer/Xcode/DerivedData/ModuleCache.noindex/SwiftUI-6B305YEGM6ZJ1GCRJMNGN14J6.pcm

SwiftExplicitDependencyGeneratePcm arm64 /Users/runner/Library/Developer/Xcode/DerivedData/Reel-eksnidxqjeiwfnbzsppehnrbqtac/Build/Intermediates.noindex/ArchiveIntermediates/Reel/IntermediateBuildFilesPath/SwiftExplicitPrecompiledModules/MobileVLCKit-4F10M1HZNFH3MWD4ZTBWBQPN2.pcm

SwiftExplicitDependencyGeneratePcm arm64 /Users/runner/Library/Developer/Xcode/DerivedData/ModuleCache.noindex/MediaPlayer-786863Q9LFU1SOVQ4LPHV76OZ.pcm

SwiftCompile normal arm64 Compiling\ AddedSubtitles.swift,\ AppSettings.swift,\ Artwork.swift,\ CollectionEditor.swift,\ CollectionSync.swift,\ CollectionView.swift,\ DownloadViews.swift,\ Downloads.swift,\ Components.swift,\ DetailComponents.swift,\ DetailsLoader.swift,\ FolderBrowser.swift,\ FrameGrabber.swift,\ HomeView.swift,\ LibraryDestinations.swift,\ LibrarySync.swift,\ BrowseViews.swift,\ LibraryView.swift,\ Models.swift,\ MovieDetailView.swift,\ PersonView.swift,\ PlayerController.swift,\ PlayerScreen.swift,\ ProgressSync.swift,\ ReelApp.swift,\ RootView.swift,\ ServerBrowser.swift,\ SettingsView.swift,\ ShowDetailView.swift,\ GeneratedAssetSymbols.swift /Users/runner/work/reel/reel/Reel/Player/AddedSubtitles.swift /Users/runner/work/reel/reel/Reel/Model/AppSettings.swift /Users/runner/work/reel/reel/Reel/Model/Artwork.swift /Users/runner/work/reel/reel/Reel/Views/CollectionEditor.swift /Users/runner/work/reel/reel/Reel/Model/CollectionSync.swift /Users/runner/work/reel/reel/Reel/Views/CollectionView.swift /Users/runner/work/reel/reel/Reel/Views/DownloadViews.swift /Users/runner/work/reel/reel/Reel/Model/Downloads.swift /Users/runner/work/reel/reel/Reel/Views/Components.swift /Users/runner/work/reel/reel/Reel/Views/DetailComponents.swift /Users/runner/work/reel/reel/Reel/Model/DetailsLoader.swift /Users/runner/work/reel/reel/Reel/Views/FolderBrowser.swift /Users/runner/work/reel/reel/Reel/Player/FrameGrabber.swift /Users/runner/work/reel/reel/Reel/Views/HomeView.swift /Users/runner/work/reel/reel/Reel/Views/LibraryDestinations.swift /Users/runner/work/reel/reel/Reel/Model/LibrarySync.swift /Users/runner/work/reel/reel/Reel/Views/BrowseViews.swift /Users/runner/work/reel/reel/Reel/Views/LibraryView.swift /Users/runner/work/reel/reel/Reel/Model/Models.swift /Users/runner/work/reel/reel/Reel/Views/MovieDetailView.swift /Users/runner/work/reel/reel/Reel/Views/PersonView.swift /Users/runner/work/reel/reel/Reel/Player/PlayerController.swift /Users/runner/work/reel/reel/Reel/Player/PlayerScreen.swift /Users/runner/work/reel/reel/Reel/Model/ProgressSync.swift /Users/runner/work/reel/reel/Reel/ReelApp.swift /Users/runner/work/reel/reel/Reel/Views/RootView.swift /Users/runner/work/reel/reel/Reel/Model/ServerBrowser.swift /Users/runner/work/reel/reel/Reel/Views/SettingsView.swift /Users/runner/work/reel/reel/Reel/Views/ShowDetailView.swift /Users/runner/Library/Developer/Xcode/DerivedData/Reel-eksnidxqjeiwfnbzsppehnrbqtac/Build/Intermediates.noindex/ArchiveIntermediates/Reel/IntermediateBuildFilesPath/Reel.build/Release-iphoneos/Reel.build/DerivedSources/GeneratedAssetSymbols.swift /Applications/Xcode_26.6.app/Contents/Developer/Toolchains/XcodeDefault.xctoolchain/usr/lib/swift/iphoneos/prebuilt-modules/26.5/CoreData.swiftmodule/arm64e-apple-ios.swiftmodule /Applications/Xcode_26.6.app/Contents/Developer/Toolchains/XcodeDefault.xctoolchain/usr/lib/swift/iphoneos/prebuilt-modules/26.5/UIKit.swiftmodule/arm64e-apple-ios.swiftmodule /Applications/Xcode_26.6.app/Contents/Developer/Toolchains/XcodeDefault.xctoolchain/usr/lib/swift/iphoneos/prebuilt-modules/26.5/_StringProcessing.swiftmodule/arm64e-apple-ios.swiftmodule /Applications/Xcode_26.6.app/Contents/Developer/Toolchains/XcodeDefault.xctoolchain/usr/lib/swift/iphoneos/prebuilt-modules/26.5/simd.swiftmodule/arm64e-apple-ios.swiftmodule /Applications/Xcode_26.6.app/Contents/Developer/Toolchains/XcodeDefault.xctoolchain/usr/lib/swift/iphoneos/prebuilt-modules/26.5/UniformTypeIdentifiers.swiftmodule/arm64e-apple-ios.swiftmodule /Applications/Xcode_26.6.app/Contents/Developer/Toolchains/XcodeDefault.xctoolchain/usr/lib/swift/iphoneos/prebuilt-modules/26.5/AVFoundation.swiftmodule/arm64e-apple-ios.swiftmodule /Applications/Xcode_26.6.app/Contents/Developer/Toolchains/XcodeDefault.xctoolchain/usr/lib/swift/iphoneos/prebuilt-modules/26.5/CoreGraphics.swiftmodule/arm64e-apple-ios.swiftmodule /Applications/Xcode_26.6.app/Contents/Developer/Toolchains/XcodeDefault.xctoolchain/usr/lib/swift/iphoneos/prebuilt-modules/26.5/DataDetection.swiftmodule/arm64e-apple-ios.swiftmodule /Applications/Xcode_26.6.app/Contents/Developer/Toolchains/XcodeDefault.xctoolchain/usr/lib/swift/iphoneos/prebuilt-modules/26.5/Spatial.swiftmodule/arm64e-apple-ios.swiftmodule /Applications/Xcode_26.6.app/Contents/Developer/Toolchains/XcodeDefault.xctoolchain/usr/lib/swift/iphoneos/prebuilt-modules/26.5/SwiftData.swiftmodule/arm64e-apple-ios.swiftmodule /Applications/Xcode_26.6.app/Contents/Developer/Toolchains/XcodeDefault.xctoolchain/usr/lib/swift/iphoneos/prebuilt-modules/26.5/SwiftUICore.swiftmodule/arm64e-apple-ios.swiftmodule /Applications/Xcode_26.6.app/Contents/Developer/Toolchains/XcodeDefault.xctoolchain/usr/lib/swift/iphoneos/prebuilt-modules/26.5/CoreImage.swiftmodule/arm64e-apple-ios.swiftmodule /Applications/Xcode_26.6.app/Contents/Developer/Toolchains/XcodeDefault.xctoolchain/usr/lib/swift/iphoneos/prebuilt-modules/26.5/Foundation.swiftmodule/arm64e-apple-ios.swiftmodule /Applications/Xcode_26.6.app/Contents/Developer/Toolchains/XcodeDefault.xctoolchain/usr/lib/swift/iphoneos/prebuilt-modules/26.5/_Concurrency.swiftmodule/arm64e-apple-ios.swiftmodule /Applications/Xcode_26.6.app/Contents/Developer/Toolchains/XcodeDefault.xctoolchain/usr/lib/swift/iphoneos/prebuilt-modules/26.5/Symbols.swiftmodule/arm64e-apple-ios.swiftmodule /Applications/Xcode_26.6.app/Contents/Developer/Toolchains/XcodeDefault.xctoolchain/usr/lib/swift/iphoneos/prebuilt-modules/26.5/OSLog.swiftmodule/arm64e-apple-ios.swiftmodule /Applications/Xcode_26.6.app/Contents/Developer/Toolchains/XcodeDefault.xctoolchain/usr/lib/swift/iphoneos/prebuilt-modules/26.5/_Builtin_float.swiftmodule/arm64e-apple-ios.swiftmodule /Applications/Xcode_26.6.app/Contents/Developer/Toolchains/XcodeDefault.xctoolchain/usr/lib/swift/iphoneos/prebuilt-modules/26.5/CoreTransferable.swiftmodule/arm64e-apple-ios.swiftmodule /Applications/Xcode_26.6.app/Contents/Developer/Toolchains/XcodeDefault.xctoolchain/usr/lib/swift/iphoneos/prebuilt-modules/26.5/QuartzCore.swiftmodule/arm64e-apple-ios.swiftmodule /Applications/Xcode_26.6.app/Contents/Developer/Toolchains/XcodeDefault.xctoolchain/usr/lib/swift/iphoneos/prebuilt-modules/26.5/_DarwinFoundation2.swiftmodule/arm64e-apple-ios.swiftmodule /Applications/Xcode_26.6.app/Contents/Developer/Toolchains/XcodeDefault.xctoolchain/usr/lib/swift/iphoneos/prebuilt-modules/26.5/_SwiftData_SwiftUI.swiftmodule/arm64e-apple-ios.swiftmodule /Applications/Xcode_26.6.app/Contents/Developer/Toolchains/XcodeDefault.xctoolchain/usr/lib/swift/iphoneos/prebuilt-modules/26.5/CoreAudio.swiftmodule/arm64e-apple-ios.swiftmodule /Applications/Xcode_26.6.app/Contents/Developer/Toolchains/XcodeDefault.xctoolchain/usr/lib/swift/iphoneos/prebuilt-modules/26.5/MediaPlayer.swiftmodule/arm64e-apple-ios.swiftmodule /Applications/Xcode_26.6.app/Contents/Developer/Toolchains/XcodeDefault.xctoolchain/usr/lib/swift/iphoneos/prebuilt-modules/26.5/Combine.swiftmodule/arm64e-apple-ios.swiftmodule /Applications/Xcode_26.6.app/Contents/Developer/Toolchains/XcodeDefault.xctoolchain/usr/lib/swift/iphoneos/prebuilt-modules/26.5/os.swiftmodule/arm64e-apple-ios.swiftmodule /Users/runner/Library/Developer/Xcode/DerivedData/Reel-eksnidxqjeiwfnbzsppehnrbqtac/Build/Intermediates.noindex/ArchiveIntermediates/Reel/BuildProductsPath/Release-iphoneos/VLCKitSPM.swiftmodule/arm64-apple-ios.swiftmodule /Applications/Xcode_26.6.app/Contents/Developer/Toolchains/XcodeDefault.xctoolchain/usr/lib/swift/iphoneos/prebuilt-modules/26.5/DeveloperToolsSupport.swiftmodule/arm64e-apple-ios.swiftmodule /Applications/Xcode_26.6.app/Contents/Developer/Toolchains/XcodeDefault.xctoolchain/usr/lib/swift/iphoneos/prebuilt-modules/26.5/FileProvider.swiftmodule/arm64e-apple-ios.swiftmodule /Users/runner/Library/Developer/Xcode/DerivedData/Reel-eksnidxqjeiwfnbzsppehnrbqtac/Build/Intermediates.noindex/ArchiveIntermediates/Reel/BuildProductsPath/Release-iphoneos/AMSMB2.swiftmodule/arm64-apple-ios.swiftmodule /Applications/Xcode_26.6.app/Contents/Developer/Toolchains/XcodeDefault.xctoolchain/usr/lib/swift/iphoneos/prebuilt-modules/26.5/CoreFoundation.swiftmodule/arm64e-apple-ios.swiftmodule /Applications/Xcode_26.6.app/Contents/Developer/Toolchains/XcodeDefault.xctoolchain/usr/lib/swift/iphoneos/prebuilt-modules/26.5/CoreText.swiftmodule/arm64e-apple-ios.swiftmodule /Applications/Xcode_26.6.app/Contents/Developer/Toolchains/XcodeDefault.xctoolchain/usr/lib/swift/iphoneos/prebuilt-modules/26.5/CoreMIDI.swiftmodule/arm64e-apple-ios.swiftmodule /Applications/Xcode_26.6.app/Contents/Developer/Toolchains/XcodeDefault.xctoolchain/usr/lib/swift/iphoneos/prebuilt-modules/26.5/XPC.swiftmodule/arm64e-apple-ios.swiftmodule /Users/runner/Library/Developer/Xcode/DerivedData/Reel-eksnidxqjeiwfnbzsppehnrbqtac/Build/Intermediates.noindex/ArchiveIntermediates/Reel/BuildProductsPath/Release-iphoneos/ReelCore.swiftmodule/arm64-apple-ios.swiftmodule /Applications/Xcode_26.6.app/Contents/Developer/Toolchains/XcodeDefault.xctoolchain/usr/lib/swift/iphoneos/prebuilt-modules/26.5/Synchronization.swiftmodule/arm64e-apple-ios.swiftmodule /Applications/Xcode_26.6.app/Contents/Developer/Toolchains/XcodeDefault.xctoolchain/usr/lib/swift/iphoneos/prebuilt-modules/26.5/Distributed.swiftmodule/arm64e-apple-ios.swiftmodule /Applications/Xcode_26.6.app/Contents/Developer/Toolchains/XcodeDefault.xctoolchain/usr/lib/swift/iphoneos/prebuilt-modules/26.5/_DarwinFoundation1.swiftmodule/arm64e-apple-ios.swiftmodule /Applications/Xcode_26.6.app/Contents/Developer/Toolchains/XcodeDefault.xctoolchain/usr/lib/swift/iphoneos/prebuilt-modules/26.5/Darwin.swiftmodule/arm64e-apple-ios.swiftmodule /Applications/Xcode_26.6.app/Contents/Developer/Toolchains/XcodeDefault.xctoolchain/usr/lib/swift/iphoneos/prebuilt-modules/26.5/AudioToolbox.swiftmodule/arm64e-apple-ios.swiftmodule /Applications/Xcode_26.6.app/Contents/Developer/Toolchains/XcodeDefault.xctoolchain/usr/lib/swift/iphoneos/prebuilt-modules/26.5/Metal.swiftmodule/arm64e-apple-ios.swiftmodule /Applications/Xcode_26.6.app/Contents/Developer/Toolchains/XcodeDefault.xctoolchain/usr/lib/swift/iphoneos/prebuilt-modules/26.5/Dispatch.swiftmodule/arm64e-apple-ios.swiftmodule /Applications/Xcode_26.6.app/Contents/Developer/Toolchains/XcodeDefault.xctoolchain/usr/lib/swift/iphoneos/prebuilt-modules/26.5/Observation.swiftmodule/arm64e-apple-ios.swiftmodule /Applications/Xcode_26.6.app/Contents/Developer/Toolchains/XcodeDefault.xctoolchain/usr/lib/swift/iphoneos/prebuilt-modules/26.5/LocalAuthentication.swiftmodule/arm64e-apple-ios.swiftmodule /Applications/Xcode_26.6.app/Contents/Developer/Toolchains/XcodeDefault.xctoolchain/usr/lib/swift/iphoneos/prebuilt-modules/26.5/Swift.swiftmodule/arm64e-apple-ios.swiftmodule /Applications/Xcode_26.6.app/Contents/Developer/Toolchains/XcodeDefault.xctoolchain/usr/lib/swift/iphoneos/prebuilt-modules/26.5/SwiftUI.swiftmodule/arm64e-apple-ios.swiftmodule /Applications/Xcode_26.6.app/Contents/Developer/Toolchains/XcodeDefault.xctoolchain/usr/lib/swift/iphoneos/prebuilt-modules/26.5/CryptoKit.swiftmodule/arm64e-apple-ios.swiftmodule /Applications/Xcode_26.6.app/Contents/Developer/Toolchains/XcodeDefault.xctoolchain/usr/lib/swift/iphoneos/prebuilt-modules/26.5/Network.swiftmodule/arm64e-apple-ios.swiftmodule /Applications/Xcode_26.6.app/Contents/Developer/Toolchains/XcodeDefault.xctoolchain/usr/lib/swift/iphoneos/prebuilt-modules/26.5/CoreMedia.swiftmodule/arm64e-apple-ios.swiftmodule /Applications/Xcode_26.6.app/Contents/Developer/Toolchains/XcodeDefault.xctoolchain/usr/lib/swift/iphoneos/prebuilt-modules/26.5/ObjectiveC.swiftmodule/arm64e-apple-ios.swiftmodule /Applications/Xcode_26.6.app/Contents/Developer/Toolchains/XcodeDefault.xctoolchain/usr/lib/swift/iphoneos/prebuilt-modules/26.5/AVFAudio.swiftmodule/arm64e-apple-ios.swiftmodule /Applications/Xcode_26.6.app/Contents/Developer/Toolchains/XcodeDefault.xctoolchain/usr/lib/swift/iphoneos/prebuilt-modules/26.5/Accessibility.swiftmodule/arm64e-apple-ios.swiftmodule /Applications/Xcode_26.6.app/Contents/Developer/Toolchains/XcodeDefault.xctoolchain/usr/lib/swift/iphoneos/prebuilt-modules/26.5/CoreVideo.swiftmodule/arm64e-apple-ios.swiftmodule /Applications/Xcode_26.6.app/Contents/Developer/Toolchains/XcodeDefault.xctoolchain/usr/lib/swift/iphoneos/prebuilt-modules/26.5/System.swiftmodule/arm64e-apple-ios.swiftmodule /Applications/Xcode_26.6.app/Contents/Developer/Toolchains/XcodeDefault.xctoolchain/usr/lib/swift/iphoneos/prebuilt-modules/26.5/_DarwinFoundation3.swiftmodule/arm64e-apple-ios.swiftmodule /Users/runner/Library/Developer/Xcode/DerivedData/ModuleCache.noindex/LocalAuthentication-B61A4A0O9V13A05J92TMXA2JF.pcm /Users/runner/Library/Developer/Xcode/DerivedData/ModuleCache.noindex/CoreData-3FH3JHVLSCG105NRLU6T3RF4G.pcm /Users/runner/Library/Developer/Xcode/DerivedData/ModuleCache.noindex/_Builtin_stddef-DM9FIK1TI14UIQLTPTSDRJRH8.pcm /Users/runner/Library/Developer/Xcode/DerivedData/ModuleCache.noindex/_Builtin_stdarg-AWNHK52NN9LOBSP9B3ES6N4JP.pcm /Users/runner/Library/Developer/Xcode/DerivedData/ModuleCache.noindex/CoreVideo-BZMXU0P2Z8IQSJANCXSICOTKV.pcm /Users/runner/Library/Developer/Xcode/DerivedData/ModuleCache.noindex/CoreTransferable-AAQIWS8UG8MGA4ZNEWBZ2W2IY.pcm /Users/runner/Library/Developer/Xcode/DerivedData/ModuleCache.noindex/simd-CLUOIJ1OU38JUV8Q94GRO1JFW.pcm /Users/runner/Library/Developer/Xcode/DerivedData/ModuleCache.noindex/ptrcheck-F4E3AJ5OSHOZ9IBB2GP04PWWI.pcm /Users/runner/Library/Developer/Xcode/DerivedData/ModuleCache.noindex/OSLog-DKEX056QW3YCNCO6DBH0EAM0E.pcm /Users/runner/Library/Developer/Xcode/DerivedData/ModuleCache.noindex/Metal-DNRDTVJ2K7CPTS3LY6NISTWHE.pcm /Users/runner/Library/Developer/Xcode/DerivedData/ModuleCache.noindex/CFNetwork-4AKTMCE1W2AF00ZV9XZ8XN8BU.pcm /Users/runner/Library/Developer/Xcode/DerivedData/ModuleCache.noindex/ObjectiveC-UL57PEN9KLSC4RHLEIGY3HA.pcm /Users/runner/Library/Developer/Xcode/DerivedData/ModuleCache.noindex/OpenGLES-457SP2TZA6UHDMTKTCX1NW350.pcm /Users/runner/Library/Developer/Xcode/DerivedData/ModuleCache.noindex/CoreAudioTypes-5091PY7IMGYC8NT1C1RFMX3LB.pcm /Users/runner/Library/Developer/Xcode/DerivedData/ModuleCache.noindex/MediaPlayer-786863Q9LFU1SOVQ4LPHV76OZ.pcm /Users/runner/Library/Developer/Xcode/DerivedData/ModuleCache.noindex/_Builtin_intrinsics-99O65VBQ24FR6L5LL9JW9AR1W.pcm /Users/runner/Library/Developer/Xcode/DerivedData/ModuleCache.noindex/SwiftShims-72SLMYIIT0DF0R4G8CULVMIGB.pcm /Users/runner/Library/Developer/Xcode/DerivedData/Reel-eksnidxqjeiwfnbzsppehnrbqtac/Build/Intermediates.noindex/ArchiveIntermediates/Reel/IntermediateBuildFilesPath/SwiftExplicitPrecompiledModules/MobileVLCKit-4F10M1HZNFH3MWD4ZTBWBQPN2.pcm /Users/runner/Library/Developer/Xcode/DerivedData/ModuleCache.noindex/AVFoundation-5RU42VNQQ16GF3204OWCSH0KV.pcm /Users/runner/Library/Developer/Xcode/DerivedData/ModuleCache.noindex/QuartzCore-566Q57FTIWBTHFMCCY09MABDC.pcm /Users/runner/Library/Developer/Xcode/DerivedData/ModuleCache.noindex/UIUtilities-68BP72D2ARRWVKR5ND13PTZHD.pcm /Users/runner/Library/Developer/Xcode/DerivedData/ModuleCache.noindex/DataDetection-D4KJ1S9E4WLZ9667PTN5AXI9K.pcm /Users/runner/Library/Developer/Xcode/DerivedData/ModuleCache.noindex/_Builtin_stdatomic-9060L4NKPD5ER5I6FJ57E8WVA.pcm /Users/runner/Library/Developer/Xcode/DerivedData/ModuleCache.noindex/UniformTypeIdentifiers-5SQL832U5YS5P4OFS71ZU71ZH.pcm /Users/runner/Library/Developer/Xcode/DerivedData/Reel-eksnidxqjeiwfnbzsppehnrbqtac/Build/Intermediates.noindex/ArchiveIntermediates/Reel/IntermediateBuildFilesPath/SwiftExplicitPrecompiledModules/SMB2-ZCO1ED9E46PHSZKPFXLSCM9J.pcm /Users/runner/Library/Developer/Xcode/DerivedData/ModuleCache.noindex/_Builtin_limits-5XLAGNJNMUIA35MLR9224J96G.pcm /Users/runner/Library/Developer/Xcode/DerivedData/ModuleCache.noindex/Security-CIWSTZAS0BOTYSHUXXOWYSEX5.pcm /Users/runner/Library/Developer/Xcode/DerivedData/ModuleCache.noindex/MachO-B6RJ1U22Q2HMP7YR9Z0P7VQ0Z.pcm /Users/runner/Library/Developer/Xcode/DerivedData/ModuleCache.noindex/_Builtin_float-2YO6PSBAHJ04WO49MXMPSPE2E.pcm /Users/runner/Library/Developer/Xcode/DerivedData/ModuleCache.noindex/os_object-E4IBKKHD0T0YBYBJLG4YXIM1L.pcm /Users/runner/Library/Developer/Xcode/DerivedData/ModuleCache.noindex/CoreAudio-9F3BZEY70EDS7DFFGE41U1W6R.pcm /Users/runner/Library/Developer/Xcode/DerivedData/ModuleCache.noindex/Dispatch-9CU9L6AJGABEPEK1MML5WOJEH.pcm /Users/runner/Library/Developer/Xcode/DerivedData/ModuleCache.noindex/Accessibility-ZCOQIL8YWBFQ0TLBXFB2N57I.pcm /Users/runner/Library/Developer/Xcode/DerivedData/ModuleCache.noindex/sys_types-6VUOHF7N0NSAAA8P9FPHKE8W6.pcm /Users/runner/Library/Developer/Xcode/DerivedData/ModuleCache.noindex/AudioToolbox-9BX5ETP5XHFHO8GQSFBY0YW8F.pcm /Users/runner/Library/Developer/Xcode/DerivedData/ModuleCache.noindex/UIKit-EXU98BO9TKBKUJMALVDROIG6.pcm /Users/runner/Library/Developer/Xcode/DerivedData/ModuleCache.noindex/AVRouting-8A7VPDRVCYEKXELY0B5Z02OB1.pcm /Users/runner/Library/Developer/Xcode/DerivedData/ModuleCache.noindex/AVFAudio-CSYOL09ZBXMJ2ZW59SFCL27VU.pcm /Users/runner/Library/Developer/Xcode/DerivedData/ModuleCache.noindex/CoreText-7G27BMK29AJO8FLDTQX72AKIO.pcm /Users/runner/Library/Developer/Xcode/DerivedData/ModuleCache.noindex/UserNotifications-9XZE59KS9YG29GOP295XNSED9.pcm /Users/runner/Library/Developer/Xcode/DerivedData/ModuleCache.noindex/MediaToolbox-CWVXBCEYDTK4E9ZA9BRY2217Z.pcm /Users/runner/Library/Developer/Xcode/DerivedData/ModuleCache.noindex/FileProvider-2IGH0JAASCWFWTHH3HQB16NAT.pcm /Users/runner/Library/Developer/Xcode/DerivedData/ModuleCache.noindex/Spatial-66ZFZVSPF6NR4DI3VRZP5OD1H.pcm /Users/runner/Library/Developer/Xcode/DerivedData/ModuleCache.noindex/Symbols-3Z96XHQKJOEPY4CGQ63YIUGXQ.pcm /Users/runner/Library/Developer/Xcode/DerivedData/ModuleCache.noindex/_Builtin_stdint-1IVO0O4NH45TV1AYF52FCLU39.pcm /Users/runner/Library/Developer/Xcode/DerivedData/ModuleCache.noindex/_Builtin_inttypes-AMA2B4Y7QBKPABLXFSRFWCL9N.pcm /Users/runner/Library/Developer/Xcode/DerivedData/ModuleCache.noindex/CoreFoundation-AJVBJNWJLXSNXAG6CFR83HFOF.pcm /Users/runner/Library/Developer/Xcode/DerivedData/ModuleCache.noindex/IOSurface-5JX3VCZ80M38F2Z6PCGNGZCAT.pcm /Users/runner/Library/Developer/Xcode/DerivedData/ModuleCache.noindex/CoreMIDI-AFW9RQCL2DDOC9NBGR4X2CM3L.pcm /Users/runner/Library/Developer/Xcode/DerivedData/ModuleCache.noindex/_DarwinFoundation2-CHABC5SS8N2OTC0RLF1PF00IL.pcm /Users/runner/Library/Developer/Xcode/DerivedData/ModuleCache.noindex/_SwiftConcurrencyShims-11WQO0U6NUPEG5KX0XIBPK7HV.pcm /Users/runner/Library/Developer/Xcode/DerivedData/ModuleCache.noindex/_DarwinFoundation1-AVQP07R3FLQDOZLLLTSBQE6KZ.pcm /Users/runner/Library/Developer/Xcode/DerivedData/ModuleCache.noindex/_AvailabilityInternal-D134KYCM5B7H7LEX0UZ8E87OC.pcm /Users/runner/Library/Developer/Xcode/DerivedData/ModuleCache.noindex/Foundation-1X62Q4Y5CFD79X7DK8WGN1XR7.pcm /Users/runner/Library/Developer/Xcode/DerivedData/ModuleCache.noindex/CoreGraphics-1G5052L8UUCYJ9W6QLENAXY9U.pcm /Users/runner/Library/Developer/Xcode/DerivedData/ModuleCache.noindex/os-1REBWOFRQ4PBO7QOUF0V31OPU.pcm /Users/runner/Library/Developer/Xcode/DerivedData/ModuleCache.noindex/_Builtin_tgmath-54R3DMFU6DS0GI3Z1X2FGPB20.pcm /Users/runner/Library/Developer/Xcode/DerivedData/ModuleCache.noindex/CoreMedia-2OM5WMGJE0UL49LUGXPRUYR0Y.pcm /Users/runner/Library/Developer/Xcode/DerivedData/ModuleCache.noindex/DeveloperToolsSupport-EMHRDK0O1ZXXZII2U7HYGBAAB.pcm /Users/runner/Library/Developer/Xcode/DerivedData/ModuleCache.noindex/SwiftUICore-9DIEMH4Z9T64AGJB2R6KD3EOR.pcm /Users/runner/Library/Developer/Xcode/DerivedData/ModuleCache.noindex/_DarwinFoundation3-DT13DYQO20ZPMHDX5CDK95E4D.pcm /Users/runner/Library/Developer/Xcode/DerivedData/ModuleCache.noindex/_Builtin_stdbool-F2JDNPQEX6SQ9OSYLY30YZQUK.pcm /Users/runner/Library/Developer/Xcode/DerivedData/ModuleCache.noindex/CoreImage-27LC9VRXJDFZFMFSKO9E5CY0O.pcm /Users/runner/Library/Developer/Xcode/DerivedData/ModuleCache.noindex/os_workgroup-32Z9ZWHZO4UN3G5VTRHGO9J2G.pcm /Users/runner/Library/Developer/Xcode/DerivedData/ModuleCache.noindex/Network-CV64AECI38K2LZC189XU1XATE.pcm /Users/runner/Library/Developer/Xcode/DerivedData/ModuleCache.noindex/dnssd-AB1MJ0IHS4AY4FMB9VINDZFNL.pcm /Users/runner/Library/Developer/Xcode/DerivedData/ModuleCache.noindex/SwiftUI-6B305YEGM6ZJ1GCRJMNGN14J6.pcm /Users/runner/Library/Developer/Xcode/DerivedData/ModuleCache.noindex/Darwin-D9UWKS8G5A983R1DJ4W24YSKP.pcm /Users/runner/Library/Developer/Xcode/DerivedData/ModuleCache.noindex/XPC-4PB7SR0PM1G3Z1V4ERK8LTRR6.pcm /Users/runner/Library/Developer/Xcode/DerivedData/ModuleCache.noindex/ptrauth-DABL4NITE6FI9XGP0U5ICP5U7.pcm /Users/runner/Library/Developer/Xcode/DerivedData/ModuleCache.noindex/ImageIO-DO2T5X90PE8HDHJGTWQBWNA65.pcm /Users/runner/Library/Developer/Xcode/DerivedData/Reel-eksnidxqjeiwfnbzsppehnrbqtac/Build/Intermediates.noindex/ArchiveIntermediates/Reel/IntermediateBuildFilesPath/Reel.build/Release-iphoneos/Reel.build/Objects-normal/arm64/Reel-dependencies-1.json (in target 'Reel' from project 'Reel')
CompileSwift normal arm64 (in target 'Reel' from project 'Reel')
    cd /Users/runner/work/reel/reel
    
/Users/runner/work/reel/reel/Reel/Model/ServerBrowser.swift:61:18: warning: concurrently-executed local function 'finish' must be marked as '@Sendable'; this is an error in the Swift 6 language mode
            func finish(_ address: String?) {
                 ^
            @Sendable 

LinkAssetCatalog /Users/runner/work/reel/reel/Reel/Assets.xcassets (in target 'Reel' from project 'Reel')
    cd /Users/runner/work/reel/reel
    builtin-linkAssetCatalog --thinned /Users/runner/Library/Developer/Xcode/DerivedData/Reel-eksnidxqjeiwfnbzsppehnrbqtac/Build/Intermediates.noindex/ArchiveIntermediates/Reel/IntermediateBuildFilesPath/Reel.build/Release-iphoneos/Reel.build/assetcatalog_output/thinned --thinned-dependencies /Users/runner/Library/Developer/Xcode/DerivedData/Reel-eksnidxqjeiwfnbzsppehnrbqtac/Build/Intermediates.noindex/ArchiveIntermediates/Reel/IntermediateBuildFilesPath/Reel.build/Release-iphoneos/Reel.build/assetcatalog_dependencies_thinned --thinned-info-plist-content /Users/runner/Library/Developer/Xcode/DerivedData/Reel-eksnidxqjeiwfnbzsppehnrbqtac/Build/Intermediates.noindex/ArchiveIntermediates/Reel/IntermediateBuildFilesPath/Reel.build/Release-iphoneos/Reel.build/assetcatalog_generated_info.plist_thinned --unthinned /Users/runner/Library/Developer/Xcode/DerivedData/Reel-eksnidxqjeiwfnbzsppehnrbqtac/Build/Intermediates.noindex/ArchiveIntermediates/Reel/IntermediateBuildFilesPath/Reel.build/Release-iphoneos/Reel.build/assetcatalog_output/unthinned --unthinned-dependencies /Users/runner/Library/Developer/Xcode/DerivedData/Reel-eksnidxqjeiwfnbzsppehnrbqtac/Build/Intermediates.noindex/ArchiveIntermediates/Reel/IntermediateBuildFilesPath/Reel.build/Release-iphoneos/Reel.build/assetcatalog_dependencies_unthinned --unthinned-info-plist-content /Users/runner/Library/Developer/Xcode/DerivedData/Reel-eksnidxqjeiwfnbzsppehnrbqtac/Build/Intermediates.noindex/ArchiveIntermediates/Reel/IntermediateBuildFilesPath/Reel.build/Release-iphoneos/Reel.build/assetcatalog_generated_info.plist_unthinned --output /Users/runner/Library/Developer/Xcode/DerivedData/Reel-eksnidxqjeiwfnbzsppehnrbqtac/Build/Intermediates.noindex/ArchiveIntermediates/Reel/InstallationBuildProductsLocation/Applications/Reel.app --plist-output /Users/runner/Library/Developer/Xcode/DerivedData/Reel-eksnidxqjeiwfnbzsppehnrbqtac/Build/Intermediates.noindex/ArchiveIntermediates/Reel/IntermediateBuildFilesPath/Reel.build/Release-iphoneos/Reel.build/assetcatalog_generated_info.plist
note: Emplaced /Users/runner/Library/Developer/Xcode/DerivedData/Reel-eksnidxqjeiwfnbzsppehnrbqtac/Build/Intermediates.noindex/ArchiveIntermediates/Reel/InstallationBuildProductsLocation/Applications/Reel.app/AppIcon76x76@2x~ipad.png (in target 'Reel' from project 'Reel')
note: Emplaced /Users/runner/Library/Developer/Xcode/DerivedData/Reel-eksnidxqjeiwfnbzsppehnrbqtac/Build/Intermediates.noindex/ArchiveIntermediates/Reel/InstallationBuildProductsLocation/Applications/Reel.app/Assets.car (in target 'Reel' from project 'Reel')
note: Emplaced /Users/runner/Library/Developer/Xcode/DerivedData/Reel-eksnidxqjeiwfnbzsppehnrbqtac/Build/Intermediates.noindex/ArchiveIntermediates/Reel/InstallationBuildProductsLocation/Applications/Reel.app/AppIcon60x60@2x.png (in target 'Reel' from project 'Reel')

ProcessInfoPlistFile /Users/runner/Library/Developer/Xcode/DerivedData/Reel-eksnidxqjeiwfnbzsppehnrbqtac/Build/Intermediates.noindex/ArchiveIntermediates/Reel/InstallationBuildProductsLocation/Applications/Reel.app/Info.plist /Users/runner/work/reel/reel/Reel/Info.plist (in target 'Reel' from project 'Reel')
    cd /Users/runner/work/reel/reel
    builtin-infoPlistUtility /Users/runner/work/reel/reel/Reel/Info.plist -producttype com.apple.product-type.application -genpkginfo /Users/runner/Library/Developer/Xcode/DerivedData/Reel-eksnidxqjeiwfnbzsppehnrbqtac/Build/Intermediates.noindex/ArchiveIntermediates/Reel/InstallationBuildProductsLocation/Applications/Reel.app/PkgInfo -expandbuildsettings -format binary -platform iphoneos -additionalcontentfile /Users/runner/Library/Developer/Xcode/DerivedData/Reel-eksnidxqjeiwfnbzsppehnrbqtac/Build/Intermediates.noindex/ArchiveIntermediates/Reel/IntermediateBuildFilesPath/Reel.build/Release-iphoneos/Reel.build/assetcatalog_generated_info.plist -scanforprivacyfile /Users/runner/Library/Developer/Xcode/DerivedData/Reel-eksnidxqjeiwfnbzsppehnrbqtac/Build/Intermediates.noindex/ArchiveIntermediates/Reel/InstallationBuildProductsLocation/Applications/Reel.app/Frameworks/AMSMB2.framework -scanforprivacyfile /Users/runner/Library/Developer/Xcode/DerivedData/Reel-eksnidxqjeiwfnbzsppehnrbqtac/Build/Intermediates.noindex/ArchiveIntermediates/Reel/InstallationBuildProductsLocation/Applications/Reel.app/Frameworks/MobileVLCKit.framework -requiredArchitecture arm64 -o /Users/runner/Library/Developer/Xcode/DerivedData/Reel-eksnidxqjeiwfnbzsppehnrbqtac/Build/Intermediates.noindex/ArchiveIntermediates/Reel/InstallationBuildProductsLocation/Applications/Reel.app/Info.plist

SwiftDriverJobDiscovery normal arm64 Compiling AddedSubtitles.swift, AppSettings.swift, Artwork.swift, CollectionEditor.swift, CollectionSync.swift, CollectionView.swift, DownloadViews.swift, Downloads.swift, Components.swift, DetailComponents.swift, DetailsLoader.swift, FolderBrowser.swift, FrameGrabber.swift, HomeView.swift, LibraryDestinations.swift, LibrarySync.swift, BrowseViews.swift, LibraryView.swift, Models.swift, MovieDetailView.swift, PersonView.swift, PlayerController.swift, PlayerScreen.swift, ProgressSync.swift, ReelApp.swift, RootView.swift, ServerBrowser.swift, SettingsView.swift, ShowDetailView.swift, GeneratedAssetSymbols.swift (in target 'Reel' from project 'Reel')

SwiftDriver\ Compilation\ Requirements Reel normal arm64 com.apple.xcode.tools.swift.compiler (in target 'Reel' from project 'Reel')
    cd /Users/runner/work/reel/reel
    builtin-Swift-Compilation-Requirements -- /Applications/Xcode_26.6.app/Contents/Developer/Toolchains/XcodeDefault.xctoolchain/usr/bin/swiftc -module-name Reel -O -whole-module-optimization @/Users/runner/Library/Developer/Xcode/DerivedData/Reel-eksnidxqjeiwfnbzsppehnrbqtac/Build/Intermediates.noindex/ArchiveIntermediates/Reel/IntermediateBuildFilesPath/Reel.build/Release-iphoneos/Reel.build/Objects-normal/arm64/Reel.SwiftFileList -enable-bare-slash-regex -enable-experimental-feature DebugDescriptionMacro -sdk /Applications/Xcode_26.6.app/Contents/Developer/Platforms/iPhoneOS.platform/Developer/SDKs/iPhoneOS26.5.sdk -target arm64-apple-ios17.0 -g -module-cache-path /Users/runner/Library/Developer/Xcode/DerivedData/ModuleCache.noindex -Xfrontend -serialize-debugging-options -swift-version 5 -I /Users/runner/Library/Developer/Xcode/DerivedData/Reel-eksnidxqjeiwfnbzsppehnrbqtac/Build/Intermediates.noindex/ArchiveIntermediates/Reel/BuildProductsPath/Release-iphoneos -F /Users/runner/Library/Developer/Xcode/DerivedData/Reel-eksnidxqjeiwfnbzsppehnrbqtac/Build/Intermediates.noindex/ArchiveIntermediates/Reel/BuildProductsPath/Release-iphoneos/PackageFrameworks -F /Users/runner/Library/Developer/Xcode/DerivedData/Reel-eksnidxqjeiwfnbzsppehnrbqtac/Build/Intermediates.noindex/ArchiveIntermediates/Reel/BuildProductsPath/Release-iphoneos/PackageFrameworks -F /Users/runner/Library/Developer/Xcode/DerivedData/Reel-eksnidxqjeiwfnbzsppehnrbqtac/Build/Intermediates.noindex/ArchiveIntermediates/Reel/BuildProductsPath/Release-iphoneos/PackageFrameworks -F /Users/runner/Library/Developer/Xcode/DerivedData/Reel-eksnidxqjeiwfnbzsppehnrbqtac/Build/Intermediates.noindex/ArchiveIntermediates/Reel/BuildProductsPath/Release-iphoneos/PackageFrameworks -F /Users/runner/Library/Developer/Xcode/DerivedData/Reel-eksnidxqjeiwfnbzsppehnrbqtac/Build/Intermediates.noindex/ArchiveIntermediates/Reel/BuildProductsPath/Release-iphoneos -c -num-threads 3 -Xcc -ivfsstatcache -Xcc /Users/runner/Library/Developer/Xcode/DerivedData/SDKStatCaches.noindex/iphoneos26.5-23F81a-688ef53f1462e2c8f657fdc38a81448fee66e23052a0157c865c76b268046726.sdkstatcache -output-file-map /Users/runner/Library/Developer/Xcode/DerivedData/Reel-eksnidxqjeiwfnbzsppehnrbqtac/Build/Intermediates.noindex/ArchiveIntermediates/Reel/IntermediateBuildFilesPath/Reel.build/Release-iphoneos/Reel.build/Objects-normal/arm64/Reel-OutputFileMap.json -use-frontend-parseable-output -save-temps -no-color-diagnostics -explicit-module-build -module-cache-path /Users/runner/Library/Developer/Xcode/DerivedData/Reel-eksnidxqjeiwfnbzsppehnrbqtac/Build/Intermediates.noindex/ArchiveIntermediates/Reel/IntermediateBuildFilesPath/SwiftExplicitPrecompiledModules -clang-scanner-module-cache-path /Users/runner/Library/Developer/Xcode/DerivedData/ModuleCache.noindex -sdk-module-cache-path /Users/runner/Library/Developer/Xcode/DerivedData/ModuleCache.noindex -serialize-diagnostics -emit-dependencies -emit-module -emit-module-path /Users/runner/Library/Developer/Xcode/DerivedData/Reel-eksnidxqjeiwfnbzsppehnrbqtac/Build/Intermediates.noindex/ArchiveIntermediates/Reel/IntermediateBuildFilesPath/Reel.build/Release-iphoneos/Reel.build/Objects-normal/arm64/Reel.swiftmodule -validate-clang-modules-once -clang-build-session-file /Users/runner/Library/Developer/Xcode/DerivedData/ModuleCache.noindex/Session.modulevalidation -Xcc -I/Users/runner/Library/Developer/Xcode/DerivedData/Reel-eksnidxqjeiwfnbzsppehnrbqtac/Build/Intermediates.noindex/ArchiveIntermediates/Reel/IntermediateBuildFilesPath/Reel.build/Release-iphoneos/Reel.build/swift-overrides.hmap -emit-const-values -Xfrontend -const-gather-protocols-file -Xfrontend /Users/runner/Library/Developer/Xcode/DerivedData/Reel-eksnidxqjeiwfnbzsppehnrbqtac/Build/Intermediates.noindex/ArchiveIntermediates/Reel/IntermediateBuildFilesPath/Reel.build/Release-iphoneos/Reel.build/Objects-normal/arm64/Reel_const_extract_protocols.json -Xcc -iquote -Xcc /Users/runner/Library/Developer/Xcode/DerivedData/Reel-eksnidxqjeiwfnbzsppehnrbqtac/Build/Intermediates.noindex/ArchiveIntermediates/Reel/IntermediateBuildFilesPath/Reel.build/Release-iphoneos/Reel.build/Reel-generated-files.hmap -Xcc -I/Users/runner/Library/Developer/Xcode/DerivedData/Reel-eksnidxqjeiwfnbzsppehnrbqtac/Build/Intermediates.noindex/ArchiveIntermediates/Reel/IntermediateBuildFilesPath/Reel.build/Release-iphoneos/Reel.build/Reel-own-target-headers.hmap -Xcc -I/Users/runner/Library/Developer/Xcode/DerivedData/Reel-eksnidxqjeiwfnbzsppehnrbqtac/Build/Intermediates.noindex/ArchiveIntermediates/Reel/IntermediateBuildFilesPath/Reel.build/Release-iphoneos/Reel.build/Reel-all-non-framework-target-headers.hmap -Xcc -ivfsoverlay -Xcc /Users/runner/Library/Developer/Xcode/DerivedData/Reel-eksnidxqjeiwfnbzsppehnrbqtac/Build/Intermediates.noindex/ArchiveIntermediates/Reel/IntermediateBuildFilesPath/Reel.build/Release-iphoneos/Reel-28db70d7f94fe7f43afdcd020dc19cb7-VFS-iphoneos/all-product-headers.yaml -Xcc -iquote -Xcc /Users/runner/Library/Developer/Xcode/DerivedData/Reel-eksnidxqjeiwfnbzsppehnrbqtac/Build/Intermediates.noindex/ArchiveIntermediates/Reel/IntermediateBuildFilesPath/Reel.build/Release-iphoneos/Reel.build/Reel-project-headers.hmap -Xcc -I/Users/runner/work/reel/reel/Packages/AMSMB2/Dependencies/libsmb2/include -Xcc -I/Users/runner/Library/Developer/Xcode/DerivedData/Reel-eksnidxqjeiwfnbzsppehnrbqtac/Build/Intermediates.noindex/ArchiveIntermediates/Reel/BuildProductsPath/Release-iphoneos/include -Xcc -I/Users/runner/Library/Developer/Xcode/DerivedData/Reel-eksnidxqjeiwfnbzsppehnrbqtac/Build/Intermediates.noindex/ArchiveIntermediates/Reel/IntermediateBuildFilesPath/Reel.build/Release-iphoneos/Reel.build/DerivedSources-normal/arm64 -Xcc -I/Users/runner/Library/Developer/Xcode/DerivedData/Reel-eksnidxqjeiwfnbzsppehnrbqtac/Build/Intermediates.noindex/ArchiveIntermediates/Reel/IntermediateBuildFilesPath/Reel.build/Release-iphoneos/Reel.build/DerivedSources/arm64 -Xcc -I/Users/runner/Library/Developer/Xcode/DerivedData/Reel-eksnidxqjeiwfnbzsppehnrbqtac/Build/Intermediates.noindex/ArchiveIntermediates/Reel/IntermediateBuildFilesPath/Reel.build/Release-iphoneos/Reel.build/DerivedSources -emit-objc-header -emit-objc-header-path /Users/runner/Library/Developer/Xcode/DerivedData/Reel-eksnidxqjeiwfnbzsppehnrbqtac/Build/Intermediates.noindex/ArchiveIntermediates/Reel/IntermediateBuildFilesPath/Reel.build/Release-iphoneos/Reel.build/Objects-normal/arm64/Reel-Swift.h -working-directory /Users/runner/work/reel/reel -no-emit-module-separately-wmo

SwiftMergeGeneratedHeaders /Users/runner/Library/Developer/Xcode/DerivedData/Reel-eksnidxqjeiwfnbzsppehnrbqtac/Build/Intermediates.noindex/ArchiveIntermediates/Reel/IntermediateBuildFilesPath/Reel.build/Release-iphoneos/Reel.build/DerivedSources/Reel-Swift.h /Users/runner/Library/Developer/Xcode/DerivedData/Reel-eksnidxqjeiwfnbzsppehnrbqtac/Build/Intermediates.noindex/ArchiveIntermediates/Reel/IntermediateBuildFilesPath/Reel.build/Release-iphoneos/Reel.build/Objects-normal/arm64/Reel-Swift.h (in target 'Reel' from project 'Reel')
    cd /Users/runner/work/reel/reel
    builtin-swiftHeaderTool -arch arm64 /Users/runner/Library/Developer/Xcode/DerivedData/Reel-eksnidxqjeiwfnbzsppehnrbqtac/Build/Intermediates.noindex/ArchiveIntermediates/Reel/IntermediateBuildFilesPath/Reel.build/Release-iphoneos/Reel.build/Objects-normal/arm64/Reel-Swift.h -o /Users/runner/Library/Developer/Xcode/DerivedData/Reel-eksnidxqjeiwfnbzsppehnrbqtac/Build/Intermediates.noindex/ArchiveIntermediates/Reel/IntermediateBuildFilesPath/Reel.build/Release-iphoneos/Reel.build/DerivedSources/Reel-Swift.h

Copy /Users/runner/Library/Developer/Xcode/DerivedData/Reel-eksnidxqjeiwfnbzsppehnrbqtac/Build/Intermediates.noindex/ArchiveIntermediates/Reel/BuildProductsPath/Release-iphoneos/Reel.swiftmodule/arm64-apple-ios.swiftdoc /Users/runner/Library/Developer/Xcode/DerivedData/Reel-eksnidxqjeiwfnbzsppehnrbqtac/Build/Intermediates.noindex/ArchiveIntermediates/Reel/IntermediateBuildFilesPath/Reel.build/Release-iphoneos/Reel.build/Objects-normal/arm64/Reel.swiftdoc (in target 'Reel' from project 'Reel')
    cd /Users/runner/work/reel/reel
    builtin-copy -exclude .DS_Store -exclude CVS -exclude .svn -exclude .git -exclude .hg -resolve-src-symlinks -rename /Users/runner/Library/Developer/Xcode/DerivedData/Reel-eksnidxqjeiwfnbzsppehnrbqtac/Build/Intermediates.noindex/ArchiveIntermediates/Reel/IntermediateBuildFilesPath/Reel.build/Release-iphoneos/Reel.build/Objects-normal/arm64/Reel.swiftdoc /Users/runner/Library/Developer/Xcode/DerivedData/Reel-eksnidxqjeiwfnbzsppehnrbqtac/Build/Intermediates.noindex/ArchiveIntermediates/Reel/BuildProductsPath/Release-iphoneos/Reel.swiftmodule/arm64-apple-ios.swiftdoc

Copy /Users/runner/Library/Developer/Xcode/DerivedData/Reel-eksnidxqjeiwfnbzsppehnrbqtac/Build/Intermediates.noindex/ArchiveIntermediates/Reel/BuildProductsPath/Release-iphoneos/Reel.swiftmodule/arm64-apple-ios.swiftmodule /Users/runner/Library/Developer/Xcode/DerivedData/Reel-eksnidxqjeiwfnbzsppehnrbqtac/Build/Intermediates.noindex/ArchiveIntermediates/Reel/IntermediateBuildFilesPath/Reel.build/Release-iphoneos/Reel.build/Objects-normal/arm64/Reel.swiftmodule (in target 'Reel' from project 'Reel')
    cd /Users/runner/work/reel/reel
    builtin-copy -exclude .DS_Store -exclude CVS -exclude .svn -exclude .git -exclude .hg -resolve-src-symlinks -rename /Users/runner/Library/Developer/Xcode/DerivedData/Reel-eksnidxqjeiwfnbzsppehnrbqtac/Build/Intermediates.noindex/ArchiveIntermediates/Reel/IntermediateBuildFilesPath/Reel.build/Release-iphoneos/Reel.build/Objects-normal/arm64/Reel.swiftmodule /Users/runner/Library/Developer/Xcode/DerivedData/Reel-eksnidxqjeiwfnbzsppehnrbqtac/Build/Intermediates.noindex/ArchiveIntermediates/Reel/BuildProductsPath/Release-iphoneos/Reel.swiftmodule/arm64-apple-ios.swiftmodule

Copy /Users/runner/Library/Developer/Xcode/DerivedData/Reel-eksnidxqjeiwfnbzsppehnrbqtac/Build/Intermediates.noindex/ArchiveIntermediates/Reel/BuildProductsPath/Release-iphoneos/Reel.swiftmodule/arm64-apple-ios.abi.json /Users/runner/Library/Developer/Xcode/DerivedData/Reel-eksnidxqjeiwfnbzsppehnrbqtac/Build/Intermediates.noindex/ArchiveIntermediates/Reel/IntermediateBuildFilesPath/Reel.build/Release-iphoneos/Reel.build/Objects-normal/arm64/Reel.abi.json (in target 'Reel' from project 'Reel')
    cd /Users/runner/work/reel/reel
    builtin-copy -exclude .DS_Store -exclude CVS -exclude .svn -exclude .git -exclude .hg -resolve-src-symlinks -rename /Users/runner/Library/Developer/Xcode/DerivedData/Reel-eksnidxqjeiwfnbzsppehnrbqtac/Build/Intermediates.noindex/ArchiveIntermediates/Reel/IntermediateBuildFilesPath/Reel.build/Release-iphoneos/Reel.build/Objects-normal/arm64/Reel.abi.json /Users/runner/Library/Developer/Xcode/DerivedData/Reel-eksnidxqjeiwfnbzsppehnrbqtac/Build/Intermediates.noindex/ArchiveIntermediates/Reel/BuildProductsPath/Release-iphoneos/Reel.swiftmodule/arm64-apple-ios.abi.json

Ld /Users/runner/Library/Developer/Xcode/DerivedData/Reel-eksnidxqjeiwfnbzsppehnrbqtac/Build/Intermediates.noindex/ArchiveIntermediates/Reel/InstallationBuildProductsLocation/Applications/Reel.app/Reel normal (in target 'Reel' from project 'Reel')
    cd /Users/runner/work/reel/reel
    /Applications/Xcode_26.6.app/Contents/Developer/Toolchains/XcodeDefault.xctoolchain/usr/bin/clang -Xlinker -reproducible -target arm64-apple-ios17.0 -isysroot /Applications/Xcode_26.6.app/Contents/Developer/Platforms/iPhoneOS.platform/Developer/SDKs/iPhoneOS26.5.sdk -Os -L/Users/runner/Library/Developer/Xcode/DerivedData/Reel-eksnidxqjeiwfnbzsppehnrbqtac/Build/Intermediates.noindex/ArchiveIntermediates/Reel/IntermediateBuildFilesPath/EagerLinkingTBDs/Release-iphoneos -L/Users/runner/Library/Developer/Xcode/DerivedData/Reel-eksnidxqjeiwfnbzsppehnrbqtac/Build/Intermediates.noindex/ArchiveIntermediates/Reel/BuildProductsPath/Release-iphoneos -F/Users/runner/Library/Developer/Xcode/DerivedData/Reel-eksnidxqjeiwfnbzsppehnrbqtac/Build/Intermediates.noindex/ArchiveIntermediates/Reel/IntermediateBuildFilesPath/EagerLinkingTBDs/Release-iphoneos -F/Users/runner/Library/Developer/Xcode/DerivedData/Reel-eksnidxqjeiwfnbzsppehnrbqtac/Build/Intermediates.noindex/ArchiveIntermediates/Reel/BuildProductsPath/Release-iphoneos/PackageFrameworks -F/Users/runner/Library/Developer/Xcode/DerivedData/Reel-eksnidxqjeiwfnbzsppehnrbqtac/Build/Intermediates.noindex/ArchiveIntermediates/Reel/BuildProductsPath/Release-iphoneos/PackageFrameworks -F/Users/runner/Library/Developer/Xcode/DerivedData/Reel-eksnidxqjeiwfnbzsppehnrbqtac/Build/Intermediates.noindex/ArchiveIntermediates/Reel/BuildProductsPath/Release-iphoneos/PackageFrameworks -F/Users/runner/Library/Developer/Xcode/DerivedData/Reel-eksnidxqjeiwfnbzsppehnrbqtac/Build/Intermediates.noindex/ArchiveIntermediates/Reel/BuildProductsPath/Release-iphoneos/PackageFrameworks -F/Users/runner/Library/Developer/Xcode/DerivedData/Reel-eksnidxqjeiwfnbzsppehnrbqtac/Build/Intermediates.noindex/ArchiveIntermediates/Reel/BuildProductsPath/Release-iphoneos -filelist /Users/runner/Library/Developer/Xcode/DerivedData/Reel-eksnidxqjeiwfnbzsppehnrbqtac/Build/Intermediates.noindex/ArchiveIntermediates/Reel/IntermediateBuildFilesPath/Reel.build/Release-iphoneos/Reel.build/Objects-normal/arm64/Reel.LinkFileList -Xlinker -rpath -Xlinker /usr/lib/swift -Xlinker -rpath -Xlinker @executable_path/Frameworks -Xlinker -dead_strip -Xlinker -object_path_lto -Xlinker /Users/runner/Library/Developer/Xcode/DerivedData/Reel-eksnidxqjeiwfnbzsppehnrbqtac/Build/Intermediates.noindex/ArchiveIntermediates/Reel/IntermediateBuildFilesPath/Reel.build/Release-iphoneos/Reel.build/Objects-normal/arm64/Reel_lto.o -Xlinker -final_output -Xlinker /Applications/Reel.app/Reel -Xlinker -dependency_info -Xlinker /Users/runner/Library/Developer/Xcode/DerivedData/Reel-eksnidxqjeiwfnbzsppehnrbqtac/Build/Intermediates.noindex/ArchiveIntermediates/Reel/IntermediateBuildFilesPath/Reel.build/Release-iphoneos/Reel.build/Objects-normal/arm64/Reel_dependency_info.dat -fobjc-link-runtime -L/Applications/Xcode_26.6.app/Contents/Developer/Toolchains/XcodeDefault.xctoolchain/usr/lib/swift/iphoneos -L/usr/lib/swift -Xlinker -add_ast_path -Xlinker /Users/runner/Library/Developer/Xcode/DerivedData/Reel-eksnidxqjeiwfnbzsppehnrbqtac/Build/Intermediates.noindex/ArchiveIntermediates/Reel/IntermediateBuildFilesPath/Reel.build/Release-iphoneos/Reel.build/Objects-normal/arm64/Reel.swiftmodule @/Users/runner/Library/Developer/Xcode/DerivedData/Reel-eksnidxqjeiwfnbzsppehnrbqtac/Build/Intermediates.noindex/ArchiveIntermediates/Reel/IntermediateBuildFilesPath/Reel.build/Release-iphoneos/Reel.build/Objects-normal/arm64/Reel-linker-args.resp -Wl,-no_warn_duplicate_libraries -Wl,-no_warn_duplicate_libraries -Wl,-no_warn_duplicate_libraries -Wl,-no_warn_duplicate_libraries -liconv -lc++ -lxml2 -lz -lbz2 -framework QuartzCore -framework CoreText -framework AVFoundation -framework Security -framework CFNetwork -framework AudioToolbox -framework OpenGLES -framework CoreGraphics -framework VideoToolbox -framework CoreMedia /Users/runner/Library/Developer/Xcode/DerivedData/Reel-eksnidxqjeiwfnbzsppehnrbqtac/Build/Intermediates.noindex/ArchiveIntermediates/Reel/IntermediateBuildFilesPath/UninstalledProducts/iphoneos/AMSMB2.framework/AMSMB2 -framework MobileVLCKit -o /Users/runner/Library/Developer/Xcode/DerivedData/Reel-eksnidxqjeiwfnbzsppehnrbqtac/Build/Intermediates.noindex/ArchiveIntermediates/Reel/InstallationBuildProductsLocation/Applications/Reel.app/Reel -Xlinker -add_ast_path -Xlinker /Users/runner/Library/Developer/Xcode/DerivedData/Reel-eksnidxqjeiwfnbzsppehnrbqtac/Build/Intermediates.noindex/ArchiveIntermediates/Reel/IntermediateBuildFilesPath/ReelCore.build/Release-iphoneos/ReelCore.build/Objects-normal/arm64/ReelCore.swiftmodule @/Users/runner/Library/Developer/Xcode/DerivedData/Reel-eksnidxqjeiwfnbzsppehnrbqtac/Build/Intermediates.noindex/ArchiveIntermediates/Reel/IntermediateBuildFilesPath/ReelCore.build/Release-iphoneos/ReelCore.build/Objects-normal/arm64/ReelCore-linker-args.resp -Xlinker -add_ast_path -Xlinker /Users/runner/Library/Developer/Xcode/DerivedData/Reel-eksnidxqjeiwfnbzsppehnrbqtac/Build/Intermediates.noindex/ArchiveIntermediates/Reel/IntermediateBuildFilesPath/vlckit-spm.build/Release-iphoneos/VLCKitSPM.build/Objects-normal/arm64/VLCKitSPM.swiftmodule @/Users/runner/Library/Developer/Xcode/DerivedData/Reel-eksnidxqjeiwfnbzsppehnrbqtac/Build/Intermediates.noindex/ArchiveIntermediates/Reel/IntermediateBuildFilesPath/vlckit-spm.build/Release-iphoneos/VLCKitSPM.build/Objects-normal/arm64/VLCKitSPM-linker-args.resp

CopySwiftLibs /Users/runner/Library/Developer/Xcode/DerivedData/Reel-eksnidxqjeiwfnbzsppehnrbqtac/Build/Intermediates.noindex/ArchiveIntermediates/Reel/InstallationBuildProductsLocation/Applications/Reel.app (in target 'Reel' from project 'Reel')
    cd /Users/runner/work/reel/reel
    builtin-swiftStdLibTool --copy --verbose --scan-executable /Users/runner/Library/Developer/Xcode/DerivedData/Reel-eksnidxqjeiwfnbzsppehnrbqtac/Build/Intermediates.noindex/ArchiveIntermediates/Reel/InstallationBuildProductsLocation/Applications/Reel.app/Reel --scan-folder /Users/runner/Library/Developer/Xcode/DerivedData/Reel-eksnidxqjeiwfnbzsppehnrbqtac/Build/Intermediates.noindex/ArchiveIntermediates/Reel/InstallationBuildProductsLocation/Applications/Reel.app/Frameworks --scan-folder /Users/runner/Library/Developer/Xcode/DerivedData/Reel-eksnidxqjeiwfnbzsppehnrbqtac/Build/Intermediates.noindex/ArchiveIntermediates/Reel/InstallationBuildProductsLocation/Applications/Reel.app/PlugIns --scan-folder /Users/runner/Library/Developer/Xcode/DerivedData/Reel-eksnidxqjeiwfnbzsppehnrbqtac/Build/Intermediates.noindex/ArchiveIntermediates/Reel/InstallationBuildProductsLocation/Applications/Reel.app/SystemExtensions --scan-folder /Users/runner/Library/Developer/Xcode/DerivedData/Reel-eksnidxqjeiwfnbzsppehnrbqtac/Build/Intermediates.noindex/ArchiveIntermediates/Reel/InstallationBuildProductsLocation/Applications/Reel.app/Extensions --platform iphoneos --toolchain /var/run/com.apple.security.cryptexd/mnt/com.apple.MobileAsset.MetalToolchain-v17.6.109.0.d2W7IB/Metal.xctoolchain --toolchain /Applications/Xcode_26.6.app/Contents/Developer/Toolchains/XcodeDefault.xctoolchain --destination /Users/runner/Library/Developer/Xcode/DerivedData/Reel-eksnidxqjeiwfnbzsppehnrbqtac/Build/Intermediates.noindex/ArchiveIntermediates/Reel/InstallationBuildProductsLocation/Applications/Reel.app/Frameworks --unsigned-destination /Users/runner/Library/Developer/Xcode/DerivedData/Reel-eksnidxqjeiwfnbzsppehnrbqtac/Build/Intermediates.noindex/ArchiveIntermediates/Reel/BuildProductsPath/SwiftSupport --strip-bitcode --strip-bitcode-tool /Applications/Xcode_26.6.app/Contents/Developer/Toolchains/XcodeDefault.xctoolchain/usr/bin/bitcode_strip --emit-dependency-info /Users/runner/Library/Developer/Xcode/DerivedData/Reel-eksnidxqjeiwfnbzsppehnrbqtac/Build/Intermediates.noindex/ArchiveIntermediates/Reel/IntermediateBuildFilesPath/Reel.build/Release-iphoneos/Reel.build/SwiftStdLibToolInputDependencies.dep --filter-for-swift-os --back-deploy-swift-span
Ignoring --strip-bitcode because --sign was not passed

ExtractAppIntentsMetadata (in target 'Reel' from project 'Reel')
    cd /Users/runner/work/reel/reel
    /Applications/Xcode_26.6.app/Contents/Developer/Toolchains/XcodeDefault.xctoolchain/usr/bin/appintentsmetadataprocessor --toolchain-dir /var/run/com.apple.security.cryptexd/mnt/com.apple.MobileAsset.MetalToolchain-v17.6.109.0.d2W7IB/Metal.xctoolchain --module-name Reel --sdk-root /Applications/Xcode_26.6.app/Contents/Developer/Platforms/iPhoneOS.platform/Developer/SDKs/iPhoneOS26.5.sdk --xcode-version 17F113 --platform-family iOS --deployment-target 17.0 --bundle-identifier me.eamonmurphy.reel --output /Users/runner/Library/Developer/Xcode/DerivedData/Reel-eksnidxqjeiwfnbzsppehnrbqtac/Build/Intermediates.noindex/ArchiveIntermediates/Reel/InstallationBuildProductsLocation/Applications/Reel.app --target-triple arm64-apple-ios17.0 --binary-file /Users/runner/Library/Developer/Xcode/DerivedData/Reel-eksnidxqjeiwfnbzsppehnrbqtac/Build/Intermediates.noindex/ArchiveIntermediates/Reel/InstallationBuildProductsLocation/Applications/Reel.app/Reel --dependency-file /Users/runner/Library/Developer/Xcode/DerivedData/Reel-eksnidxqjeiwfnbzsppehnrbqtac/Build/Intermediates.noindex/ArchiveIntermediates/Reel/IntermediateBuildFilesPath/Reel.build/Release-iphoneos/Reel.build/Objects-normal/arm64/Reel_dependency_info.dat --stringsdata-file /Users/runner/Library/Developer/Xcode/DerivedData/Reel-eksnidxqjeiwfnbzsppehnrbqtac/Build/Intermediates.noindex/ArchiveIntermediates/Reel/IntermediateBuildFilesPath/Reel.build/Release-iphoneos/Reel.build/Objects-normal/arm64/ExtractedAppShortcutsMetadata.stringsdata --source-file-list /Users/runner/Library/Developer/Xcode/DerivedData/Reel-eksnidxqjeiwfnbzsppehnrbqtac/Build/Intermediates.noindex/ArchiveIntermediates/Reel/IntermediateBuildFilesPath/Reel.build/Release-iphoneos/Reel.build/Objects-normal/arm64/Reel.SwiftFileList --metadata-file-list /Users/runner/Library/Developer/Xcode/DerivedData/Reel-eksnidxqjeiwfnbzsppehnrbqtac/Build/Intermediates.noindex/ArchiveIntermediates/Reel/IntermediateBuildFilesPath/Reel.build/Release-iphoneos/Reel.build/Reel.DependencyMetadataFileList --static-metadata-file-list /Users/runner/Library/Developer/Xcode/DerivedData/Reel-eksnidxqjeiwfnbzsppehnrbqtac/Build/Intermediates.noindex/ArchiveIntermediates/Reel/IntermediateBuildFilesPath/Reel.build/Release-iphoneos/Reel.build/Reel.DependencyStaticMetadataFileList --swift-const-vals-list /Users/runner/Library/Developer/Xcode/DerivedData/Reel-eksnidxqjeiwfnbzsppehnrbqtac/Build/Intermediates.noindex/ArchiveIntermediates/Reel/IntermediateBuildFilesPath/Reel.build/Release-iphoneos/Reel.build/Objects-normal/arm64/Reel.SwiftConstValuesFileList --compile-time-extraction --deployment-aware-processing --validate-assistant-intents --no-app-shortcuts-localization
2026-10-05 17:21:27.429 appintentsmetadataprocessor[8278:27891] Starting appintentsmetadataprocessor export
2026-10-05 17:21:27.444 appintentsmetadataprocessor[8278:27891] warning: Metadata extraction skipped. No AppIntents.framework dependency found.

GenerateDSYMFile /Users/runner/Library/Developer/Xcode/DerivedData/Reel-eksnidxqjeiwfnbzsppehnrbqtac/Build/Intermediates.noindex/ArchiveIntermediates/Reel/BuildProductsPath/Release-iphoneos/Reel.app.dSYM /Users/runner/Library/Developer/Xcode/DerivedData/Reel-eksnidxqjeiwfnbzsppehnrbqtac/Build/Intermediates.noindex/ArchiveIntermediates/Reel/InstallationBuildProductsLocation/Applications/Reel.app/Reel (in target 'Reel' from project 'Reel')
    cd /Users/runner/work/reel/reel
    /Applications/Xcode_26.6.app/Contents/Developer/Toolchains/XcodeDefault.xctoolchain/usr/bin/dsymutil /Users/runner/Library/Developer/Xcode/DerivedData/Reel-eksnidxqjeiwfnbzsppehnrbqtac/Build/Intermediates.noindex/ArchiveIntermediates/Reel/InstallationBuildProductsLocation/Applications/Reel.app/Reel -o /Users/runner/Library/Developer/Xcode/DerivedData/Reel-eksnidxqjeiwfnbzsppehnrbqtac/Build/Intermediates.noindex/ArchiveIntermediates/Reel/BuildProductsPath/Release-iphoneos/Reel.app.dSYM

AppIntentsSSUTraining (in target 'Reel' from project 'Reel')
    cd /Users/runner/work/reel/reel
    /Applications/Xcode_26.6.app/Contents/Developer/Toolchains/XcodeDefault.xctoolchain/usr/bin/appintentsnltrainingprocessor --infoplist-path /Users/runner/Library/Developer/Xcode/DerivedData/Reel-eksnidxqjeiwfnbzsppehnrbqtac/Build/Intermediates.noindex/ArchiveIntermediates/Reel/InstallationBuildProductsLocation/Applications/Reel.app/Info.plist --temp-dir-path /Users/runner/Library/Developer/Xcode/DerivedData/Reel-eksnidxqjeiwfnbzsppehnrbqtac/Build/Intermediates.noindex/ArchiveIntermediates/Reel/IntermediateBuildFilesPath/Reel.build/Release-iphoneos/Reel.build/ssu --bundle-id me.eamonmurphy.reel --product-path /Users/runner/Library/Developer/Xcode/DerivedData/Reel-eksnidxqjeiwfnbzsppehnrbqtac/Build/Intermediates.noindex/ArchiveIntermediates/Reel/InstallationBuildProductsLocation/Applications/Reel.app --extracted-metadata-path /Users/runner/Library/Developer/Xcode/DerivedData/Reel-eksnidxqjeiwfnbzsppehnrbqtac/Build/Intermediates.noindex/ArchiveIntermediates/Reel/InstallationBuildProductsLocation/Applications/Reel.app/Metadata.appintents --deployment-postprocessing --metadata-file-list /Users/runner/Library/Developer/Xcode/DerivedData/Reel-eksnidxqjeiwfnbzsppehnrbqtac/Build/Intermediates.noindex/ArchiveIntermediates/Reel/IntermediateBuildFilesPath/Reel.build/Release-iphoneos/Reel.build/Reel.DependencyMetadataFileList --source-file /Users/runner/Library/Developer/Xcode/DerivedData/Reel-eksnidxqjeiwfnbzsppehnrbqtac/Build/Intermediates.noindex/ArchiveIntermediates/Reel/InstallationBuildProductsLocation/Applications/Reel.app/Info.plist --archive-ssu-assets
2026-10-05 17:21:27.518 appintentsnltrainingprocessor[8284:27901] Parsing options for appintentsnltrainingprocessor
2026-10-05 17:21:27.520 appintentsnltrainingprocessor[8284:27901] Starting AppIntents SSU YAML Generation
2026-10-05 17:21:27.526 appintentsnltrainingprocessor[8284:27901] No AppShortcuts found - Skipping.

Strip /Users/runner/Library/Developer/Xcode/DerivedData/Reel-eksnidxqjeiwfnbzsppehnrbqtac/Build/Intermediates.noindex/ArchiveIntermediates/Reel/InstallationBuildProductsLocation/Applications/Reel.app/Reel (in target 'Reel' from project 'Reel')
    cd /Users/runner/work/reel/reel
    /Applications/Xcode_26.6.app/Contents/Developer/Toolchains/XcodeDefault.xctoolchain/usr/bin/strip -D /Users/runner/Library/Developer/Xcode/DerivedData/Reel-eksnidxqjeiwfnbzsppehnrbqtac/Build/Intermediates.noindex/ArchiveIntermediates/Reel/InstallationBuildProductsLocation/Applications/Reel.app/Reel

SetOwnerAndGroup runner:staff /Users/runner/Library/Developer/Xcode/DerivedData/Reel-eksnidxqjeiwfnbzsppehnrbqtac/Build/Intermediates.noindex/ArchiveIntermediates/Reel/InstallationBuildProductsLocation/Applications/Reel.app (in target 'Reel' from project 'Reel')
    cd /Users/runner/work/reel/reel
    /usr/sbin/chown -RH runner:staff /Users/runner/Library/Developer/Xcode/DerivedData/Reel-eksnidxqjeiwfnbzsppehnrbqtac/Build/Intermediates.noindex/ArchiveIntermediates/Reel/InstallationBuildProductsLocation/Applications/Reel.app

SetMode u+w,go-w,a+rX /Users/runner/Library/Developer/Xcode/DerivedData/Reel-eksnidxqjeiwfnbzsppehnrbqtac/Build/Intermediates.noindex/ArchiveIntermediates/Reel/InstallationBuildProductsLocation/Applications/Reel.app (in target 'Reel' from project 'Reel')
    cd /Users/runner/work/reel/reel
    /bin/chmod -RH u+w,go-w,a+rX /Users/runner/Library/Developer/Xcode/DerivedData/Reel-eksnidxqjeiwfnbzsppehnrbqtac/Build/Intermediates.noindex/ArchiveIntermediates/Reel/InstallationBuildProductsLocation/Applications/Reel.app

RegisterExecutionPolicyException /Users/runner/Library/Developer/Xcode/DerivedData/Reel-eksnidxqjeiwfnbzsppehnrbqtac/Build/Intermediates.noindex/ArchiveIntermediates/Reel/InstallationBuildProductsLocation/Applications/Reel.app (in target 'Reel' from project 'Reel')
    cd /Users/runner/work/reel/reel
    builtin-RegisterExecutionPolicyException /Users/runner/Library/Developer/Xcode/DerivedData/Reel-eksnidxqjeiwfnbzsppehnrbqtac/Build/Intermediates.noindex/ArchiveIntermediates/Reel/InstallationBuildProductsLocation/Applications/Reel.app

Validate /Users/runner/Library/Developer/Xcode/DerivedData/Reel-eksnidxqjeiwfnbzsppehnrbqtac/Build/Intermediates.noindex/ArchiveIntermediates/Reel/InstallationBuildProductsLocation/Applications/Reel.app (in target 'Reel' from project 'Reel')
    cd /Users/runner/work/reel/reel
    builtin-validationUtility /Users/runner/Library/Developer/Xcode/DerivedData/Reel-eksnidxqjeiwfnbzsppehnrbqtac/Build/Intermediates.noindex/ArchiveIntermediates/Reel/InstallationBuildProductsLocation/Applications/Reel.app -shallow-bundle -infoplist-subpath Info.plist

Touch /Users/runner/Library/Developer/Xcode/DerivedData/Reel-eksnidxqjeiwfnbzsppehnrbqtac/Build/Intermediates.noindex/ArchiveIntermediates/Reel/InstallationBuildProductsLocation/Applications/Reel.app (in target 'Reel' from project 'Reel')
    cd /Users/runner/work/reel/reel
    /usr/bin/touch -c /Users/runner/Library/Developer/Xcode/DerivedData/Reel-eksnidxqjeiwfnbzsppehnrbqtac/Build/Intermediates.noindex/ArchiveIntermediates/Reel/InstallationBuildProductsLocation/Applications/Reel.app

** ARCHIVE SUCCEEDED **

Built /Users/runner/work/reel/reel/build/Reel.ipa ( 46M)
